#
# A fatal error has been detected by the Java Runtime Environment:
#
#  SIGSEGV (0xb) at pc=0x0000000000000000, pid=38401, tid=38511
#
# JRE version: OpenJDK Runtime Environment JBR-21.0.8+9-1097.42-jcef (21.0.8+9) (build 21.0.8+9-b1097.42)
# Java VM: OpenJDK 64-Bit Server VM JBR-21.0.8+9-1097.42-jcef (21.0.8+9-b1097.42, mixed mode, sharing, tiered, compressed oops, compressed class ptrs, g1 gc, linux-amd64)
# Problematic frame:
# C  [libpdfium.so+0x2eb15e]  CPDF_SyntaxParser::GetNextChar(unsigned char&)+0x8e
#
# Core dump will be written. Default location: Core dumps may be processed with "/usr/share/apport/apport -p%p -s%s -c%c -d%d -P%P -u%u -g%g -F%F -- %E" (or dumping to /home/elie-gambache/IdeaProjects/pdf/composeApp/core.38401)
#
# If you would like to submit a bug report, please visit:
#   https://youtrack.jetbrains.com/issues/JBR
# The crash happened outside the Java Virtual Machine in native code.
# See problematic frame for where to report the bug.
#

---------------  S U M M A R Y ------------

Command Line: -Dcompose.application.configure.swing.globals=true -Dcompose.application.resources.dir=/home/elie-gambache/IdeaProjects/pdf/composeApp/build/compose/tmp/prepareAppResources -Dfile.encoding=UTF-8 -Duser.country=FR -Duser.language=fr -Duser.variant -Dawt.toolkit.name=XToolkit dev.nucleusframework.pdf.MainKt

Host: Intel(R) Core(TM) i5-14600, 20 cores, 45G, Ubuntu 25.10
Time: Sun Apr 19 18:57:59 2026 IDT elapsed time: 3.843506 seconds (0d 0h 0m 3s)

---------------  T H R E A D  ---------------

Current thread (0x0000775dcc000fc0):  JavaThread "DefaultDispatcher-worker-4" daemon [_thread_in_native, id=38511, stack(0x0000775e51b2f000,0x0000775e51c2f000) (1024K)]

Stack: [0x0000775e51b2f000,0x0000775e51c2f000],  sp=0x0000775e51c2cd80,  free space=1015k
Native frames: (J=compiled Java code, j=interpreted, Vv=VM code, C=native code)
C  [libpdfium.so+0x2eb15e]  CPDF_SyntaxParser::GetNextChar(unsigned char&)+0x8e
C  [libpdfium.so+0x2eb529]  CPDF_SyntaxParser::ToNextWord()+0x39
C  [libpdfium.so+0x2eb33d]  CPDF_SyntaxParser::GetNextWordInternal()+0x1d
C  [libpdfium.so+0x2ebbd6]  CPDF_SyntaxParser::GetNextWord()+0x46
C  [libpdfium.so+0x2ecf34]  CPDF_SyntaxParser::GetIndirectObject(CPDF_IndirectObjectHolder*, CPDF_SyntaxParser::ParseType)+0x54
C  [libpdfium.so+0x2e2dae]  CPDF_Parser::ParseIndirectObjectAt(long, unsigned int)+0x2e
C  [libpdfium.so+0x2e358c]  CPDF_Parser::ParseIndirectObject(unsigned int)+0xfc
C  [libpdfium.so+0x2dc47a]  CPDF_IndirectObjectHolder::GetOrParseIndirectObjectInternal(unsigned int)+0x5a
C  [libpdfium.so+0x2d2cb9]  CPDF_Dictionary::GetDirectObjectFor(fxcrt::StringViewTemplate<char>) const+0xa9
C  [libpdfium.so+0x46eaa5]  CPDF_Type3Font::LoadChar(unsigned int)+0xa5
C  [libpdfium.so+0x46ed49]  CPDF_Type3Font::GetCharBBox(unsigned int)+0x9
C  [libpdfium.so+0x2c5b2f]  CPDF_TextObject::CalcPositionDataInternal(fxcrt::RetainPtr<CPDF_Font> const&)+0xef
C  [libpdfium.so+0x2c65be]  CPDF_TextObject::CalcPositionData(float)+0x2e
C  [libpdfium.so+0x2c25ed]  CPDF_StreamContentParser::AddTextObject(pdfium::span<fxcrt::ByteString const, 18446744073709551615ul, fxcrt::ByteString const*>, pdfium::span<float const, 18446744073709551615ul, float const*>, float)+0x22d
C  [libpdfium.so+0x2bc2bd]  CPDF_StreamContentParser::Handle_ShowText()+0x9d
C  [libpdfium.so+0x2c2b72]  CPDF_StreamContentParser::Parse(pdfium::span<unsigned char const, 18446744073709551615ul, unsigned char const*>, unsigned int, unsigned int, std::__Cr::vector<unsigned int, std::__Cr::allocator<unsigned int> > const&)+0x392
C  [libpdfium.so+0x29a478]  CPDF_ContentParser::Parse()+0x188
C  [libpdfium.so+0x299dc8]  CPDF_ContentParser::Continue(PauseIndicatorIface*)+0x58
C  [libpdfium.so+0x2b2498]  CPDF_PageObjectHolder::ContinueParse(PauseIndicatorIface*)+0x28
C  [libpdfium.so+0x39cd0c]  FPDF_LoadPage+0xac
C  [libpdfiumjni.so+0x2a10]  Java_dev_nucleusframework_pdfium_jvm_PdfiumBridge_nLoadPage+0x10
j  dev.nucleusframework.pdfium.PdfDocument$pageSize$2.invokeSuspend(Ljava/lang/Object;)Ljava/lang/Object;+43
J 2925 c1 kotlin.coroutines.jvm.internal.BaseContinuationImpl.resumeWith(Ljava/lang/Object;)V (124 bytes) @ 0x0000775eb8f1243c [0x0000775eb8f12020+0x000000000000041c]
J 2948 c1 kotlinx.coroutines.DispatchedTask.run()V (387 bytes) @ 0x0000775eb8f1d30c [0x0000775eb8f1bd20+0x00000000000015ec]
j  kotlinx.coroutines.internal.LimitedDispatcher$Worker.run()V+9
j  kotlinx.coroutines.scheduling.TaskImpl.run()V+4
j  kotlinx.coroutines.scheduling.CoroutineScheduler.runSafely(Lkotlinx/coroutines/scheduling/Task;)V+2
j  kotlinx.coroutines.scheduling.CoroutineScheduler$Worker.executeTask(Lkotlinx/coroutines/scheduling/Task;)V+84
j  kotlinx.coroutines.scheduling.CoroutineScheduler$Worker.runWorker()V+44
j  kotlinx.coroutines.scheduling.CoroutineScheduler$Worker.run()V+1
v  ~StubRoutines::call_stub 0x0000775ebfe5fcc6
V  [libjvm.so+0x91a1d5]  JavaCalls::call_helper(JavaValue*, methodHandle const&, JavaCallArguments*, JavaThread*)+0x2e5
V  [libjvm.so+0x91bb1b]  JavaCalls::call_virtual(JavaValue*, Handle, Klass*, Symbol*, Symbol*, JavaThread*)+0x1cb
V  [libjvm.so+0x9eb97a]  thread_entry(JavaThread*, JavaThread*)+0x8a
V  [libjvm.so+0x930a0f]  JavaThread::thread_main_inner() [clone .part.0]+0xaf
V  [libjvm.so+0xf85f48]  Thread::call_run()+0xa8
V  [libjvm.so+0xd116aa]  thread_native_entry(Thread*)+0xda
C  [libc.so.6+0xa3d64]
Java frames: (J=compiled Java code, j=interpreted, Vv=VM code)
j  dev.nucleusframework.pdfium.jvm.PdfiumBridge.nLoadPage(JI)J+0
j  dev.nucleusframework.pdfium.PdfDocument$pageSize$2.invokeSuspend(Ljava/lang/Object;)Ljava/lang/Object;+43
J 2925 c1 kotlin.coroutines.jvm.internal.BaseContinuationImpl.resumeWith(Ljava/lang/Object;)V (124 bytes) @ 0x0000775eb8f1243c [0x0000775eb8f12020+0x000000000000041c]
J 2948 c1 kotlinx.coroutines.DispatchedTask.run()V (387 bytes) @ 0x0000775eb8f1d30c [0x0000775eb8f1bd20+0x00000000000015ec]
j  kotlinx.coroutines.internal.LimitedDispatcher$Worker.run()V+9
j  kotlinx.coroutines.scheduling.TaskImpl.run()V+4
j  kotlinx.coroutines.scheduling.CoroutineScheduler.runSafely(Lkotlinx/coroutines/scheduling/Task;)V+2
j  kotlinx.coroutines.scheduling.CoroutineScheduler$Worker.executeTask(Lkotlinx/coroutines/scheduling/Task;)V+84
j  kotlinx.coroutines.scheduling.CoroutineScheduler$Worker.runWorker()V+44
j  kotlinx.coroutines.scheduling.CoroutineScheduler$Worker.run()V+1
v  ~StubRoutines::call_stub 0x0000775ebfe5fcc6

siginfo: si_signo: 11 (SIGSEGV), si_code: 1 (SEGV_MAPERR), si_addr: 0x0000000000000000

Registers:
RAX=0x0000775e102de528, RBX=0x0000775dd404e9e0, RCX=0x0000000000007c61, RDX=0x0000000000000200
RSP=0x0000775e51c2cd78, RBP=0x0000775e51c2cda0, RSI=0x0000775dd404eb50, RDI=0x0000775dd404e990
R8 =0x0000000000000000, R9 =0x0000775e10000090, R10=0x0000000000000040, R11=0x0000775e10000030
R12=0x0000775dd404e7b0, R13=0x0000000000000001, R14=0x0000775e51c2cdb7, R15=0x0000000000007c61
RIP=0x0000000000000000, EFLAGS=0x0000000000010206, CSGSFS=0x002b000000000033, ERR=0x0000000000000014
  TRAPNO=0x000000000000000e

XMM[0]=0xaaaaaaaaaaaaaaaa 0xaaaaaaaaaaaaaaaa
XMM[1]=0xffffffffffffffff 0xffffffffff000000
XMM[2]=0xffffffffffffffff 0xffffffffffffffff
XMM[3]=0x0000000000000000 0x43f095c24306b761
XMM[4]=0x43f08f3b43065738 0x43f08f3b4301bceb
XMM[5]=0x43f3a37c43065738 0x43f08f3b4301bceb
XMM[6]=0x43f3a37c4301bceb 0x43f08f3b4301bceb
XMM[7]=0x0000000000000000 0x43f095c24301822a
XMM[8]=0x00002dec00003855 0x00004e3d00005915
XMM[9]=0x0000000000000779 0x000000000000079a
XMM[10]=0x0000000000000000 0x00000000df6b3146
XMM[11]=0x556e58b7556e58b7 0x556e58b7450ce2e3
XMM[12]=0x0000000000000000 0x00000000ef9e8a2c
XMM[13]=0x0000000000000000 0x3ff4cccccccccccd
XMM[14]=0x0000000000000000 0x0000775e50a49a2c
XMM[15]=0x0000000000000000 0x0000000000000000
  MXCSR=0x00001fa2


Register to memory mapping:

RAX=0x0000775e102de528 points into unknown readable memory: 0x0000775d73607868 | 68 78 60 73 5d 77 00 00
RBX=0x0000775dd404e9e0 points into unknown readable memory: 0x0000775dd404e990 | 90 e9 04 d4 5d 77 00 00
RCX=0x0000000000007c61 is an unknown value
RDX=0x0000000000000200 is an unknown value
RSP=0x0000775e51c2cd78 is pointing into the stack for thread: 0x0000775dcc000fc0
RBP=0x0000775e51c2cda0 is pointing into the stack for thread: 0x0000775dcc000fc0
RSI=0x0000775dd404eb50 points into unknown readable memory: 0x6165727473203e3e | 3e 3e 20 73 74 72 65 61
RDI=0x0000775dd404e990 points into unknown readable memory: 0x0000775e102de528 | 28 e5 2d 10 5e 77 00 00
R8 =0x0 is null
R9 =0x0000775e10000090 points into unknown readable memory: 0x0000775e10e7b780 | 80 b7 e7 10 5e 77 00 00
R10=0x0000000000000040 is an unknown value
R11=0x0000775e10000030 points into unknown readable memory: 0x0000000200000000 | 00 00 00 00 02 00 00 00
R12=0x0000775dd404e7b0 points into unknown readable memory: 0x0000775d73608d50 | 50 8d 60 73 5d 77 00 00
R13=0x0000000000000001 is an unknown value
R14=0x0000775e51c2cdb7 is pointing into the stack for thread: 0x0000775dcc000fc0
R15=0x0000000000007c61 is an unknown value

Top of Stack: (sp=0x0000775e51c2cd78)
0x0000775e51c2cd78:   0000775d732eb15e 0000000000000000
0x0000775e51c2cd88:   0000775dd404e9e0 0000000000007c61
0x0000775e51c2cd98:   0000775dd404e9e0 0000775e51c2cdd0
0x0000775e51c2cda8:   0000775d732eb529 aa00000000000000
0x0000775e51c2cdb8:   0000775dd404e9e0 0000000000007c61
0x0000775e51c2cdc8:   0000775dd404e9e0 0000775e51c2ce10
0x0000775e51c2cdd8:   0000775d732eb33d 0000000000000000
0x0000775e51c2cde8:   0000775dd404e9e0 0000775dd404e7b0
0x0000775e51c2cdf8:   0000000000000001 0000000000007c61
0x0000775e51c2ce08:   0000775dd404e9e0 0000775e51c2ce60
0x0000775e51c2ce18:   0000775d732ebbd6 0000775dd404e990
0x0000775e51c2ce28:   aaaaaaaaaaaa0000 0000000000000000
0x0000775e51c2ce38:   0000775e102dc130 0000775e102dc130
0x0000775e51c2ce48:   0000775dd404e8d0 0000000000007c61
0x0000775e51c2ce58:   0000775dd404e9e0 0000775e51c2ced0
0x0000775e51c2ce68:   0000775d732ecf34 0000775dd404e990
0x0000775e51c2ce78:   aaaaaaaaaaaa0000 0000775e102408d0
0x0000775e51c2ce88:   0000000000000030 0000775e10000030
0x0000775e51c2ce98:   0000775dd40e3850 0000775e51c2cf58
0x0000775e51c2cea8:   0000775dd404e8d0 0000000000006823
0x0000775e51c2ceb8:   0000775dd404e7c0 000000000000007b
0x0000775e51c2cec8:   0000775dd404e8d0 0000775e51c2cf00
0x0000775e51c2ced8:   0000775d732e2dae 0000775dd404e8d0
0x0000775e51c2cee8:   0000775dd4052108 0000775e102dbd70
0x0000775e51c2cef8:   0000775dd404e930 0000775e51c2cf40
0x0000775e51c2cf08:   0000775d732e358c 000000000000007c
0x0000775e51c2cf18:   0000007bd40dac60 0000775dd40dac60
0x0000775e51c2cf28:   0000775e102e2030 000000000000007b
0x0000775e51c2cf38:   0000775dd404e7b0 0000775e51c2cf90
0x0000775e51c2cf48:   0000775d732dc47a 0000775e51c2cf80
0x0000775e51c2cf58:   0000775d0000007b 0000000000000000
0x0000775e51c2cf68:   0000775dd40dac60 0000775dd40d88b8 

Instructions: (pc=0x0000775d732eb15e)
0x0000775d732eb05e:   48 85 ff 74 28 48 8b 07 48 8b 48 e0 48 8b 44 0f
0x0000775d732eb06e:   08 48 85 c0 74 26 48 01 cf 48 ff c8 48 89 47 08
0x0000775d732eb07e:   0f 95 c0 48 85 ff 0f 94 c1 08 c1 74 05 5b 41 5e
0x0000775d732eb08e:   5d c3 48 8b 07 5b 41 5e 5d ff 60 08 cc 0f 0b cc
0x0000775d732eb09e:   cc cc 55 48 89 e5 41 56 53 48 8d 5f 18 4c 8b 77
0x0000775d732eb0ae:   18 48 89 77 18 48 89 d6 e8 15 00 00 00 48 85 db
0x0000775d732eb0be:   74 03 4c 89 33 5b 41 5e 5d c3 cc cc cc cc cc cc
0x0000775d732eb0ce:   cc cc 55 48 89 e5 41 57 41 56 53 50 4c 8b 7f 08
0x0000775d732eb0de:   48 8b 47 10 4c 03 7f 18 48 89 c1 4c 29 f9 0f 8e
0x0000775d732eb0ee:   a2 00 00 00 49 89 f6 48 89 fb 48 8b 7f 40 4c 39
0x0000775d732eb0fe:   ff 7f 14 48 8b 53 28 48 8b 73 30 4c 8d 04 37 49
0x0000775d732eb10e:   29 d0 4d 39 c7 7c 5c 8b 73 4c 4c 89 fa 48 c1 fa
0x0000775d732eb11e:   3f 48 89 f7 4c 01 ff 48 83 d2 00 49 89 f8 49 c1
0x0000775d732eb12e:   f8 3f 49 31 d0 48 0f 45 f1 48 39 f8 48 0f 4c f1
0x0000775d732eb13e:   48 8d 7b 28 e8 49 56 f9 ff 48 8b 3b 48 8b 73 28
0x0000775d732eb14e:   48 8b 53 30 48 29 f2 48 8b 07 4c 89 f9 ff 50 18
0x0000775d732eb15e:   84 c0 74 2a 4c 89 7b 40 48 8b 53 28 48 8b 73 30
0x0000775d732eb16e:   4c 89 ff 48 29 d6 49 29 ff 49 39 f7 73 25 42 0f
0x0000775d732eb17e:   b6 04 3a 41 88 06 48 ff 43 18 b0 01 eb 0a 48 8b
0x0000775d732eb18e:   43 28 48 89 43 30 31 c0 48 83 c4 08 5b 41 5e 41
0x0000775d732eb19e:   5f 5d c3 48 8d 3d 5b ca d4 ff 48 8d 35 61 e0 d4
0x0000775d732eb1ae:   ff 31 c0 e8 3a 9d 31 00 cc cc cc cc cc cc cc cc
0x0000775d732eb1be:   cc cc 55 48 89 e5 48 8b 47 10 48 2b 47 08 5d c3
0x0000775d732eb1ce:   cc cc 55 48 89 e5 41 57 41 56 41 54 53 49 89 f6
0x0000775d732eb1de:   4c 03 77 08 48 8b 47 10 49 39 c6 0f 8d de 00 00
0x0000775d732eb1ee:   00 48 89 d3 49 89 fc 4c 8b 7f 40 4d 39 f7 7f 33
0x0000775d732eb1fe:   49 8b 4c 24 28 49 8b 54 24 30 49 8d 34 17 48 29
0x0000775d732eb20e:   ce 49 39 f6 7d 1d 48 29 ca 4d 29 fe 49 39 d6 0f
0x0000775d732eb21e:   83 b5 00 00 00 42 0f b6 04 31 88 03 b0 01 e9 9e
0x0000775d732eb22e:   00 00 00 49 81 fe 00 02 00 00 41 bf ff 01 00 00
0x0000775d732eb23e:   4d 0f 4d fe 49 81 c7 01 fe ff ff 48 89 c1 4c 29
0x0000775d732eb24e:   f9 7e 7c 41 8b 74 24 4c 48 89 f2 4c 01 fa 40 0f 


Stack slot to memory mapping:

stack at sp + 0 slots: 0x0 is null
stack at sp + 1 slots: 0x0000775dd404e9e0 points into unknown readable memory: 0x0000775dd404e990 | 90 e9 04 d4 5d 77 00 00
stack at sp + 2 slots: 0x0000000000007c61 is an unknown value
stack at sp + 3 slots: 0x0000775dd404e9e0 points into unknown readable memory: 0x0000775dd404e990 | 90 e9 04 d4 5d 77 00 00
stack at sp + 4 slots: 0x0000775e51c2cdd0 is pointing into the stack for thread: 0x0000775dcc000fc0
stack at sp + 5 slots: 0x0000775d732eb529: <offset 0x00000000002eb529> in /home/elie-gambache/.cache/pdfium/native/linux-x86-64/libpdfium.so at 0x0000775d73000000
stack at sp + 6 slots: 0xaa00000000000000 is an unknown value
stack at sp + 7 slots: 0x0000775dd404e9e0 points into unknown readable memory: 0x0000775dd404e990 | 90 e9 04 d4 5d 77 00 00


Compiled method (c1) 3846 2925   !   3       kotlin.coroutines.jvm.internal.BaseContinuationImpl::resumeWith (124 bytes)
 total in heap  [0x0000775eb8f11c10,0x0000775eb8f14778] = 11112
 relocation     [0x0000775eb8f11d68,0x0000775eb8f12020] = 696
 main code      [0x0000775eb8f12020,0x0000775eb8f13c50] = 7216
 stub code      [0x0000775eb8f13c50,0x0000775eb8f13d00] = 176
 oops           [0x0000775eb8f13d00,0x0000775eb8f13d20] = 32
 metadata       [0x0000775eb8f13d20,0x0000775eb8f13d88] = 104
 scopes data    [0x0000775eb8f13d88,0x0000775eb8f14278] = 1264
 scopes pcs     [0x0000775eb8f14278,0x0000775eb8f146e8] = 1136
 dependencies   [0x0000775eb8f146e8,0x0000775eb8f14708] = 32
 handler table  [0x0000775eb8f14708,0x0000775eb8f14720] = 24
 nul chk table  [0x0000775eb8f14720,0x0000775eb8f14778] = 88

[Constant Pool (empty)]

[MachCode]
[Entry Point]
  # {method} {0x0000775e484f3a38} 'resumeWith' '(Ljava/lang/Object;)V' in 'kotlin/coroutines/jvm/internal/BaseContinuationImpl'
  # this:     rsi:rsi   = 'kotlin/coroutines/jvm/internal/BaseContinuationImpl'
  # parm0:    rdx:rdx   = 'java/lang/Object'
  #           [sp+0x120]  (sp of caller)
  0x0000775eb8f12020: 448b 5608 | 49bb 0000 | 0052 5e77 | 0000 4d03 | d34c 3bd0 

  0x0000775eb8f12034: ;   {runtime_call ic_miss_stub}
  0x0000775eb8f12034: 0f85 46b0 | f906 660f | 1f44 0000 
[Verified Entry Point]
  0x0000775eb8f12040: 8984 2400 | c0fe ff55 | 4881 ec10 | 0100 0090 | 4181 7f20 | 0300 0000 

  0x0000775eb8f12058: ;   {runtime_call StubRoutines (final stubs)}
  0x0000775eb8f12058: 7405 e841 

  0x0000775eb8f1205c: ;   {metadata(method data for {method} {0x0000775e484f3a38} 'resumeWith' '(Ljava/lang/Object;)V' in 'kotlin/coroutines/jvm/internal/BaseContinuationImpl')}
  0x0000775eb8f1205c: 14f8 0648 | bf58 8686 | 495e 7700 | 008b 9ff4 | 0000 0083 | c302 899f | f400 0000 | 81e3 fe07 
  0x0000775eb8f1207c: 0000 85db | 0f84 f116 | 0000 6690 | 4885 f675 

  0x0000775eb8f1208c: ;   {metadata(method data for {method} {0x0000775e484f3a38} 'resumeWith' '(Ljava/lang/Object;)V' in 'kotlin/coroutines/jvm/internal/BaseContinuationImpl')}
  0x0000775eb8f1208c: 1648 b858 | 8686 495e | 7700 0080 | 8831 0100 | 0001 e9e7 

  0x0000775eb8f120a0: ;   {metadata('kotlin/coroutines/Continuation')}
  0x0000775eb8f120a0: 0000 0048 | b930 2208 | 545e 7700 | 008b 4608 | 49ba 0000 | 0052 5e77 | 0000 4903 | c248 3b48 
  0x0000775eb8f120c0: 200f 841a | 0000 0048 | 3bc1 0f84 | 1100 0000 

  0x0000775eb8f120d0: ;   {runtime_call slow_subtype_check Runtime1 stub}
  0x0000775eb8f120d0: 5051 e8a9 | 1306 0758 | 5885 c00f | 848d 0000 

  0x0000775eb8f120e0: ;   {metadata(method data for {method} {0x0000775e484f3a38} 'resumeWith' '(Ljava/lang/Object;)V' in 'kotlin/coroutines/jvm/internal/BaseContinuationImpl')}
  0x0000775eb8f120e0: 0048 b858 | 8686 495e | 7700 008b | 4e08 49ba | 0000 0052 | 5e77 0000 | 4903 ca48 | 3b88 4801 
  0x0000775eb8f12100: 0000 750d | 4883 8050 | 0100 0001 | e979 0000 | 0048 3b88 | 5801 0000 | 750d 4883 | 8060 0100 
  0x0000775eb8f12120: 0001 e963 | 0000 0048 | 83b8 4801 | 0000 0075 | 1748 8988 | 4801 0000 | 48c7 8050 | 0100 0001 
  0x0000775eb8f12140: 0000 00e9 | 4200 0000 | 4883 b858 | 0100 0000 | 7517 4889 | 8858 0100 | 0048 c780 | 6001 0000 
  0x0000775eb8f12160: 0100 0000 | e921 0000 | 00e9 1c00 

  0x0000775eb8f1216c: ;   {metadata(method data for {method} {0x0000775e484f3a38} 'resumeWith' '(Ljava/lang/Object;)V' in 'kotlin/coroutines/jvm/internal/BaseContinuationImpl')}
  0x0000775eb8f1216c: 0000 48b8 | 5886 8649 | 5e77 0000 | 4883 a838 | 0100 0001 | e913 1600 | 00e9 0000 | 0000 488b 
  0x0000775eb8f1218c: ;   {metadata(method data for {method} {0x0000775e484f3a38} 'resumeWith' '(Ljava/lang/Object;)V' in 'kotlin/coroutines/jvm/internal/BaseContinuationImpl')}
  0x0000775eb8f1218c: fe48 bb58 | 8686 495e | 7700 0048 | 8383 7001 

  0x0000775eb8f1219c: ;   {metadata(method data for {method} {0x0000775e4861d648} 'probeCoroutineResumed' '(Lkotlin/coroutines/Continuation;)V' in 'kotlin/coroutines/jvm/internal/DebugProbesKt')}
  0x0000775eb8f1219c: 0000 0148 | bb40 7286 | 495e 7700 | 008b 83f4 | 0000 0083 | c002 8983 | f400 0000 | 25fe ff1f 
  0x0000775eb8f121bc: 0085 c00f | 84dc 1500 

  0x0000775eb8f121c4: ;   {metadata(method data for {method} {0x0000775e4861d648} 'probeCoroutineResumed' '(Lkotlin/coroutines/Continuation;)V' in 'kotlin/coroutines/jvm/internal/DebugProbesKt')}
  0x0000775eb8f121c4: 0048 bb40 | 7286 495e | 7700 0048 | 8383 3801 

  0x0000775eb8f121d4: ;   {metadata(method data for {method} {0x0000775e4841bd20} 'checkNotNullParameter' '(Ljava/lang/Object;Ljava/lang/String;)V' in 'kotlin/jvm/internal/Intrinsics')}
  0x0000775eb8f121d4: 0000 0148 | bbb8 836e | 485e 7700 | 008b 83f4 | 0000 0083 | c002 8983 | f400 0000 | 25fe ff1f 
  0x0000775eb8f121f4: 0085 c00f | 84c5 1500 | 0048 85ff 

  0x0000775eb8f12200: ;   {metadata(method data for {method} {0x0000775e4841bd20} 'checkNotNullParameter' '(Ljava/lang/Object;Ljava/lang/String;)V' in 'kotlin/jvm/internal/Intrinsics')}
  0x0000775eb8f12200: 48bf b883 | 6e48 5e77 | 0000 48c7 | c348 0100 | 0074 0748 | c7c3 3801 | 0000 488b | 041f 488d 
  0x0000775eb8f12220: 4001 4889 | 041f 0f84 | a00d 0000 | 4885 f675 

  0x0000775eb8f12230: ;   {metadata(method data for {method} {0x0000775e484f3a38} 'resumeWith' '(Ljava/lang/Object;)V' in 'kotlin/coroutines/jvm/internal/BaseContinuationImpl')}
  0x0000775eb8f12230: 1648 bb58 | 8686 495e | 7700 0080 | 8b79 0100 | 0001 e9cd 

  0x0000775eb8f12244: ;   {metadata('kotlin/coroutines/jvm/internal/BaseContinuationImpl')}
  0x0000775eb8f12244: 0000 0048 | b890 2608 | 545e 7700 | 008b 5e08 | 49ba 0000 | 0052 5e77 | 0000 4903 | da48 3b43 
  0x0000775eb8f12264: 380f 858d 

  0x0000775eb8f12268: ;   {metadata(method data for {method} {0x0000775e484f3a38} 'resumeWith' '(Ljava/lang/Object;)V' in 'kotlin/coroutines/jvm/internal/BaseContinuationImpl')}
  0x0000775eb8f12268: 0000 0048 | bb58 8686 | 495e 7700 | 008b 4608 | 49ba 0000 | 0052 5e77 | 0000 4903 | c248 3b83 
  0x0000775eb8f12288: 9001 0000 | 750d 4883 | 8398 0100 | 0001 e979 | 0000 0048 | 3b83 a001 | 0000 750d | 4883 83a8 
  0x0000775eb8f122a8: 0100 0001 | e963 0000 | 0048 83bb | 9001 0000 | 0075 1748 | 8983 9001 | 0000 48c7 | 8398 0100 
  0x0000775eb8f122c8: 0001 0000 | 00e9 4200 | 0000 4883 | bba0 0100 | 0000 7517 | 4889 83a0 | 0100 0048 | c783 a801 
  0x0000775eb8f122e8: 0000 0100 | 0000 e921 | 0000 00e9 | 1c00 0000 

  0x0000775eb8f122f8: ;   {metadata(method data for {method} {0x0000775e484f3a38} 'resumeWith' '(Ljava/lang/Object;)V' in 'kotlin/coroutines/jvm/internal/BaseContinuationImpl')}
  0x0000775eb8f122f8: 48bb 5886 | 8649 5e77 | 0000 4883 | ab80 0100 | 0001 e9d4 | 1400 00e9 | 0000 0000 | 488b fe8b 
  0x0000775eb8f12318: 5f0c 48c1 | e303 4889 | 9c24 b000 

  0x0000775eb8f12324: ;   {metadata(method data for {method} {0x0000775e484f3a38} 'resumeWith' '(Ljava/lang/Object;)V' in 'kotlin/coroutines/jvm/internal/BaseContinuationImpl')}
  0x0000775eb8f12324: 0000 48be | 5886 8649 | 5e77 0000 | 4883 86b8 | 0100 0001 

  0x0000775eb8f12338: ;   {metadata(method data for {method} {0x0000775e4841aae0} 'checkNotNull' '(Ljava/lang/Object;)V' in 'kotlin/jvm/internal/Intrinsics')}
  0x0000775eb8f12338: 48be c8d5 | 4749 5e77 | 0000 8b86 | f400 0000 | 83c0 0289 | 86f4 0000 | 0025 feff | 1f00 85c0 
  0x0000775eb8f12358: 0f84 9314 | 0000 4885 

  0x0000775eb8f12360: ;   {metadata(method data for {method} {0x0000775e4841aae0} 'checkNotNull' '(Ljava/lang/Object;)V' in 'kotlin/jvm/internal/Intrinsics')}
  0x0000775eb8f12360: db48 bec8 | d547 495e | 7700 0048 | c7c0 4801 | 0000 7407 | 48c7 c038 | 0100 0048 | 8b0c 0648 
  0x0000775eb8f12380: 8d49 0148 | 890c 060f | 8457 0a00 | 0048 8bf7 

  0x0000775eb8f12390: ;   {metadata(method data for {method} {0x0000775e484f3a38} 'resumeWith' '(Ljava/lang/Object;)V' in 'kotlin/coroutines/jvm/internal/BaseContinuationImpl')}
  0x0000775eb8f12390: 48b8 5886 | 8649 5e77 | 0000 8b76 | 0849 ba00 | 0000 525e | 7700 0049 | 03f2 483b | b0d8 0100 
  0x0000775eb8f123b0: 0075 0d48 | 8380 e001 | 0000 01e9 | 6000 0000 | 483b b0e8 | 0100 0075 | 0d48 8380 | f001 0000 
  0x0000775eb8f123d0: 01e9 4a00 | 0000 4883 | b8d8 0100 | 0000 7517 | 4889 b0d8 | 0100 0048 | c780 e001 | 0000 0100 
  0x0000775eb8f123f0: 0000 e929 | 0000 0048 | 83b8 e801 | 0000 0075 | 1748 89b0 | e801 0000 | 48c7 80f0 | 0100 0001 
  0x0000775eb8f12410: 0000 00e9 | 0800 0000 | 4883 80c8 | 0100 0001 | 488b f748 | 89bc 24a8 | 0000 0066 | 9048 b8ff 
  0x0000775eb8f12430: ffff ffff 

  0x0000775eb8f12434: ;   {virtual_call}
  0x0000775eb8f12434: ffff ffe8 

  0x0000775eb8f12438: ; ImmutableOopMap {[168]=Oop [176]=Oop }
                      ;*invokevirtual invokeSuspend {reexecute=0 rethrow=0 return_oop=0}
                      ; - kotlin.coroutines.jvm.internal.BaseContinuationImpl::resumeWith@40 (line 34)
  0x0000775eb8f12438: bce9 1007 

  0x0000775eb8f1243c: ;   {other}
  0x0000775eb8f1243c: 0f1f 8400 | 2c08 0000 

  0x0000775eb8f12444: ;   {metadata(method data for {method} {0x0000775e484f3a38} 'resumeWith' '(Ljava/lang/Object;)V' in 'kotlin/coroutines/jvm/internal/BaseContinuationImpl')}
  0x0000775eb8f12444: 48ba 5886 | 8649 5e77 | 0000 4883 | 8200 0200 

  0x0000775eb8f12454: ;   {metadata(method data for {method} {0x0000775e4861b568} 'getCOROUTINE_SUSPENDED' '()Ljava/lang/Object;' in 'kotlin/coroutines/intrinsics/IntrinsicsKt__IntrinsicsKt')}
  0x0000775eb8f12454: 0001 48ba | 5034 8149 | 5e77 0000 | 8bb2 f400 | 0000 83c6 | 0289 b2f4 | 0000 0081 | e6fe ff1f 
  0x0000775eb8f12474: 0085 f60f | 8495 1300 

  0x0000775eb8f1247c: ;   {oop(a 'kotlin/coroutines/intrinsics/CoroutineSingletons'{0x0000000527912440})}
  0x0000775eb8f1247c: 0049 ba40 | 2491 2705 | 0000 0049 

  0x0000775eb8f12488: ;   {metadata(method data for {method} {0x0000775e484f3a38} 'resumeWith' '(Ljava/lang/Object;)V' in 'kotlin/coroutines/jvm/internal/BaseContinuationImpl')}
  0x0000775eb8f12488: 3bc2 48ba | 5886 8649 | 5e77 0000 | 48c7 c620 | 0200 0074 | 0748 c7c6 | 1002 0000 | 488b 3c32 
  0x0000775eb8f124a8: 488d 7f01 | 4889 3c32 | 0f84 140e 

  0x0000775eb8f124b4: ;   {metadata(method data for {method} {0x0000775e484f3a38} 'resumeWith' '(Ljava/lang/Object;)V' in 'kotlin/coroutines/jvm/internal/BaseContinuationImpl')}
  0x0000775eb8f124b4: 0000 48ba | 5886 8649 | 5e77 0000 | 4883 8230 | 0200 0001 

  0x0000775eb8f124c8: ;   {metadata(method data for {method} {0x0000775e48629cd0} 'constructor-impl' '(Ljava/lang/Object;)Ljava/lang/Object;' in 'kotlin/Result')}
  0x0000775eb8f124c8: 48ba c8c5 | 8549 5e77 | 0000 8bb2 | f400 0000 | 83c6 0289 | b2f4 0000 | 0081 e6fe | ff1f 0085 
  0x0000775eb8f124e8: f60f 8444 

  0x0000775eb8f124ec: ;   {metadata(method data for {method} {0x0000775e484f3a38} 'resumeWith' '(Ljava/lang/Object;)V' in 'kotlin/coroutines/jvm/internal/BaseContinuationImpl')}
  0x0000775eb8f124ec: 1300 0048 | ba58 8686 | 495e 7700 | 00ff 8240 | 0200 00e9 | 5002 0000 | 498b 87f8 | 0400 004d 
  0x0000775eb8f1250c: 33d2 4d89 | 97f8 0400 | 004d 33d2 | 4d89 9700 

  0x0000775eb8f1251c: ;   {metadata(method data for {method} {0x0000775e484f3a38} 'resumeWith' '(Ljava/lang/Object;)V' in 'kotlin/coroutines/jvm/internal/BaseContinuationImpl')}
  0x0000775eb8f1251c: 0500 0048 | ba58 8686 | 495e 7700 | 0048 8382 | 5802 0000 

  0x0000775eb8f12530: ;   {metadata(method data for {method} {0x0000775e486484b0} 'createFailure' '(Ljava/lang/Throwable;)Ljava/lang/Object;' in 'kotlin/ResultKt')}
  0x0000775eb8f12530: 0148 ba10 | 8a86 495e | 7700 008b | b2f4 0000 | 0083 c602 | 89b2 f400 | 0000 81e6 | feff 1f00 
  0x0000775eb8f12550: 85f6 0f84 | fc12 0000 

  0x0000775eb8f12558: ;   {metadata(method data for {method} {0x0000775e486484b0} 'createFailure' '(Ljava/lang/Throwable;)Ljava/lang/Object;' in 'kotlin/ResultKt')}
  0x0000775eb8f12558: 48ba 108a | 8649 5e77 | 0000 4883 | 8238 0100 

  0x0000775eb8f12568: ;   {metadata(method data for {method} {0x0000775e4841bd20} 'checkNotNullParameter' '(Ljava/lang/Object;Ljava/lang/String;)V' in 'kotlin/jvm/internal/Intrinsics')}
  0x0000775eb8f12568: 0001 48ba | b883 6e48 | 5e77 0000 | 8bb2 f400 | 0000 83c6 | 0289 b2f4 | 0000 0081 | e6fe ff1f 
  0x0000775eb8f12588: 0085 f60f | 84e4 1200 | 0048 85c0 

  0x0000775eb8f12594: ;   {metadata(method data for {method} {0x0000775e4841bd20} 'checkNotNullParameter' '(Ljava/lang/Object;Ljava/lang/String;)V' in 'kotlin/jvm/internal/Intrinsics')}
  0x0000775eb8f12594: 48ba b883 | 6e48 5e77 | 0000 48c7 | c648 0100 | 0074 0748 | c7c6 3801 | 0000 488b | 3c32 488d 
  0x0000775eb8f125b4: 7f01 4889 | 3c32 0f84 | 0406 0000 

  0x0000775eb8f125c0: ;   {metadata('kotlin/Result$Failure')}
  0x0000775eb8f125c0: 48ba 68d8 | 0854 5e77 | 0000 488b | d849 8b87 | b801 0000 | 488d 7810 | 493b bfc8 | 0100 000f 
  0x0000775eb8f125e0: 87b1 1200 | 0049 89bf | b801 0000 | 48c7 0001 | 0000 0048 | 8bca 49ba | 0000 0052 | 5e77 0000 
  0x0000775eb8f12600: 492b ca89 | 4808 4833 | c989 480c | 4833 c948 

  0x0000775eb8f12610: ;   {metadata(method data for {method} {0x0000775e486484b0} 'createFailure' '(Ljava/lang/Throwable;)Ljava/lang/Object;' in 'kotlin/ResultKt')}
  0x0000775eb8f12610: 8bf0 48bf | 108a 8649 | 5e77 0000 | 4883 8748 | 0100 0001 

  0x0000775eb8f12624: ;   {metadata(method data for {method} {0x0000775e4862bd80} '<init>' '(Ljava/lang/Throwable;)V' in 'kotlin/Result$Failure')}
  0x0000775eb8f12624: 48be 308d | 8649 5e77 | 0000 8bbe | f400 0000 | 83c7 0289 | bef4 0000 | 0081 e7fe | ff1f 0085 
  0x0000775eb8f12644: ff0f 8458 

  0x0000775eb8f12648: ;   {metadata(method data for {method} {0x0000775e4862bd80} '<init>' '(Ljava/lang/Throwable;)V' in 'kotlin/Result$Failure')}
  0x0000775eb8f12648: 1200 0048 | be30 8d86 | 495e 7700 | 0048 8386 | 3801 0000 

  0x0000775eb8f1265c: ;   {metadata(method data for {method} {0x0000775e4841bd20} 'checkNotNullParameter' '(Ljava/lang/Object;Ljava/lang/String;)V' in 'kotlin/jvm/internal/Intrinsics')}
  0x0000775eb8f1265c: 0148 beb8 | 836e 485e | 7700 008b | bef4 0000 | 0083 c702 | 89be f400 | 0000 81e7 | feff 1f00 
  0x0000775eb8f1267c: 85ff 0f84 | 4012 0000 

  0x0000775eb8f12684: ;   {metadata(method data for {method} {0x0000775e4841bd20} 'checkNotNullParameter' '(Ljava/lang/Object;Ljava/lang/String;)V' in 'kotlin/jvm/internal/Intrinsics')}
  0x0000775eb8f12684: 4885 db48 | beb8 836e | 485e 7700 | 0048 c7c7 | 4801 0000 | 7407 48c7 | c738 0100 | 0048 8b14 
  0x0000775eb8f126a4: 3e48 8d52 | 0148 8914 | 3e0f 84ec | 0200 0048 

  0x0000775eb8f126b4: ;   {metadata(method data for {method} {0x0000775e4862bd80} '<init>' '(Ljava/lang/Throwable;)V' in 'kotlin/Result$Failure')}
  0x0000775eb8f126b4: 8bf0 48bf | 308d 8649 | 5e77 0000 | 4883 8748 | 0100 0001 

  0x0000775eb8f126c8: ;   {metadata(method data for {method} {0x0000775e52b55e08} '<init>' '()V' in 'java/lang/Object')}
  0x0000775eb8f126c8: 48be 408a | 0048 5e77 | 0000 8bbe | f400 0000 | 83c7 0289 | bef4 0000 | 0081 e7fe | ff1f 0085 
  0x0000775eb8f126e8: ff0f 84f6 | 1100 0041 | 0fbe 7740 | 85f6 0f85 | 0a12 0000 | 4c8b d349 | c1ea 0344 | 8950 0c48 
  0x0000775eb8f12708: 8bf0 4833 | f348 c1ee | 1748 83fe | 000f 850a 

  0x0000775eb8f12718: ;   {metadata(method data for {method} {0x0000775e484f3a38} 'resumeWith' '(Ljava/lang/Object;)V' in 'kotlin/coroutines/jvm/internal/BaseContinuationImpl')}
  0x0000775eb8f12718: 1200 0048 | be58 8686 | 495e 7700 | 0048 8386 | 6802 0000 

  0x0000775eb8f1272c: ;   {metadata(method data for {method} {0x0000775e48629cd0} 'constructor-impl' '(Ljava/lang/Object;)Ljava/lang/Object;' in 'kotlin/Result')}
  0x0000775eb8f1272c: 0148 bec8 | c585 495e | 7700 008b | bef4 0000 | 0083 c702 | 89be f400 | 0000 81e7 | feff 1f00 
  0x0000775eb8f1274c: 85ff 0f84 | e911 0000 | 4889 8424 | b800 0000 | 488b bc24 | a800 0000 

  0x0000775eb8f12764: ;   {metadata(method data for {method} {0x0000775e484f3a38} 'resumeWith' '(Ljava/lang/Object;)V' in 'kotlin/coroutines/jvm/internal/BaseContinuationImpl')}
  0x0000775eb8f12764: 48be 5886 | 8649 5e77 | 0000 8b7f | 0849 ba00 | 0000 525e | 7700 0049 | 03fa 483b | be88 0200 
  0x0000775eb8f12784: 0075 0d48 | 8386 9002 | 0000 01e9 | 6000 0000 | 483b be98 | 0200 0075 | 0d48 8386 | a002 0000 
  0x0000775eb8f127a4: 01e9 4a00 | 0000 4883 | be88 0200 | 0000 7517 | 4889 be88 | 0200 0048 | c786 9002 | 0000 0100 
  0x0000775eb8f127c4: 0000 e929 | 0000 0048 | 83be 9802 | 0000 0075 | 1748 89be | 9802 0000 | 48c7 86a0 | 0200 0001 
  0x0000775eb8f127e4: 0000 00e9 | 0800 0000 | 4883 8678 | 0200 0001 | 488b b424 | a800 0000 | 9048 b8ff | ffff ffff 
  0x0000775eb8f12804: ;   {virtual_call}
  0x0000775eb8f12804: ffff ffe8 

  0x0000775eb8f12808: ; ImmutableOopMap {[176]=Oop [184]=Oop }
                      ;*invokevirtual releaseIntercepted {reexecute=0 rethrow=0 return_oop=0}
                      ; - kotlin.coroutines.jvm.internal.BaseContinuationImpl::resumeWith@90 (line 40)
  0x0000775eb8f12808: 14e4 1007 

  0x0000775eb8f1280c: ;   {other}
  0x0000775eb8f1280c: 0f1f 8400 | fc0b 0001 | 488b 9c24 | b000 0000 | 4885 db75 

  0x0000775eb8f12820: ;   {metadata(method data for {method} {0x0000775e484f3a38} 'resumeWith' '(Ljava/lang/Object;)V' in 'kotlin/coroutines/jvm/internal/BaseContinuationImpl')}
  0x0000775eb8f12820: 1648 bf58 | 8686 495e | 7700 0080 | 8fa9 0200 | 0001 e9cd 

  0x0000775eb8f12834: ;   {metadata('kotlin/coroutines/jvm/internal/BaseContinuationImpl')}
  0x0000775eb8f12834: 0000 0048 | b890 2608 | 545e 7700 | 008b 7b08 | 49ba 0000 | 0052 5e77 | 0000 4903 | fa48 3b47 
  0x0000775eb8f12854: 380f 858d 

  0x0000775eb8f12858: ;   {metadata(method data for {method} {0x0000775e484f3a38} 'resumeWith' '(Ljava/lang/Object;)V' in 'kotlin/coroutines/jvm/internal/BaseContinuationImpl')}
  0x0000775eb8f12858: 0000 0048 | bf58 8686 | 495e 7700 | 008b 4308 | 49ba 0000 | 0052 5e77 | 0000 4903 | c248 3b87 
  0x0000775eb8f12878: c002 0000 | 750d 4883 | 87c8 0200 | 0001 e97e | 0000 0048 | 3b87 d002 | 0000 750d | 4883 87d8 
  0x0000775eb8f12898: 0200 0001 | e968 0000 | 0048 83bf | c002 0000 | 0075 1748 | 8987 c002 | 0000 48c7 | 87c8 0200 
  0x0000775eb8f128b8: 0001 0000 | 00e9 4700 | 0000 4883 | bfd0 0200 | 0000 7517 | 4889 87d0 | 0200 0048 | c787 d802 
  0x0000775eb8f128d8: 0000 0100 | 0000 e926 | 0000 00e9 | 2100 0000 

  0x0000775eb8f128e8: ;   {metadata(method data for {method} {0x0000775e484f3a38} 'resumeWith' '(Ljava/lang/Object;)V' in 'kotlin/coroutines/jvm/internal/BaseContinuationImpl')}
  0x0000775eb8f128e8: 48bf 5886 | 8649 5e77 | 0000 4883 | afb0 0200 | 0001 e905 | 0000 00e9 | 0500 0000 | 4833 d2eb 
  0x0000775eb8f12908: 0748 c7c2 | 0100 0000 

  0x0000775eb8f12910: ;   {metadata(method data for {method} {0x0000775e484f3a38} 'resumeWith' '(Ljava/lang/Object;)V' in 'kotlin/coroutines/jvm/internal/BaseContinuationImpl')}
  0x0000775eb8f12910: 85d2 48ba | 5886 8649 | 5e77 0000 | 48c7 c6e8 | 0200 0074 | 0748 c7c6 | f802 0000 | 488b 3c32 
  0x0000775eb8f12930: 488d 7f01 | 4889 3c32 | 0f84 b608 

  0x0000775eb8f1293c: ;   {metadata(method data for {method} {0x0000775e484f3a38} 'resumeWith' '(Ljava/lang/Object;)V' in 'kotlin/coroutines/jvm/internal/BaseContinuationImpl')}
  0x0000775eb8f1293c: 0000 48ba | 5886 8649 | 5e77 0000 | ff82 0803 

  0x0000775eb8f1294c: ;   {metadata(method data for {method} {0x0000775e484f3a38} 'resumeWith' '(Ljava/lang/Object;)V' in 'kotlin/coroutines/jvm/internal/BaseContinuationImpl')}
  0x0000775eb8f1294c: 0000 48ba | 5886 8649 | 5e77 0000 | 8bb2 f800 | 0000 83c6 | 0289 b2f8 | 0000 0081 | e6fe 3f00 
  0x0000775eb8f1296c: 0085 f60f | 84e9 0f00 | 004d 8b97 

  0x0000775eb8f12978: ; ImmutableOopMap {rbx=Oop [176]=Oop [184]=Oop }
                      ;*goto {reexecute=1 rethrow=0 return_oop=0}
                      ; - (reexecute) kotlin.coroutines.jvm.internal.BaseContinuationImpl::resumeWith@121 (line 30)
  0x0000775eb8f12978: 5004 0000 

  0x0000775eb8f1297c: ;   {poll}
  0x0000775eb8f1297c: 4185 0248 | ba58 8686 | 495e 7700 | 00ff 8258 | 0300 0048 | 8b94 24b8 | 0000 0048 | 8bf3 e9e9 
  0x0000775eb8f1299c: f6ff ff48 | 8984 24c8 | 0000 0048 | 899c 24d0 

  0x0000775eb8f129ac: ;   {metadata(method data for {method} {0x0000775e4841bd20} 'checkNotNullParameter' '(Ljava/lang/Object;Ljava/lang/String;)V' in 'kotlin/jvm/internal/Intrinsics')}
  0x0000775eb8f129ac: 0000 0048 | bab8 836e | 485e 7700 | 0048 8382 | 5801 0000 

  0x0000775eb8f129c0: ;   {metadata(method data for {method} {0x0000775e4841bed0} 'throwParameterIsNullNPE' '(Ljava/lang/String;)V' in 'kotlin/jvm/internal/Intrinsics')}
  0x0000775eb8f129c0: 0148 ba68 | 856e 485e | 7700 008b | b2f4 0000 | 0083 c602 | 89b2 f400 | 0000 81e6 | feff 1f00 
  0x0000775eb8f129e0: 85f6 0f84 | 970f 0000 

  0x0000775eb8f129e8: ;   {no_reloc}
  0x0000775eb8f129e8: e9c2 0f00 | 0000 0000 | 0000 498b | 87b8 0100 | 0048 8d78 | 3049 3bbf | c801 0000 | 0f87 af0f 
  0x0000775eb8f12a08: 0000 4989 | bfb8 0100 | 0048 c700 | 0100 0000 | 488b ca49 | ba00 0000 | 525e 7700 | 0049 2bca 
  0x0000775eb8f12a28: 8948 0848 | 33c9 8948 | 0c48 33c9 | 4889 4810 | 4889 4818 | 4889 4820 | 4889 4828 

  0x0000775eb8f12a44: ;   {metadata(method data for {method} {0x0000775e4841bed0} 'throwParameterIsNullNPE' '(Ljava/lang/String;)V' in 'kotlin/jvm/internal/Intrinsics')}
  0x0000775eb8f12a44: 48be 6885 | 6e48 5e77 | 0000 4883 | 8638 0100 

  0x0000775eb8f12a54: ;   {oop("exception"{0x00000007ff89d6c0})}
  0x0000775eb8f12a54: 0001 48be | c0d6 89ff | 0700 0000 | 4889 8424 | c000 0000 | 0f1f 8000 

  0x0000775eb8f12a6c: ;   {static_call}
  0x0000775eb8f12a6c: 0000 00e8 

  0x0000775eb8f12a70: ; ImmutableOopMap {[168]=Oop [176]=Oop [192]=Oop [200]=Oop [208]=Oop }
                      ;*invokestatic createParameterIsNullExceptionMessage {reexecute=0 rethrow=0 return_oop=0}
                      ; - kotlin.jvm.internal.Intrinsics::throwParameterIsNullNPE@5 (line 140)
                      ; - kotlin.jvm.internal.Intrinsics::checkNotNullParameter@5 (line 131)
                      ; - kotlin.Result$Failure::<init>@3
                      ; - kotlin.ResultKt::createFailure@11 (line 122)
                      ; - kotlin.coroutines.jvm.internal.BaseContinuationImpl::resumeWith@76 (line 38)
  0x0000775eb8f12a70: 0caf f906 

  0x0000775eb8f12a74: ;   {other}
  0x0000775eb8f12a74: 0f1f 8400 | 640e 0003 | 488b 9424 | c000 0000 

  0x0000775eb8f12a84: ;   {metadata(method data for {method} {0x0000775e4841bed0} 'throwParameterIsNullNPE' '(Ljava/lang/String;)V' in 'kotlin/jvm/internal/Intrinsics')}
  0x0000775eb8f12a84: 48be 6885 | 6e48 5e77 | 0000 4883 | 8648 0100 | 0001 488b | d048 8bb4 | 24c0 0000 | 0066 0f1f 
  0x0000775eb8f12aa4: ;   {optimized virtual_call}
  0x0000775eb8f12aa4: 4400 00e8 

  0x0000775eb8f12aa8: ; ImmutableOopMap {[168]=Oop [176]=Oop [192]=Oop [200]=Oop [208]=Oop }
                      ;*invokespecial <init> {reexecute=0 rethrow=0 return_oop=0}
                      ; - kotlin.jvm.internal.Intrinsics::throwParameterIsNullNPE@8 (line 140)
                      ; - kotlin.jvm.internal.Intrinsics::checkNotNullParameter@5 (line 131)
                      ; - kotlin.Result$Failure::<init>@3
                      ; - kotlin.ResultKt::createFailure@11 (line 122)
                      ; - kotlin.coroutines.jvm.internal.BaseContinuationImpl::resumeWith@76 (line 38)
  0x0000775eb8f12aa8: d4a8 f906 

  0x0000775eb8f12aac: ;   {other}
  0x0000775eb8f12aac: 0f1f 8400 | 9c0e 0004 

  0x0000775eb8f12ab4: ;   {metadata(method data for {method} {0x0000775e4841bed0} 'throwParameterIsNullNPE' '(Ljava/lang/String;)V' in 'kotlin/jvm/internal/Intrinsics')}
  0x0000775eb8f12ab4: 48be 6885 | 6e48 5e77 | 0000 4883 | 8658 0100 

  0x0000775eb8f12ac4: ;   {metadata(method data for {method} {0x0000775e4841d110} 'sanitizeStackTrace' '(Ljava/lang/Throwable;)Ljava/lang/Throwable;' in 'kotlin/jvm/internal/Intrinsics')}
  0x0000775eb8f12ac4: 0001 48be | 988c 6e48 | 5e77 0000 | 8bbe f400 | 0000 83c7 | 0289 bef4 | 0000 0081 | e7fe ff1f 
  0x0000775eb8f12ae4: 0085 ff0f | 84d9 0e00 

  0x0000775eb8f12aec: ;   {oop(a 'java/lang/Class'{0x000000052782ee18} = 'kotlin/jvm/internal/Intrinsics')}
  0x0000775eb8f12aec: 0048 be18 | ee82 2705 | 0000 0048 

  0x0000775eb8f12af8: ;   {metadata(method data for {method} {0x0000775e4841d110} 'sanitizeStackTrace' '(Ljava/lang/Throwable;)Ljava/lang/Throwable;' in 'kotlin/jvm/internal/Intrinsics')}
  0x0000775eb8f12af8: 8bfe 48bb | 988c 6e48 | 5e77 0000 | 4883 8338 | 0100 0001 

  0x0000775eb8f12b0c: ;   {metadata(method data for {method} {0x0000775e52b49be0} 'getName' '()Ljava/lang/String;' in 'java/lang/Class')}
  0x0000775eb8f12b0c: 48bf 982d | 0448 5e77 | 0000 8b9f | f400 0000 | 83c3 0289 | 9ff4 0000 | 0081 e3fe | ff1f 0085 
  0x0000775eb8f12b2c: db0f 84b4 | 0e00 008b | 762c 48c1 | e603 4885 

  0x0000775eb8f12b3c: ;   {metadata(method data for {method} {0x0000775e52b49be0} 'getName' '()Ljava/lang/String;' in 'java/lang/Class')}
  0x0000775eb8f12b3c: f648 bf98 | 2d04 485e | 7700 0048 | c7c3 3801 | 0000 7407 | 48c7 c348 | 0100 0048 | 8b04 1f48 
  0x0000775eb8f12b5c: 8d40 0148 | 8904 1f0f | 8418 0000 

  0x0000775eb8f12b68: ;   {metadata(method data for {method} {0x0000775e52b49be0} 'getName' '()Ljava/lang/String;' in 'java/lang/Class')}
  0x0000775eb8f12b68: 0048 bf98 | 2d04 485e | 7700 00ff | 8758 0100 | 0048 8bfe | e936 0000 

  0x0000775eb8f12b80: ;   {oop(a 'java/lang/Class'{0x000000052782ee18} = 'kotlin/jvm/internal/Intrinsics')}
  0x0000775eb8f12b80: 0048 be18 | ee82 2705 | 0000 0048 

  0x0000775eb8f12b8c: ;   {metadata(method data for {method} {0x0000775e52b49be0} 'getName' '()Ljava/lang/String;' in 'java/lang/Class')}
  0x0000775eb8f12b8c: 8bfe 48bb | 982d 0448 | 5e77 0000 | 4883 8370 | 0100 0001 | 0f1f 8000 

  0x0000775eb8f12ba4: ;   {optimized virtual_call}
  0x0000775eb8f12ba4: 0000 00e8 

  0x0000775eb8f12ba8: ; ImmutableOopMap {[168]=Oop [176]=Oop [192]=Oop [200]=Oop [208]=Oop }
                      ;*invokevirtual initClassName {reexecute=0 rethrow=0 return_oop=0}
                      ; - java.lang.Class::getName@14 (line 948)
                      ; - kotlin.jvm.internal.Intrinsics::sanitizeStackTrace@3 (line 253)
                      ; - kotlin.jvm.internal.Intrinsics::throwParameterIsNullNPE@11 (line 140)
                      ; - kotlin.jvm.internal.Intrinsics::checkNotNullParameter@5 (line 131)
                      ; - kotlin.Result$Failure::<init>@3
                      ; - kotlin.ResultKt::createFailure@11 (line 122)
                      ; - kotlin.coroutines.jvm.internal.BaseContinuationImpl::resumeWith@76 (line 38)
  0x0000775eb8f12ba8: d4a7 f906 

  0x0000775eb8f12bac: ;   {other}
  0x0000775eb8f12bac: 0f1f 8400 | 9c0f 0005 | 488b f848 | 8b84 24c0 | 0000 00e9 | 780a 0000 | 4889 8424 | d000 0000 
  0x0000775eb8f12bcc: ;   {metadata(method data for {method} {0x0000775e4841bd20} 'checkNotNullParameter' '(Ljava/lang/Object;Ljava/lang/String;)V' in 'kotlin/jvm/internal/Intrinsics')}
  0x0000775eb8f12bcc: 48ba b883 | 6e48 5e77 | 0000 4883 | 8258 0100 

  0x0000775eb8f12bdc: ;   {metadata(method data for {method} {0x0000775e4841bed0} 'throwParameterIsNullNPE' '(Ljava/lang/String;)V' in 'kotlin/jvm/internal/Intrinsics')}
  0x0000775eb8f12bdc: 0001 48ba | 6885 6e48 | 5e77 0000 | 8bb2 f400 | 0000 83c6 | 0289 b2f4 | 0000 0081 | e6fe ff1f 
  0x0000775eb8f12bfc: 0085 f60f | 8408 0e00 | 0066 6690 

  0x0000775eb8f12c08: ;   {no_reloc}
  0x0000775eb8f12c08: e930 0e00 | 0000 0000 | 0000 498b | 87b8 0100 | 0048 8d78 | 3049 3bbf | c801 0000 | 0f87 1d0e 
  0x0000775eb8f12c28: 0000 4989 | bfb8 0100 | 0048 c700 | 0100 0000 | 488b ca49 | ba00 0000 | 525e 7700 | 0049 2bca 
  0x0000775eb8f12c48: 8948 0848 | 33c9 8948 | 0c48 33c9 | 4889 4810 | 4889 4818 | 4889 4820 | 4889 4828 

  0x0000775eb8f12c64: ;   {metadata(method data for {method} {0x0000775e4841bed0} 'throwParameterIsNullNPE' '(Ljava/lang/String;)V' in 'kotlin/jvm/internal/Intrinsics')}
  0x0000775eb8f12c64: 48be 6885 | 6e48 5e77 | 0000 4883 | 8638 0100 

  0x0000775eb8f12c74: ;   {oop("exception"{0x00000007ff89d6c0})}
  0x0000775eb8f12c74: 0001 48be | c0d6 89ff | 0700 0000 | 4889 8424 | d800 0000 | 0f1f 8000 

  0x0000775eb8f12c8c: ;   {static_call}
  0x0000775eb8f12c8c: 0000 00e8 

  0x0000775eb8f12c90: ; ImmutableOopMap {[168]=Oop [176]=Oop [208]=Oop [216]=Oop }
                      ;*invokestatic createParameterIsNullExceptionMessage {reexecute=0 rethrow=0 return_oop=0}
                      ; - kotlin.jvm.internal.Intrinsics::throwParameterIsNullNPE@5 (line 140)
                      ; - kotlin.jvm.internal.Intrinsics::checkNotNullParameter@5 (line 131)
                      ; - kotlin.ResultKt::createFailure@3
                      ; - kotlin.coroutines.jvm.internal.BaseContinuationImpl::resumeWith@76 (line 38)
  0x0000775eb8f12c90: ecac f906 

  0x0000775eb8f12c94: ;   {other}
  0x0000775eb8f12c94: 0f1f 8400 | 8410 0006 | 488b 9424 | d800 0000 

  0x0000775eb8f12ca4: ;   {metadata(method data for {method} {0x0000775e4841bed0} 'throwParameterIsNullNPE' '(Ljava/lang/String;)V' in 'kotlin/jvm/internal/Intrinsics')}
  0x0000775eb8f12ca4: 48be 6885 | 6e48 5e77 | 0000 4883 | 8648 0100 | 0001 488b | d048 8bb4 | 24d8 0000 | 0066 0f1f 
  0x0000775eb8f12cc4: ;   {optimized virtual_call}
  0x0000775eb8f12cc4: 4400 00e8 

  0x0000775eb8f12cc8: ; ImmutableOopMap {[168]=Oop [176]=Oop [208]=Oop [216]=Oop }
                      ;*invokespecial <init> {reexecute=0 rethrow=0 return_oop=0}
                      ; - kotlin.jvm.internal.Intrinsics::throwParameterIsNullNPE@8 (line 140)
                      ; - kotlin.jvm.internal.Intrinsics::checkNotNullParameter@5 (line 131)
                      ; - kotlin.ResultKt::createFailure@3
                      ; - kotlin.coroutines.jvm.internal.BaseContinuationImpl::resumeWith@76 (line 38)
  0x0000775eb8f12cc8: b4a6 f906 

  0x0000775eb8f12ccc: ;   {other}
  0x0000775eb8f12ccc: 0f1f 8400 | bc10 0007 

  0x0000775eb8f12cd4: ;   {metadata(method data for {method} {0x0000775e4841bed0} 'throwParameterIsNullNPE' '(Ljava/lang/String;)V' in 'kotlin/jvm/internal/Intrinsics')}
  0x0000775eb8f12cd4: 48be 6885 | 6e48 5e77 | 0000 4883 | 8658 0100 

  0x0000775eb8f12ce4: ;   {metadata(method data for {method} {0x0000775e4841d110} 'sanitizeStackTrace' '(Ljava/lang/Throwable;)Ljava/lang/Throwable;' in 'kotlin/jvm/internal/Intrinsics')}
  0x0000775eb8f12ce4: 0001 48be | 988c 6e48 | 5e77 0000 | 8bbe f400 | 0000 83c7 | 0289 bef4 | 0000 0081 | e7fe ff1f 
  0x0000775eb8f12d04: 0085 ff0f | 8447 0d00 

  0x0000775eb8f12d0c: ;   {oop(a 'java/lang/Class'{0x000000052782ee18} = 'kotlin/jvm/internal/Intrinsics')}
  0x0000775eb8f12d0c: 0048 be18 | ee82 2705 | 0000 0048 

  0x0000775eb8f12d18: ;   {metadata(method data for {method} {0x0000775e4841d110} 'sanitizeStackTrace' '(Ljava/lang/Throwable;)Ljava/lang/Throwable;' in 'kotlin/jvm/internal/Intrinsics')}
  0x0000775eb8f12d18: 8bfe 48bb | 988c 6e48 | 5e77 0000 | 4883 8338 | 0100 0001 

  0x0000775eb8f12d2c: ;   {metadata(method data for {method} {0x0000775e52b49be0} 'getName' '()Ljava/lang/String;' in 'java/lang/Class')}
  0x0000775eb8f12d2c: 48bf 982d | 0448 5e77 | 0000 8b9f | f400 0000 | 83c3 0289 | 9ff4 0000 | 0081 e3fe | ff1f 0085 
  0x0000775eb8f12d4c: db0f 8422 | 0d00 008b | 762c 48c1 | e603 4885 

  0x0000775eb8f12d5c: ;   {metadata(method data for {method} {0x0000775e52b49be0} 'getName' '()Ljava/lang/String;' in 'java/lang/Class')}
  0x0000775eb8f12d5c: f648 bf98 | 2d04 485e | 7700 0048 | c7c3 3801 | 0000 7407 | 48c7 c348 | 0100 0048 | 8b04 1f48 
  0x0000775eb8f12d7c: 8d40 0148 | 8904 1f0f | 8418 0000 

  0x0000775eb8f12d88: ;   {metadata(method data for {method} {0x0000775e52b49be0} 'getName' '()Ljava/lang/String;' in 'java/lang/Class')}
  0x0000775eb8f12d88: 0048 bf98 | 2d04 485e | 7700 00ff | 8758 0100 | 0048 8bfe | e936 0000 

  0x0000775eb8f12da0: ;   {oop(a 'java/lang/Class'{0x000000052782ee18} = 'kotlin/jvm/internal/Intrinsics')}
  0x0000775eb8f12da0: 0048 be18 | ee82 2705 | 0000 0048 

  0x0000775eb8f12dac: ;   {metadata(method data for {method} {0x0000775e52b49be0} 'getName' '()Ljava/lang/String;' in 'java/lang/Class')}
  0x0000775eb8f12dac: 8bfe 48bb | 982d 0448 | 5e77 0000 | 4883 8370 | 0100 0001 | 0f1f 8000 

  0x0000775eb8f12dc4: ;   {optimized virtual_call}
  0x0000775eb8f12dc4: 0000 00e8 

  0x0000775eb8f12dc8: ; ImmutableOopMap {[168]=Oop [176]=Oop [208]=Oop [216]=Oop }
                      ;*invokevirtual initClassName {reexecute=0 rethrow=0 return_oop=0}
                      ; - java.lang.Class::getName@14 (line 948)
                      ; - kotlin.jvm.internal.Intrinsics::sanitizeStackTrace@3 (line 253)
                      ; - kotlin.jvm.internal.Intrinsics::throwParameterIsNullNPE@11 (line 140)
                      ; - kotlin.jvm.internal.Intrinsics::checkNotNullParameter@5 (line 131)
                      ; - kotlin.ResultKt::createFailure@3
                      ; - kotlin.coroutines.jvm.internal.BaseContinuationImpl::resumeWith@76 (line 38)
  0x0000775eb8f12dc8: b4a5 f906 

  0x0000775eb8f12dcc: ;   {other}
  0x0000775eb8f12dcc: 0f1f 8400 | bc11 0008 | 488b f848 | 8b84 24d8 | 0000 00e9 | 4007 0000 | 4889 bc24 | a800 0000 
  0x0000775eb8f12dec: 4889 9424 | e800 0000 

  0x0000775eb8f12df4: ;   {metadata(method data for {method} {0x0000775e4841aae0} 'checkNotNull' '(Ljava/lang/Object;)V' in 'kotlin/jvm/internal/Intrinsics')}
  0x0000775eb8f12df4: 48be c8d5 | 4749 5e77 | 0000 4883 | 8658 0100 

  0x0000775eb8f12e04: ;   {metadata(method data for {method} {0x0000775e4841ae28} 'throwJavaNpe' '()V' in 'kotlin/jvm/internal/Intrinsics')}
  0x0000775eb8f12e04: 0001 48be | 70d7 4749 | 5e77 0000 | 8bbe f400 | 0000 83c7 | 0289 bef4 | 0000 0081 | e7fe ff1f 
  0x0000775eb8f12e24: 0085 ff0f | 846e 0c00 | 0066 6690 

  0x0000775eb8f12e30: ;   {no_reloc}
  0x0000775eb8f12e30: e996 0c00 | 0000 0000 | 0000 498b | 87b8 0100 | 0048 8d78 | 3049 3bbf | c801 0000 | 0f87 830c 
  0x0000775eb8f12e50: 0000 4989 | bfb8 0100 | 0048 c700 | 0100 0000 | 488b ca49 | ba00 0000 | 525e 7700 | 0049 2bca 
  0x0000775eb8f12e70: 8948 0848 | 33c9 8948 | 0c48 33c9 | 4889 4810 | 4889 4818 | 4889 4820 | 4889 4828 

  0x0000775eb8f12e8c: ;   {metadata(method data for {method} {0x0000775e4841ae28} 'throwJavaNpe' '()V' in 'kotlin/jvm/internal/Intrinsics')}
  0x0000775eb8f12e8c: 488b f048 | bf70 d747 | 495e 7700 | 0048 8387 | 3801 0000 | 0148 8bf0 | 4889 8424 | e000 0000 
  0x0000775eb8f12eac: ;   {optimized virtual_call}
  0x0000775eb8f12eac: 6666 90e8 

  0x0000775eb8f12eb0: ; ImmutableOopMap {[168]=Oop [176]=Oop [224]=Oop [232]=Oop }
                      ;*invokespecial <init> {reexecute=0 rethrow=0 return_oop=0}
                      ; - kotlin.jvm.internal.Intrinsics::throwJavaNpe@4 (line 45)
                      ; - kotlin.jvm.internal.Intrinsics::checkNotNull@4 (line 25)
                      ; - kotlin.coroutines.jvm.internal.BaseContinuationImpl::resumeWith@31 (line 31)
  0x0000775eb8f12eb0: cca4 f906 

  0x0000775eb8f12eb4: ;   {other}
  0x0000775eb8f12eb4: 0f1f 8400 | a412 0009 

  0x0000775eb8f12ebc: ;   {metadata(method data for {method} {0x0000775e4841ae28} 'throwJavaNpe' '()V' in 'kotlin/jvm/internal/Intrinsics')}
  0x0000775eb8f12ebc: 48be 70d7 | 4749 5e77 | 0000 4883 | 8648 0100 

  0x0000775eb8f12ecc: ;   {metadata(method data for {method} {0x0000775e4841d110} 'sanitizeStackTrace' '(Ljava/lang/Throwable;)Ljava/lang/Throwable;' in 'kotlin/jvm/internal/Intrinsics')}
  0x0000775eb8f12ecc: 0001 48be | 988c 6e48 | 5e77 0000 | 8bbe f400 | 0000 83c7 | 0289 bef4 | 0000 0081 | e7fe ff1f 
  0x0000775eb8f12eec: 0085 ff0f | 84ed 0b00 

  0x0000775eb8f12ef4: ;   {oop(a 'java/lang/Class'{0x000000052782ee18} = 'kotlin/jvm/internal/Intrinsics')}
  0x0000775eb8f12ef4: 0048 be18 | ee82 2705 | 0000 0048 

  0x0000775eb8f12f00: ;   {metadata(method data for {method} {0x0000775e4841d110} 'sanitizeStackTrace' '(Ljava/lang/Throwable;)Ljava/lang/Throwable;' in 'kotlin/jvm/internal/Intrinsics')}
  0x0000775eb8f12f00: 8bfe 48bb | 988c 6e48 | 5e77 0000 | 4883 8338 | 0100 0001 

  0x0000775eb8f12f14: ;   {metadata(method data for {method} {0x0000775e52b49be0} 'getName' '()Ljava/lang/String;' in 'java/lang/Class')}
  0x0000775eb8f12f14: 48bf 982d | 0448 5e77 | 0000 8b9f | f400 0000 | 83c3 0289 | 9ff4 0000 | 0081 e3fe | ff1f 0085 
  0x0000775eb8f12f34: db0f 84c8 | 0b00 008b | 762c 48c1 | e603 4885 

  0x0000775eb8f12f44: ;   {metadata(method data for {method} {0x0000775e52b49be0} 'getName' '()Ljava/lang/String;' in 'java/lang/Class')}
  0x0000775eb8f12f44: f648 bf98 | 2d04 485e | 7700 0048 | c7c3 3801 | 0000 7407 | 48c7 c348 | 0100 0048 | 8b04 1f48 
  0x0000775eb8f12f64: 8d40 0148 | 8904 1f0f | 8418 0000 

  0x0000775eb8f12f70: ;   {metadata(method data for {method} {0x0000775e52b49be0} 'getName' '()Ljava/lang/String;' in 'java/lang/Class')}
  0x0000775eb8f12f70: 0048 bf98 | 2d04 485e | 7700 00ff | 8758 0100 | 0048 8bfe | e936 0000 

  0x0000775eb8f12f88: ;   {oop(a 'java/lang/Class'{0x000000052782ee18} = 'kotlin/jvm/internal/Intrinsics')}
  0x0000775eb8f12f88: 0048 be18 | ee82 2705 | 0000 0048 

  0x0000775eb8f12f94: ;   {metadata(method data for {method} {0x0000775e52b49be0} 'getName' '()Ljava/lang/String;' in 'java/lang/Class')}
  0x0000775eb8f12f94: 8bfe 48bb | 982d 0448 | 5e77 0000 | 4883 8370 | 0100 0001 | 0f1f 8000 

  0x0000775eb8f12fac: ;   {optimized virtual_call}
  0x0000775eb8f12fac: 0000 00e8 

  0x0000775eb8f12fb0: ; ImmutableOopMap {[168]=Oop [176]=Oop [224]=Oop [232]=Oop }
                      ;*invokevirtual initClassName {reexecute=0 rethrow=0 return_oop=0}
                      ; - java.lang.Class::getName@14 (line 948)
                      ; - kotlin.jvm.internal.Intrinsics::sanitizeStackTrace@3 (line 253)
                      ; - kotlin.jvm.internal.Intrinsics::throwJavaNpe@7 (line 45)
                      ; - kotlin.jvm.internal.Intrinsics::checkNotNull@4 (line 25)
                      ; - kotlin.coroutines.jvm.internal.BaseContinuationImpl::resumeWith@31 (line 31)
  0x0000775eb8f12fb0: cca3 f906 

  0x0000775eb8f12fb4: ;   {other}
  0x0000775eb8f12fb4: 0f1f 8400 | a413 000a | 488b f848 | 8b84 24e0 | 0000 00e9 | 3804 0000 | 4889 9424 | e800 0000 
  0x0000775eb8f12fd4: 4889 b424 | f800 0000 

  0x0000775eb8f12fdc: ;   {metadata(method data for {method} {0x0000775e4841bd20} 'checkNotNullParameter' '(Ljava/lang/Object;Ljava/lang/String;)V' in 'kotlin/jvm/internal/Intrinsics')}
  0x0000775eb8f12fdc: 48ba b883 | 6e48 5e77 | 0000 4883 | 8258 0100 

  0x0000775eb8f12fec: ;   {metadata(method data for {method} {0x0000775e4841bed0} 'throwParameterIsNullNPE' '(Ljava/lang/String;)V' in 'kotlin/jvm/internal/Intrinsics')}
  0x0000775eb8f12fec: 0001 48ba | 6885 6e48 | 5e77 0000 | 8bba f400 | 0000 83c7 | 0289 baf4 | 0000 0081 | e7fe ff1f 
  0x0000775eb8f1300c: 0085 ff0f | 8414 0b00 | 0066 6690 

  0x0000775eb8f13018: ;   {no_reloc}
  0x0000775eb8f13018: e93c 0b00 | 0000 0000 | 0000 498b | 87b8 0100 | 0048 8d78 | 3049 3bbf | c801 0000 | 0f87 290b 
  0x0000775eb8f13038: 0000 4989 | bfb8 0100 | 0048 c700 | 0100 0000 | 488b ca49 | ba00 0000 | 525e 7700 | 0049 2bca 
  0x0000775eb8f13058: 8948 0848 | 33c9 8948 | 0c48 33c9 | 4889 4810 | 4889 4818 | 4889 4820 | 4889 4828 

  0x0000775eb8f13074: ;   {metadata(method data for {method} {0x0000775e4841bed0} 'throwParameterIsNullNPE' '(Ljava/lang/String;)V' in 'kotlin/jvm/internal/Intrinsics')}
  0x0000775eb8f13074: 48be 6885 | 6e48 5e77 | 0000 4883 | 8638 0100 

  0x0000775eb8f13084: ;   {oop("frame"{0x0000000527b85bb8})}
  0x0000775eb8f13084: 0001 48be | b85b b827 | 0500 0000 | 4889 8424 | f000 0000 | 0f1f 8000 

  0x0000775eb8f1309c: ;   {static_call}
  0x0000775eb8f1309c: 0000 00e8 

  0x0000775eb8f130a0: ; ImmutableOopMap {[232]=Oop [240]=Oop [248]=Oop }
                      ;*invokestatic createParameterIsNullExceptionMessage {reexecute=0 rethrow=0 return_oop=0}
                      ; - kotlin.jvm.internal.Intrinsics::throwParameterIsNullNPE@5 (line 140)
                      ; - kotlin.jvm.internal.Intrinsics::checkNotNullParameter@5 (line 131)
                      ; - kotlin.coroutines.jvm.internal.DebugProbesKt::probeCoroutineResumed@3
                      ; - kotlin.coroutines.jvm.internal.BaseContinuationImpl::resumeWith@13 (line 29)
  0x0000775eb8f130a0: dca8 f906 

  0x0000775eb8f130a4: ;   {other}
  0x0000775eb8f130a4: 0f1f 8400 | 9414 000b | 488b 9424 | f000 0000 

  0x0000775eb8f130b4: ;   {metadata(method data for {method} {0x0000775e4841bed0} 'throwParameterIsNullNPE' '(Ljava/lang/String;)V' in 'kotlin/jvm/internal/Intrinsics')}
  0x0000775eb8f130b4: 48be 6885 | 6e48 5e77 | 0000 4883 | 8648 0100 | 0001 488b | d048 8bb4 | 24f0 0000 | 0066 0f1f 
  0x0000775eb8f130d4: ;   {optimized virtual_call}
  0x0000775eb8f130d4: 4400 00e8 

  0x0000775eb8f130d8: ; ImmutableOopMap {[232]=Oop [240]=Oop [248]=Oop }
                      ;*invokespecial <init> {reexecute=0 rethrow=0 return_oop=0}
                      ; - kotlin.jvm.internal.Intrinsics::throwParameterIsNullNPE@8 (line 140)
                      ; - kotlin.jvm.internal.Intrinsics::checkNotNullParameter@5 (line 131)
                      ; - kotlin.coroutines.jvm.internal.DebugProbesKt::probeCoroutineResumed@3
                      ; - kotlin.coroutines.jvm.internal.BaseContinuationImpl::resumeWith@13 (line 29)
  0x0000775eb8f130d8: a4a2 f906 

  0x0000775eb8f130dc: ;   {other}
  0x0000775eb8f130dc: 0f1f 8400 | cc14 000c 

  0x0000775eb8f130e4: ;   {metadata(method data for {method} {0x0000775e4841bed0} 'throwParameterIsNullNPE' '(Ljava/lang/String;)V' in 'kotlin/jvm/internal/Intrinsics')}
  0x0000775eb8f130e4: 48be 6885 | 6e48 5e77 | 0000 4883 | 8658 0100 

  0x0000775eb8f130f4: ;   {metadata(method data for {method} {0x0000775e4841d110} 'sanitizeStackTrace' '(Ljava/lang/Throwable;)Ljava/lang/Throwable;' in 'kotlin/jvm/internal/Intrinsics')}
  0x0000775eb8f130f4: 0001 48be | 988c 6e48 | 5e77 0000 | 8bbe f400 | 0000 83c7 | 0289 bef4 | 0000 0081 | e7fe ff1f 
  0x0000775eb8f13114: 0085 ff0f | 8453 0a00 

  0x0000775eb8f1311c: ;   {oop(a 'java/lang/Class'{0x000000052782ee18} = 'kotlin/jvm/internal/Intrinsics')}
  0x0000775eb8f1311c: 0048 be18 | ee82 2705 | 0000 0048 

  0x0000775eb8f13128: ;   {metadata(method data for {method} {0x0000775e4841d110} 'sanitizeStackTrace' '(Ljava/lang/Throwable;)Ljava/lang/Throwable;' in 'kotlin/jvm/internal/Intrinsics')}
  0x0000775eb8f13128: 8bfe 48bb | 988c 6e48 | 5e77 0000 | 4883 8338 | 0100 0001 

  0x0000775eb8f1313c: ;   {metadata(method data for {method} {0x0000775e52b49be0} 'getName' '()Ljava/lang/String;' in 'java/lang/Class')}
  0x0000775eb8f1313c: 48bf 982d | 0448 5e77 | 0000 8b9f | f400 0000 | 83c3 0289 | 9ff4 0000 | 0081 e3fe | ff1f 0085 
  0x0000775eb8f1315c: db0f 842e | 0a00 008b | 762c 48c1 | e603 4885 

  0x0000775eb8f1316c: ;   {metadata(method data for {method} {0x0000775e52b49be0} 'getName' '()Ljava/lang/String;' in 'java/lang/Class')}
  0x0000775eb8f1316c: f648 bf98 | 2d04 485e | 7700 0048 | c7c3 3801 | 0000 7407 | 48c7 c348 | 0100 0048 | 8b04 1f48 
  0x0000775eb8f1318c: 8d40 0148 | 8904 1f0f | 8418 0000 

  0x0000775eb8f13198: ;   {metadata(method data for {method} {0x0000775e52b49be0} 'getName' '()Ljava/lang/String;' in 'java/lang/Class')}
  0x0000775eb8f13198: 0048 bf98 | 2d04 485e | 7700 00ff | 8758 0100 | 0048 8bfe | e936 0000 

  0x0000775eb8f131b0: ;   {oop(a 'java/lang/Class'{0x000000052782ee18} = 'kotlin/jvm/internal/Intrinsics')}
  0x0000775eb8f131b0: 0048 be18 | ee82 2705 | 0000 0048 

  0x0000775eb8f131bc: ;   {metadata(method data for {method} {0x0000775e52b49be0} 'getName' '()Ljava/lang/String;' in 'java/lang/Class')}
  0x0000775eb8f131bc: 8bfe 48bb | 982d 0448 | 5e77 0000 | 4883 8370 | 0100 0001 | 0f1f 8000 

  0x0000775eb8f131d4: ;   {optimized virtual_call}
  0x0000775eb8f131d4: 0000 00e8 

  0x0000775eb8f131d8: ; ImmutableOopMap {[232]=Oop [240]=Oop [248]=Oop }
                      ;*invokevirtual initClassName {reexecute=0 rethrow=0 return_oop=0}
                      ; - java.lang.Class::getName@14 (line 948)
                      ; - kotlin.jvm.internal.Intrinsics::sanitizeStackTrace@3 (line 253)
                      ; - kotlin.jvm.internal.Intrinsics::throwParameterIsNullNPE@11 (line 140)
                      ; - kotlin.jvm.internal.Intrinsics::checkNotNullParameter@5 (line 131)
                      ; - kotlin.coroutines.jvm.internal.DebugProbesKt::probeCoroutineResumed@3
                      ; - kotlin.coroutines.jvm.internal.BaseContinuationImpl::resumeWith@13 (line 29)
  0x0000775eb8f131d8: a4a1 f906 

  0x0000775eb8f131dc: ;   {other}
  0x0000775eb8f131dc: 0f1f 8400 | cc15 000d | 488b f848 | 8b84 24f0 | 0000 00e9 | ec00 0000 | 488b 8424 | b800 0000 
  0x0000775eb8f131fc: ; implicit exception: dispatches to 0x0000775eb8f13bb7
  0x0000775eb8f131fc: 483b 0348 

  0x0000775eb8f13200: ;   {metadata(method data for {method} {0x0000775e484f3a38} 'resumeWith' '(Ljava/lang/Object;)V' in 'kotlin/coroutines/jvm/internal/BaseContinuationImpl')}
  0x0000775eb8f13200: 8bd3 48be | 5886 8649 | 5e77 0000 | 8b52 0849 | ba00 0000 | 525e 7700 | 0049 03d2 | 483b 9630 
  0x0000775eb8f13220: 0300 0075 | 0d48 8386 | 3803 0000 | 01e9 6000 | 0000 483b | 9640 0300 | 0075 0d48 | 8386 4803 
  0x0000775eb8f13240: 0000 01e9 | 4a00 0000 | 4883 be30 | 0300 0000 | 7517 4889 | 9630 0300 | 0048 c786 | 3803 0000 
  0x0000775eb8f13260: 0100 0000 | e929 0000 | 0048 83be | 4003 0000 | 0075 1748 | 8996 4003 | 0000 48c7 | 8648 0300 
  0x0000775eb8f13280: 0001 0000 | 00e9 0800 | 0000 4883 | 8620 0300 | 0001 488b | d048 8bf3 | 0f1f 4400 | 0048 b8e0 
  0x0000775eb8f132a0: 3100 745d 

  0x0000775eb8f132a4: ;   {virtual_call}
  0x0000775eb8f132a4: 7700 00e8 

  0x0000775eb8f132a8: ; ImmutableOopMap {}
                      ;*invokeinterface resumeWith {reexecute=0 rethrow=0 return_oop=0}
                      ; - kotlin.coroutines.jvm.internal.BaseContinuationImpl::resumeWith@114 (line 47)
  0x0000775eb8f132a8: 5cd8 1007 

  0x0000775eb8f132ac: ;   {other}
  0x0000775eb8f132ac: 0f1f 8400 | 9c16 000e | 4881 c410 | 0100 005d 

  0x0000775eb8f132bc: ;   {poll_return}
  0x0000775eb8f132bc: 493b a748 | 0400 000f | 87f3 0800 | 00c3 4881 | c410 0100 

  0x0000775eb8f132d0: ;   {poll_return}
  0x0000775eb8f132d0: 005d 493b | a748 0400 | 000f 87f3 | 0800 00c3 

  0x0000775eb8f132e0: ;   {metadata(method data for {method} {0x0000775e4841d110} 'sanitizeStackTrace' '(Ljava/lang/Throwable;)Ljava/lang/Throwable;' in 'kotlin/jvm/internal/Intrinsics')}
  0x0000775eb8f132e0: 48be 988c | 6e48 5e77 | 0000 4883 | 8670 0100 | 0001 488b | f048 8bd7 | 0f1f 8000 

  0x0000775eb8f132fc: ;   {static_call}
  0x0000775eb8f132fc: 0000 00e8 

  0x0000775eb8f13300: ; ImmutableOopMap {[232]=Oop [248]=Oop }
                      ;*invokestatic sanitizeStackTrace {reexecute=0 rethrow=0 return_oop=0}
                      ; - kotlin.jvm.internal.Intrinsics::sanitizeStackTrace@6 (line 253)
                      ; - kotlin.jvm.internal.Intrinsics::throwParameterIsNullNPE@11 (line 140)
                      ; - kotlin.jvm.internal.Intrinsics::checkNotNullParameter@5 (line 131)
                      ; - kotlin.coroutines.jvm.internal.DebugProbesKt::probeCoroutineResumed@3
                      ; - kotlin.coroutines.jvm.internal.BaseContinuationImpl::resumeWith@13 (line 29)
  0x0000775eb8f13300: 7ca6 f906 

  0x0000775eb8f13304: ;   {other}
  0x0000775eb8f13304: 0f1f 8400 | f416 000f | 488b b424 | f800 0000 | 4885 c075 

  0x0000775eb8f13318: ;   {metadata(method data for {method} {0x0000775e4841bed0} 'throwParameterIsNullNPE' '(Ljava/lang/String;)V' in 'kotlin/jvm/internal/Intrinsics')}
  0x0000775eb8f13318: 1648 bf68 | 856e 485e | 7700 0080 | 8f61 0100 | 0001 e9cd 

  0x0000775eb8f1332c: ;   {metadata('java/lang/NullPointerException')}
  0x0000775eb8f1332c: 0000 0048 | bbd8 5c08 | 525e 7700 | 008b 7808 | 49ba 0000 | 0052 5e77 | 0000 4903 | fa48 3b5f 
  0x0000775eb8f1334c: 500f 858d 

  0x0000775eb8f13350: ;   {metadata(method data for {method} {0x0000775e4841bed0} 'throwParameterIsNullNPE' '(Ljava/lang/String;)V' in 'kotlin/jvm/internal/Intrinsics')}
  0x0000775eb8f13350: 0000 0048 | bf68 856e | 485e 7700 | 008b 5808 | 49ba 0000 | 0052 5e77 | 0000 4903 | da48 3b9f 
  0x0000775eb8f13370: 7801 0000 | 750d 4883 | 8780 0100 | 0001 e979 | 0000 0048 | 3b9f 8801 | 0000 750d | 4883 8790 
  0x0000775eb8f13390: 0100 0001 | e963 0000 | 0048 83bf | 7801 0000 | 0075 1748 | 899f 7801 | 0000 48c7 | 8780 0100 
  0x0000775eb8f133b0: 0001 0000 | 00e9 4200 | 0000 4883 | bf88 0100 | 0000 7517 | 4889 9f88 | 0100 0048 | c787 9001 
  0x0000775eb8f133d0: 0000 0100 | 0000 e921 | 0000 00e9 | 1c00 0000 

  0x0000775eb8f133e0: ;   {metadata(method data for {method} {0x0000775e4841bed0} 'throwParameterIsNullNPE' '(Ljava/lang/String;)V' in 'kotlin/jvm/internal/Intrinsics')}
  0x0000775eb8f133e0: 48bf 6885 | 6e48 5e77 | 0000 4883 | af68 0100 | 0001 e9f1 | 0700 00e9 | 0000 0000 

  0x0000775eb8f133fc: ; implicit exception: dispatches to 0x0000775eb8f13bf1
  0x0000775eb8f133fc: 483b 00e9 | 3908 0000 

  0x0000775eb8f13404: ;   {metadata(method data for {method} {0x0000775e4841d110} 'sanitizeStackTrace' '(Ljava/lang/Throwable;)Ljava/lang/Throwable;' in 'kotlin/jvm/internal/Intrinsics')}
  0x0000775eb8f13404: 48be 988c | 6e48 5e77 | 0000 4883 | 8670 0100 | 0001 488b | f048 8bd7 

  0x0000775eb8f1341c: ;   {static_call}
  0x0000775eb8f1341c: 6666 90e8 

  0x0000775eb8f13420: ; ImmutableOopMap {[168]=Oop [176]=Oop [232]=Oop }
                      ;*invokestatic sanitizeStackTrace {reexecute=0 rethrow=0 return_oop=0}
                      ; - kotlin.jvm.internal.Intrinsics::sanitizeStackTrace@6 (line 253)
                      ; - kotlin.jvm.internal.Intrinsics::throwJavaNpe@7 (line 45)
                      ; - kotlin.jvm.internal.Intrinsics::checkNotNull@4 (line 25)
                      ; - kotlin.coroutines.jvm.internal.BaseContinuationImpl::resumeWith@31 (line 31)
  0x0000775eb8f13420: 5ca5 f906 

  0x0000775eb8f13424: ;   {other}
  0x0000775eb8f13424: 0f1f 8400 | 1418 0010 | 488b 9424 | e800 0000 | 4885 c075 

  0x0000775eb8f13438: ;   {metadata(method data for {method} {0x0000775e4841ae28} 'throwJavaNpe' '()V' in 'kotlin/jvm/internal/Intrinsics')}
  0x0000775eb8f13438: 1648 bf70 | d747 495e | 7700 0080 | 8f51 0100 | 0001 e9cd 

  0x0000775eb8f1344c: ;   {metadata('java/lang/NullPointerException')}
  0x0000775eb8f1344c: 0000 0048 | bbd8 5c08 | 525e 7700 | 008b 7808 | 49ba 0000 | 0052 5e77 | 0000 4903 | fa48 3b5f 
  0x0000775eb8f1346c: 500f 858d 

  0x0000775eb8f13470: ;   {metadata(method data for {method} {0x0000775e4841ae28} 'throwJavaNpe' '()V' in 'kotlin/jvm/internal/Intrinsics')}
  0x0000775eb8f13470: 0000 0048 | bf70 d747 | 495e 7700 | 008b 5808 | 49ba 0000 | 0052 5e77 | 0000 4903 | da48 3b9f 
  0x0000775eb8f13490: 6801 0000 | 750d 4883 | 8770 0100 | 0001 e979 | 0000 0048 | 3b9f 7801 | 0000 750d | 4883 8780 
  0x0000775eb8f134b0: 0100 0001 | e963 0000 | 0048 83bf | 6801 0000 | 0075 1748 | 899f 6801 | 0000 48c7 | 8770 0100 
  0x0000775eb8f134d0: 0001 0000 | 00e9 4200 | 0000 4883 | bf78 0100 | 0000 7517 | 4889 9f78 | 0100 0048 | c787 8001 
  0x0000775eb8f134f0: 0000 0100 | 0000 e921 | 0000 00e9 | 1c00 0000 

  0x0000775eb8f13500: ;   {metadata(method data for {method} {0x0000775e4841ae28} 'throwJavaNpe' '()V' in 'kotlin/jvm/internal/Intrinsics')}
  0x0000775eb8f13500: 48bf 70d7 | 4749 5e77 | 0000 4883 | af58 0100 | 0001 e9df | 0600 00e9 | 0000 0000 

  0x0000775eb8f1351c: ; implicit exception: dispatches to 0x0000775eb8f13bff
  0x0000775eb8f1351c: 483b 00e9 | 1907 0000 

  0x0000775eb8f13524: ;   {metadata(method data for {method} {0x0000775e4841d110} 'sanitizeStackTrace' '(Ljava/lang/Throwable;)Ljava/lang/Throwable;' in 'kotlin/jvm/internal/Intrinsics')}
  0x0000775eb8f13524: 48be 988c | 6e48 5e77 | 0000 4883 | 8670 0100 | 0001 488b | f048 8bd7 

  0x0000775eb8f1353c: ;   {static_call}
  0x0000775eb8f1353c: 6666 90e8 

  0x0000775eb8f13540: ; ImmutableOopMap {[168]=Oop [176]=Oop [208]=Oop }
                      ;*invokestatic sanitizeStackTrace {reexecute=0 rethrow=0 return_oop=0}
                      ; - kotlin.jvm.internal.Intrinsics::sanitizeStackTrace@6 (line 253)
                      ; - kotlin.jvm.internal.Intrinsics::throwParameterIsNullNPE@11 (line 140)
                      ; - kotlin.jvm.internal.Intrinsics::checkNotNullParameter@5 (line 131)
                      ; - kotlin.ResultKt::createFailure@3
                      ; - kotlin.coroutines.jvm.internal.BaseContinuationImpl::resumeWith@76 (line 38)
  0x0000775eb8f13540: 3ca4 f906 

  0x0000775eb8f13544: ;   {other}
  0x0000775eb8f13544: 0f1f 8400 | 3419 0011 | 4885 c075 

  0x0000775eb8f13550: ;   {metadata(method data for {method} {0x0000775e4841bed0} 'throwParameterIsNullNPE' '(Ljava/lang/String;)V' in 'kotlin/jvm/internal/Intrinsics')}
  0x0000775eb8f13550: 1648 ba68 | 856e 485e | 7700 0080 | 8a61 0100 | 0001 e9cd 

  0x0000775eb8f13564: ;   {metadata('java/lang/NullPointerException')}
  0x0000775eb8f13564: 0000 0048 | bfd8 5c08 | 525e 7700 | 008b 5008 | 49ba 0000 | 0052 5e77 | 0000 4903 | d248 3b7a 
  0x0000775eb8f13584: 500f 858d 

  0x0000775eb8f13588: ;   {metadata(method data for {method} {0x0000775e4841bed0} 'throwParameterIsNullNPE' '(Ljava/lang/String;)V' in 'kotlin/jvm/internal/Intrinsics')}
  0x0000775eb8f13588: 0000 0048 | ba68 856e | 485e 7700 | 008b 7808 | 49ba 0000 | 0052 5e77 | 0000 4903 | fa48 3bba 
  0x0000775eb8f135a8: 7801 0000 | 750d 4883 | 8280 0100 | 0001 e979 | 0000 0048 | 3bba 8801 | 0000 750d | 4883 8290 
  0x0000775eb8f135c8: 0100 0001 | e963 0000 | 0048 83ba | 7801 0000 | 0075 1748 | 89ba 7801 | 0000 48c7 | 8280 0100 
  0x0000775eb8f135e8: 0001 0000 | 00e9 4200 | 0000 4883 | ba88 0100 | 0000 7517 | 4889 ba88 | 0100 0048 | c782 9001 
  0x0000775eb8f13608: 0000 0100 | 0000 e921 | 0000 00e9 | 1c00 0000 

  0x0000775eb8f13618: ;   {metadata(method data for {method} {0x0000775e4841bed0} 'throwParameterIsNullNPE' '(Ljava/lang/String;)V' in 'kotlin/jvm/internal/Intrinsics')}
  0x0000775eb8f13618: 48ba 6885 | 6e48 5e77 | 0000 4883 | aa68 0100 | 0001 e9d5 | 0500 00e9 | 0000 0000 

  0x0000775eb8f13634: ; implicit exception: dispatches to 0x0000775eb8f13c0d
  0x0000775eb8f13634: 483b 00e9 | 0106 0000 

  0x0000775eb8f1363c: ;   {metadata(method data for {method} {0x0000775e4841d110} 'sanitizeStackTrace' '(Ljava/lang/Throwable;)Ljava/lang/Throwable;' in 'kotlin/jvm/internal/Intrinsics')}
  0x0000775eb8f1363c: 48be 988c | 6e48 5e77 | 0000 4883 | 8670 0100 | 0001 488b | f048 8bd7 

  0x0000775eb8f13654: ;   {static_call}
  0x0000775eb8f13654: 6666 90e8 

  0x0000775eb8f13658: ; ImmutableOopMap {[168]=Oop [176]=Oop [200]=Oop [208]=Oop }
                      ;*invokestatic sanitizeStackTrace {reexecute=0 rethrow=0 return_oop=0}
                      ; - kotlin.jvm.internal.Intrinsics::sanitizeStackTrace@6 (line 253)
                      ; - kotlin.jvm.internal.Intrinsics::throwParameterIsNullNPE@11 (line 140)
                      ; - kotlin.jvm.internal.Intrinsics::checkNotNullParameter@5 (line 131)
                      ; - kotlin.Result$Failure::<init>@3
                      ; - kotlin.ResultKt::createFailure@11 (line 122)
                      ; - kotlin.coroutines.jvm.internal.BaseContinuationImpl::resumeWith@76 (line 38)
  0x0000775eb8f13658: 24a3 f906 

  0x0000775eb8f1365c: ;   {other}
  0x0000775eb8f1365c: 0f1f 8400 | 4c1a 0012 | 488b bc24 | c800 0000 | 488b b424 | d000 0000 | 488b 9c24 | b000 0000 
  0x0000775eb8f1367c: 488b 9424 | a800 0000 | 4885 c075 

  0x0000775eb8f13688: ;   {metadata(method data for {method} {0x0000775e4841bed0} 'throwParameterIsNullNPE' '(Ljava/lang/String;)V' in 'kotlin/jvm/internal/Intrinsics')}
  0x0000775eb8f13688: 1749 b868 | 856e 485e | 7700 0041 | 8088 6101 | 0000 01e9 | cf00 0000 

  0x0000775eb8f136a0: ;   {metadata('java/lang/NullPointerException')}
  0x0000775eb8f136a0: 49b9 d85c | 0852 5e77 | 0000 448b | 4008 49ba | 0000 0052 | 5e77 0000 | 4d03 c24d | 3b48 500f 
  0x0000775eb8f136c0: 858e 0000 

  0x0000775eb8f136c4: ;   {metadata(method data for {method} {0x0000775e4841bed0} 'throwParameterIsNullNPE' '(Ljava/lang/String;)V' in 'kotlin/jvm/internal/Intrinsics')}
  0x0000775eb8f136c4: 0049 b868 | 856e 485e | 7700 0044 | 8b48 0849 | ba00 0000 | 525e 7700 | 004d 03ca | 4d3b 8878 
  0x0000775eb8f136e4: 0100 0075 | 0d49 8380 | 8001 0000 | 01e9 7900 | 0000 4d3b | 8888 0100 | 0075 0d49 | 8380 9001 
  0x0000775eb8f13704: 0000 01e9 | 6300 0000 | 4983 b878 | 0100 0000 | 7517 4d89 | 8878 0100 | 0049 c780 | 8001 0000 
  0x0000775eb8f13724: 0100 0000 | e942 0000 | 0049 83b8 | 8801 0000 | 0075 174d | 8988 8801 | 0000 49c7 | 8090 0100 
  0x0000775eb8f13744: 0001 0000 | 00e9 2100 | 0000 e91c 

  0x0000775eb8f13750: ;   {metadata(method data for {method} {0x0000775e4841bed0} 'throwParameterIsNullNPE' '(Ljava/lang/String;)V' in 'kotlin/jvm/internal/Intrinsics')}
  0x0000775eb8f13750: 0000 0049 | b868 856e | 485e 7700 | 0049 83a8 | 6801 0000 | 01e9 a804 | 0000 e900 | 0000 0048 
  0x0000775eb8f13770: 3b00 e9c6 

  0x0000775eb8f13774: ;   {metadata({method} {0x0000775e484f3a38} 'resumeWith' '(Ljava/lang/Object;)V' in 'kotlin/coroutines/jvm/internal/BaseContinuationImpl')}
  0x0000775eb8f13774: 0400 0049 | ba38 3a4f | 485e 7700 | 004c 8954 | 2408 48c7 | 0424 ffff 

  0x0000775eb8f1378c: ;   {runtime_call counter_overflow Runtime1 stub}
  0x0000775eb8f1378c: ffff e8ed 

  0x0000775eb8f13790: ; ImmutableOopMap {rsi=Oop rdx=Oop }
                      ;*synchronization entry
                      ; - kotlin.coroutines.jvm.internal.BaseContinuationImpl::resumeWith@-1 (line 24)
  0x0000775eb8f13790: 2106 07e9 | eee8 ffff | 4889 3424 

  0x0000775eb8f1379c: ;   {runtime_call throw_class_cast_exception Runtime1 stub}
  0x0000775eb8f1379c: e8df f605 

  0x0000775eb8f137a0: ; ImmutableOopMap {rdx=Oop rsi=Oop }
                      ;*checkcast {reexecute=0 rethrow=0 return_oop=0}
                      ; - kotlin.coroutines.jvm.internal.BaseContinuationImpl::resumeWith@10 (line 29)
                      ;   {metadata({method} {0x0000775e4861d648} 'probeCoroutineResumed' '(Lkotlin/coroutines/Continuation;)V' in 'kotlin/coroutines/jvm/internal/DebugProbesKt')}
  0x0000775eb8f137a0: 0749 ba48 | d661 485e | 7700 004c | 8954 2408 | 48c7 0424 | ffff ffff 

  0x0000775eb8f137b8: ;   {runtime_call counter_overflow Runtime1 stub}
  0x0000775eb8f137b8: e8c3 2106 

  0x0000775eb8f137bc: ; ImmutableOopMap {rdx=Oop rsi=Oop rdi=Oop }
                      ;*synchronization entry
                      ; - kotlin.coroutines.jvm.internal.DebugProbesKt::probeCoroutineResumed@-1
                      ; - kotlin.coroutines.jvm.internal.BaseContinuationImpl::resumeWith@13 (line 29)
  0x0000775eb8f137bc: 07e9 03ea 

  0x0000775eb8f137c0: ;   {metadata({method} {0x0000775e4841bd20} 'checkNotNullParameter' '(Ljava/lang/Object;Ljava/lang/String;)V' in 'kotlin/jvm/internal/Intrinsics')}
  0x0000775eb8f137c0: ffff 49ba | 20bd 4148 | 5e77 0000 | 4c89 5424 | 0848 c704 | 24ff ffff 

  0x0000775eb8f137d8: ;   {runtime_call counter_overflow Runtime1 stub}
  0x0000775eb8f137d8: ffe8 a221 

  0x0000775eb8f137dc: ; ImmutableOopMap {rdx=Oop rsi=Oop rdi=Oop }
                      ;*synchronization entry
                      ; - kotlin.jvm.internal.Intrinsics::checkNotNullParameter@-1 (line 130)
                      ; - kotlin.coroutines.jvm.internal.DebugProbesKt::probeCoroutineResumed@3
                      ; - kotlin.coroutines.jvm.internal.BaseContinuationImpl::resumeWith@13 (line 29)
  0x0000775eb8f137dc: 0607 e91a | eaff ff48 

  0x0000775eb8f137e4: ;   {runtime_call throw_class_cast_exception Runtime1 stub}
  0x0000775eb8f137e4: 8934 24e8 

  0x0000775eb8f137e8: ; ImmutableOopMap {rdx=Oop }
                      ;*checkcast {reexecute=0 rethrow=0 return_oop=0}
                      ; - kotlin.coroutines.jvm.internal.BaseContinuationImpl::resumeWith@17 (line 30)
  0x0000775eb8f137e8: 94f6 0507 

  0x0000775eb8f137ec: ;   {runtime_call throw_null_pointer_exception Runtime1 stub}
  0x0000775eb8f137ec: e88f c805 

  0x0000775eb8f137f0: ; ImmutableOopMap {rdx=Oop rdi=Oop }
                      ;*getfield completion {reexecute=1 rethrow=0 return_oop=0}
                      ; - (reexecute) kotlin.coroutines.jvm.internal.BaseContinuationImpl::resumeWith@27 (line 31)
                      ;   {metadata({method} {0x0000775e4841aae0} 'checkNotNull' '(Ljava/lang/Object;)V' in 'kotlin/jvm/internal/Intrinsics')}
  0x0000775eb8f137f0: 0749 bae0 | aa41 485e | 7700 004c | 8954 2408 | 48c7 0424 | ffff ffff 

  0x0000775eb8f13808: ;   {runtime_call counter_overflow Runtime1 stub}
  0x0000775eb8f13808: e873 2106 

  0x0000775eb8f1380c: ; ImmutableOopMap {rdx=Oop rdi=Oop rbx=Oop [176]=Oop }
                      ;*synchronization entry
                      ; - kotlin.jvm.internal.Intrinsics::checkNotNull@-1 (line 24)
                      ; - kotlin.coroutines.jvm.internal.BaseContinuationImpl::resumeWith@31 (line 31)
  0x0000775eb8f1380c: 07e9 4ceb 

  0x0000775eb8f13810: ;   {metadata({method} {0x0000775e4861b568} 'getCOROUTINE_SUSPENDED' '()Ljava/lang/Object;' in 'kotlin/coroutines/intrinsics/IntrinsicsKt__IntrinsicsKt')}
  0x0000775eb8f13810: ffff 49ba | 68b5 6148 | 5e77 0000 | 4c89 5424 | 0848 c704 | 24ff ffff 

  0x0000775eb8f13828: ;   {runtime_call counter_overflow Runtime1 stub}
  0x0000775eb8f13828: ffe8 5221 

  0x0000775eb8f1382c: ; ImmutableOopMap {rax=Oop [168]=Oop [176]=Oop }
                      ;*synchronization entry
                      ; - kotlin.coroutines.intrinsics.IntrinsicsKt__IntrinsicsKt::getCOROUTINE_SUSPENDED@-1 (line 57)
                      ; - kotlin.coroutines.jvm.internal.BaseContinuationImpl::resumeWith@47 (line 35)
  0x0000775eb8f1382c: 0607 e94a 

  0x0000775eb8f13830: ;   {metadata({method} {0x0000775e48629cd0} 'constructor-impl' '(Ljava/lang/Object;)Ljava/lang/Object;' in 'kotlin/Result')}
  0x0000775eb8f13830: ecff ff49 | bad0 9c62 | 485e 7700 | 004c 8954 | 2408 48c7 | 0424 ffff 

  0x0000775eb8f13848: ;   {runtime_call counter_overflow Runtime1 stub}
  0x0000775eb8f13848: ffff e831 

  0x0000775eb8f1384c: ; ImmutableOopMap {rax=Oop [168]=Oop [176]=Oop }
                      ;*synchronization entry
                      ; - kotlin.Result::constructor-impl@-1
                      ; - kotlin.coroutines.jvm.internal.BaseContinuationImpl::resumeWith@60 (line 36)
  0x0000775eb8f1384c: 2106 07e9 | 9bec ffff 

  0x0000775eb8f13854: ;   {metadata({method} {0x0000775e486484b0} 'createFailure' '(Ljava/lang/Throwable;)Ljava/lang/Object;' in 'kotlin/ResultKt')}
  0x0000775eb8f13854: 49ba b084 | 6448 5e77 | 0000 4c89 | 5424 0848 | c704 24ff 

  0x0000775eb8f13868: ;   {runtime_call counter_overflow Runtime1 stub}
  0x0000775eb8f13868: ffff ffe8 

  0x0000775eb8f1386c: ; ImmutableOopMap {rax=Oop [168]=Oop [176]=Oop }
                      ;*synchronization entry
                      ; - kotlin.ResultKt::createFailure@-1
                      ; - kotlin.coroutines.jvm.internal.BaseContinuationImpl::resumeWith@76 (line 38)
  0x0000775eb8f1386c: 1021 0607 | e9e3 ecff 

  0x0000775eb8f13874: ;   {metadata({method} {0x0000775e4841bd20} 'checkNotNullParameter' '(Ljava/lang/Object;Ljava/lang/String;)V' in 'kotlin/jvm/internal/Intrinsics')}
  0x0000775eb8f13874: ff49 ba20 | bd41 485e | 7700 004c | 8954 2408 | 48c7 0424 | ffff ffff 

  0x0000775eb8f1388c: ;   {runtime_call counter_overflow Runtime1 stub}
  0x0000775eb8f1388c: e8ef 2006 

  0x0000775eb8f13890: ; ImmutableOopMap {rax=Oop [168]=Oop [176]=Oop }
                      ;*synchronization entry
                      ; - kotlin.jvm.internal.Intrinsics::checkNotNullParameter@-1 (line 130)
                      ; - kotlin.ResultKt::createFailure@3
                      ; - kotlin.coroutines.jvm.internal.BaseContinuationImpl::resumeWith@76 (line 38)
  0x0000775eb8f13890: 07e9 fbec | ffff 488b 

  0x0000775eb8f13898: ;   {runtime_call fast_new_instance Runtime1 stub}
  0x0000775eb8f13898: d2e8 e2da 

  0x0000775eb8f1389c: ; ImmutableOopMap {rbx=Oop [168]=Oop [176]=Oop }
                      ;*new {reexecute=0 rethrow=0 return_oop=0}
                      ; - kotlin.ResultKt::createFailure@6 (line 122)
                      ; - kotlin.coroutines.jvm.internal.BaseContinuationImpl::resumeWith@76 (line 38)
  0x0000775eb8f1389c: 0507 e96c 

  0x0000775eb8f138a0: ;   {metadata({method} {0x0000775e4862bd80} '<init>' '(Ljava/lang/Throwable;)V' in 'kotlin/Result$Failure')}
  0x0000775eb8f138a0: edff ff49 | ba80 bd62 | 485e 7700 | 004c 8954 | 2408 48c7 | 0424 ffff 

  0x0000775eb8f138b8: ;   {runtime_call counter_overflow Runtime1 stub}
  0x0000775eb8f138b8: ffff e8c1 

  0x0000775eb8f138bc: ; ImmutableOopMap {rbx=Oop rax=Oop [168]=Oop [176]=Oop }
                      ;*synchronization entry
                      ; - kotlin.Result$Failure::<init>@-1
                      ; - kotlin.ResultKt::createFailure@11 (line 122)
                      ; - kotlin.coroutines.jvm.internal.BaseContinuationImpl::resumeWith@76 (line 38)
  0x0000775eb8f138bc: 2006 07e9 | 87ed ffff 

  0x0000775eb8f138c4: ;   {metadata({method} {0x0000775e4841bd20} 'checkNotNullParameter' '(Ljava/lang/Object;Ljava/lang/String;)V' in 'kotlin/jvm/internal/Intrinsics')}
  0x0000775eb8f138c4: 49ba 20bd | 4148 5e77 | 0000 4c89 | 5424 0848 | c704 24ff 

  0x0000775eb8f138d8: ;   {runtime_call counter_overflow Runtime1 stub}
  0x0000775eb8f138d8: ffff ffe8 

  0x0000775eb8f138dc: ; ImmutableOopMap {rbx=Oop rax=Oop [168]=Oop [176]=Oop }
                      ;*synchronization entry
                      ; - kotlin.jvm.internal.Intrinsics::checkNotNullParameter@-1 (line 130)
                      ; - kotlin.Result$Failure::<init>@3
                      ; - kotlin.ResultKt::createFailure@11 (line 122)
                      ; - kotlin.coroutines.jvm.internal.BaseContinuationImpl::resumeWith@76 (line 38)
  0x0000775eb8f138dc: a020 0607 | e99f edff 

  0x0000775eb8f138e4: ;   {metadata({method} {0x0000775e52b55e08} '<init>' '()V' in 'java/lang/Object')}
  0x0000775eb8f138e4: ff49 ba08 | 5eb5 525e | 7700 004c | 8954 2408 | 48c7 0424 | ffff ffff 

  0x0000775eb8f138fc: ;   {runtime_call counter_overflow Runtime1 stub}
  0x0000775eb8f138fc: e87f 2006 

  0x0000775eb8f13900: ; ImmutableOopMap {rbx=Oop rax=Oop [168]=Oop [176]=Oop }
                      ;*synchronization entry
                      ; - java.lang.Object::<init>@-1 (line 45)
                      ; - kotlin.Result$Failure::<init>@7 (line 105)
                      ; - kotlin.ResultKt::createFailure@11 (line 122)
                      ; - kotlin.coroutines.jvm.internal.BaseContinuationImpl::resumeWith@76 (line 38)
  0x0000775eb8f13900: 07e9 e9ed | ffff 8b70 | 0c48 c1e6 | 0348 83fe | 000f 84e5 | edff ff48 

  0x0000775eb8f13918: ;   {runtime_call g1_pre_barrier_slow}
  0x0000775eb8f13918: 8934 24e8 | 6026 0607 | e9d7 edff | ff48 83fb | 000f 84ec | edff ff48 

  0x0000775eb8f13930: ;   {runtime_call g1_post_barrier_slow}
  0x0000775eb8f13930: 8904 24e8 | 4829 0607 | e9de edff 

  0x0000775eb8f1393c: ;   {metadata({method} {0x0000775e48629cd0} 'constructor-impl' '(Ljava/lang/Object;)Ljava/lang/Object;' in 'kotlin/Result')}
  0x0000775eb8f1393c: ff49 bad0 | 9c62 485e | 7700 004c | 8954 2408 | 48c7 0424 | ffff ffff 

  0x0000775eb8f13954: ;   {runtime_call counter_overflow Runtime1 stub}
  0x0000775eb8f13954: e827 2006 

  0x0000775eb8f13958: ; ImmutableOopMap {rax=Oop [168]=Oop [176]=Oop }
                      ;*synchronization entry
                      ; - kotlin.Result::constructor-impl@-1
                      ; - kotlin.coroutines.jvm.internal.BaseContinuationImpl::resumeWith@79 (line 38)
  0x0000775eb8f13958: 07e9 f6ed 

  0x0000775eb8f1395c: ;   {metadata({method} {0x0000775e484f3a38} 'resumeWith' '(Ljava/lang/Object;)V' in 'kotlin/coroutines/jvm/internal/BaseContinuationImpl')}
  0x0000775eb8f1395c: ffff 49ba | 383a 4f48 | 5e77 0000 | 4c89 5424 | 0848 c704 | 2479 0000 

  0x0000775eb8f13974: ;   {runtime_call counter_overflow Runtime1 stub}
  0x0000775eb8f13974: 00e8 0620 

  0x0000775eb8f13978: ; ImmutableOopMap {rbx=Oop [176]=Oop [184]=Oop }
                      ;*goto {reexecute=1 rethrow=0 return_oop=0}
                      ; - (reexecute) kotlin.coroutines.jvm.internal.BaseContinuationImpl::resumeWith@121 (line 30)
  0x0000775eb8f13978: 0607 e9f6 

  0x0000775eb8f1397c: ;   {metadata({method} {0x0000775e4841bed0} 'throwParameterIsNullNPE' '(Ljava/lang/String;)V' in 'kotlin/jvm/internal/Intrinsics')}
  0x0000775eb8f1397c: efff ff49 | bad0 be41 | 485e 7700 | 004c 8954 | 2408 48c7 | 0424 ffff 

  0x0000775eb8f13994: ;   {runtime_call counter_overflow Runtime1 stub}
  0x0000775eb8f13994: ffff e8e5 

  0x0000775eb8f13998: ; ImmutableOopMap {[168]=Oop [176]=Oop [200]=Oop [208]=Oop }
                      ;*synchronization entry
                      ; - kotlin.jvm.internal.Intrinsics::throwParameterIsNullNPE@-1 (line 140)
                      ; - kotlin.jvm.internal.Intrinsics::checkNotNullParameter@5 (line 131)
                      ; - kotlin.Result$Failure::<init>@3
                      ; - kotlin.ResultKt::createFailure@11 (line 122)
                      ; - kotlin.coroutines.jvm.internal.BaseContinuationImpl::resumeWith@76 (line 38)
  0x0000775eb8f13998: 1f06 07e9 | 48f0 ffff 

  0x0000775eb8f139a0: ;   {metadata(nullptr)}
  0x0000775eb8f139a0: 48ba 0000 | 0000 0000 | 0000 b800 

  0x0000775eb8f139ac: ;   {runtime_call load_klass_patching Runtime1 stub}
  0x0000775eb8f139ac: 0f05 0ae8 

  0x0000775eb8f139b0: ; ImmutableOopMap {[168]=Oop [176]=Oop [200]=Oop [208]=Oop }
                      ;*new {reexecute=1 rethrow=0 return_oop=0}
                      ; - (reexecute) kotlin.jvm.internal.Intrinsics::throwParameterIsNullNPE@0 (line 140)
                      ; - kotlin.jvm.internal.Intrinsics::checkNotNullParameter@5 (line 131)
                      ; - kotlin.Result$Failure::<init>@3
                      ; - kotlin.ResultKt::createFailure@11 (line 122)
                      ; - kotlin.coroutines.jvm.internal.BaseContinuationImpl::resumeWith@76 (line 38)
  0x0000775eb8f139b0: cc10 0607 | e92f f0ff | ff48 8bd2 

  0x0000775eb8f139bc: ;   {runtime_call fast_new_instance Runtime1 stub}
  0x0000775eb8f139bc: e8bf d905 

  0x0000775eb8f139c0: ; ImmutableOopMap {[168]=Oop [176]=Oop [200]=Oop [208]=Oop }
                      ;*new {reexecute=0 rethrow=0 return_oop=0}
                      ; - kotlin.jvm.internal.Intrinsics::throwParameterIsNullNPE@0 (line 140)
                      ; - kotlin.jvm.internal.Intrinsics::checkNotNullParameter@5 (line 131)
                      ; - kotlin.Result$Failure::<init>@3
                      ; - kotlin.ResultKt::createFailure@11 (line 122)
                      ; - kotlin.coroutines.jvm.internal.BaseContinuationImpl::resumeWith@76 (line 38)
  0x0000775eb8f139c0: 07e9 7ef0 

  0x0000775eb8f139c4: ;   {metadata({method} {0x0000775e4841d110} 'sanitizeStackTrace' '(Ljava/lang/Throwable;)Ljava/lang/Throwable;' in 'kotlin/jvm/internal/Intrinsics')}
  0x0000775eb8f139c4: ffff 49ba | 10d1 4148 | 5e77 0000 | 4c89 5424 | 0848 c704 | 24ff ffff 

  0x0000775eb8f139dc: ;   {runtime_call counter_overflow Runtime1 stub}
  0x0000775eb8f139dc: ffe8 9e1f 

  0x0000775eb8f139e0: ; ImmutableOopMap {[168]=Oop [176]=Oop [192]=Oop [200]=Oop [208]=Oop }
                      ;*synchronization entry
                      ; - kotlin.jvm.internal.Intrinsics::sanitizeStackTrace@-1 (line 253)
                      ; - kotlin.jvm.internal.Intrinsics::throwParameterIsNullNPE@11 (line 140)
                      ; - kotlin.jvm.internal.Intrinsics::checkNotNullParameter@5 (line 131)
                      ; - kotlin.Result$Failure::<init>@3
                      ; - kotlin.ResultKt::createFailure@11 (line 122)
                      ; - kotlin.coroutines.jvm.internal.BaseContinuationImpl::resumeWith@76 (line 38)
  0x0000775eb8f139e0: 0607 e906 

  0x0000775eb8f139e4: ;   {metadata({method} {0x0000775e52b49be0} 'getName' '()Ljava/lang/String;' in 'java/lang/Class')}
  0x0000775eb8f139e4: f1ff ff49 | bae0 9bb4 | 525e 7700 | 004c 8954 | 2408 48c7 | 0424 ffff 

  0x0000775eb8f139fc: ;   {runtime_call counter_overflow Runtime1 stub}
  0x0000775eb8f139fc: ffff e87d 

  0x0000775eb8f13a00: ; ImmutableOopMap {rsi=Oop [168]=Oop [176]=Oop [192]=Oop [200]=Oop [208]=Oop }
                      ;*synchronization entry
                      ; - java.lang.Class::getName@-1 (line 947)
                      ; - kotlin.jvm.internal.Intrinsics::sanitizeStackTrace@3 (line 253)
                      ; - kotlin.jvm.internal.Intrinsics::throwParameterIsNullNPE@11 (line 140)
                      ; - kotlin.jvm.internal.Intrinsics::checkNotNullParameter@5 (line 131)
                      ; - kotlin.Result$Failure::<init>@3
                      ; - kotlin.ResultKt::createFailure@11 (line 122)
                      ; - kotlin.coroutines.jvm.internal.BaseContinuationImpl::resumeWith@76 (line 38)
  0x0000775eb8f13a00: 1f06 07e9 | 2bf1 ffff 

  0x0000775eb8f13a08: ;   {runtime_call throw_null_pointer_exception Runtime1 stub}
  0x0000775eb8f13a08: e873 c605 

  0x0000775eb8f13a0c: ; ImmutableOopMap {[168]=Oop [176]=Oop [192]=Oop [200]=Oop [208]=Oop }
                      ;*getfield name {reexecute=1 rethrow=0 return_oop=0}
                      ; - (reexecute) java.lang.Class::getName@1 (line 947)
                      ; - kotlin.jvm.internal.Intrinsics::sanitizeStackTrace@3 (line 253)
                      ; - kotlin.jvm.internal.Intrinsics::throwParameterIsNullNPE@11 (line 140)
                      ; - kotlin.jvm.internal.Intrinsics::checkNotNullParameter@5 (line 131)
                      ; - kotlin.Result$Failure::<init>@3
                      ; - kotlin.ResultKt::createFailure@11 (line 122)
                      ; - kotlin.coroutines.jvm.internal.BaseContinuationImpl::resumeWith@76 (line 38)
                      ;   {metadata({method} {0x0000775e4841bed0} 'throwParameterIsNullNPE' '(Ljava/lang/String;)V' in 'kotlin/jvm/internal/Intrinsics')}
  0x0000775eb8f13a0c: 0749 bad0 | be41 485e | 7700 004c | 8954 2408 | 48c7 0424 | ffff ffff 

  0x0000775eb8f13a24: ;   {runtime_call counter_overflow Runtime1 stub}
  0x0000775eb8f13a24: e857 1f06 

  0x0000775eb8f13a28: ; ImmutableOopMap {[168]=Oop [176]=Oop [208]=Oop }
                      ;*synchronization entry
                      ; - kotlin.jvm.internal.Intrinsics::throwParameterIsNullNPE@-1 (line 140)
                      ; - kotlin.jvm.internal.Intrinsics::checkNotNullParameter@5 (line 131)
                      ; - kotlin.ResultKt::createFailure@3
                      ; - kotlin.coroutines.jvm.internal.BaseContinuationImpl::resumeWith@76 (line 38)
  0x0000775eb8f13a28: 07e9 d7f1 

  0x0000775eb8f13a2c: ;   {metadata(nullptr)}
  0x0000775eb8f13a2c: ffff 48ba | 0000 0000 | 0000 0000 | b800 0f05 

  0x0000775eb8f13a3c: ;   {runtime_call load_klass_patching Runtime1 stub}
  0x0000775eb8f13a3c: 0ae8 3e10 

  0x0000775eb8f13a40: ; ImmutableOopMap {[168]=Oop [176]=Oop [208]=Oop }
                      ;*new {reexecute=1 rethrow=0 return_oop=0}
                      ; - (reexecute) kotlin.jvm.internal.Intrinsics::throwParameterIsNullNPE@0 (line 140)
                      ; - kotlin.jvm.internal.Intrinsics::checkNotNullParameter@5 (line 131)
                      ; - kotlin.ResultKt::createFailure@3
                      ; - kotlin.coroutines.jvm.internal.BaseContinuationImpl::resumeWith@76 (line 38)
  0x0000775eb8f13a40: 0607 e9c1 | f1ff ff48 

  0x0000775eb8f13a48: ;   {runtime_call fast_new_instance Runtime1 stub}
  0x0000775eb8f13a48: 8bd2 e831 

  0x0000775eb8f13a4c: ; ImmutableOopMap {[168]=Oop [176]=Oop [208]=Oop }
                      ;*new {reexecute=0 rethrow=0 return_oop=0}
                      ; - kotlin.jvm.internal.Intrinsics::throwParameterIsNullNPE@0 (line 140)
                      ; - kotlin.jvm.internal.Intrinsics::checkNotNullParameter@5 (line 131)
                      ; - kotlin.ResultKt::createFailure@3
                      ; - kotlin.coroutines.jvm.internal.BaseContinuationImpl::resumeWith@76 (line 38)
  0x0000775eb8f13a4c: d905 07e9 | 10f2 ffff 

  0x0000775eb8f13a54: ;   {metadata({method} {0x0000775e4841d110} 'sanitizeStackTrace' '(Ljava/lang/Throwable;)Ljava/lang/Throwable;' in 'kotlin/jvm/internal/Intrinsics')}
  0x0000775eb8f13a54: 49ba 10d1 | 4148 5e77 | 0000 4c89 | 5424 0848 | c704 24ff 

  0x0000775eb8f13a68: ;   {runtime_call counter_overflow Runtime1 stub}
  0x0000775eb8f13a68: ffff ffe8 

  0x0000775eb8f13a6c: ; ImmutableOopMap {[168]=Oop [176]=Oop [208]=Oop [216]=Oop }
                      ;*synchronization entry
                      ; - kotlin.jvm.internal.Intrinsics::sanitizeStackTrace@-1 (line 253)
                      ; - kotlin.jvm.internal.Intrinsics::throwParameterIsNullNPE@11 (line 140)
                      ; - kotlin.jvm.internal.Intrinsics::checkNotNullParameter@5 (line 131)
                      ; - kotlin.ResultKt::createFailure@3
                      ; - kotlin.coroutines.jvm.internal.BaseContinuationImpl::resumeWith@76 (line 38)
  0x0000775eb8f13a6c: 101f 0607 | e998 f2ff 

  0x0000775eb8f13a74: ;   {metadata({method} {0x0000775e52b49be0} 'getName' '()Ljava/lang/String;' in 'java/lang/Class')}
  0x0000775eb8f13a74: ff49 bae0 | 9bb4 525e | 7700 004c | 8954 2408 | 48c7 0424 | ffff ffff 

  0x0000775eb8f13a8c: ;   {runtime_call counter_overflow Runtime1 stub}
  0x0000775eb8f13a8c: e8ef 1e06 

  0x0000775eb8f13a90: ; ImmutableOopMap {rsi=Oop [168]=Oop [176]=Oop [208]=Oop [216]=Oop }
                      ;*synchronization entry
                      ; - java.lang.Class::getName@-1 (line 947)
                      ; - kotlin.jvm.internal.Intrinsics::sanitizeStackTrace@3 (line 253)
                      ; - kotlin.jvm.internal.Intrinsics::throwParameterIsNullNPE@11 (line 140)
                      ; - kotlin.jvm.internal.Intrinsics::checkNotNullParameter@5 (line 131)
                      ; - kotlin.ResultKt::createFailure@3
                      ; - kotlin.coroutines.jvm.internal.BaseContinuationImpl::resumeWith@76 (line 38)
  0x0000775eb8f13a90: 07e9 bdf2 

  0x0000775eb8f13a94: ;   {runtime_call throw_null_pointer_exception Runtime1 stub}
  0x0000775eb8f13a94: ffff e8e5 

  0x0000775eb8f13a98: ; ImmutableOopMap {[168]=Oop [176]=Oop [208]=Oop [216]=Oop }
                      ;*getfield name {reexecute=1 rethrow=0 return_oop=0}
                      ; - (reexecute) java.lang.Class::getName@1 (line 947)
                      ; - kotlin.jvm.internal.Intrinsics::sanitizeStackTrace@3 (line 253)
                      ; - kotlin.jvm.internal.Intrinsics::throwParameterIsNullNPE@11 (line 140)
                      ; - kotlin.jvm.internal.Intrinsics::checkNotNullParameter@5 (line 131)
                      ; - kotlin.ResultKt::createFailure@3
                      ; - kotlin.coroutines.jvm.internal.BaseContinuationImpl::resumeWith@76 (line 38)
                      ;   {metadata({method} {0x0000775e4841ae28} 'throwJavaNpe' '()V' in 'kotlin/jvm/internal/Intrinsics')}
  0x0000775eb8f13a98: c505 0749 | ba28 ae41 | 485e 7700 | 004c 8954 | 2408 48c7 | 0424 ffff 

  0x0000775eb8f13ab0: ;   {runtime_call counter_overflow Runtime1 stub}
  0x0000775eb8f13ab0: ffff e8c9 

  0x0000775eb8f13ab4: ; ImmutableOopMap {[168]=Oop [176]=Oop [232]=Oop }
                      ;*synchronization entry
                      ; - kotlin.jvm.internal.Intrinsics::throwJavaNpe@-1 (line 45)
                      ; - kotlin.jvm.internal.Intrinsics::checkNotNull@4 (line 25)
                      ; - kotlin.coroutines.jvm.internal.BaseContinuationImpl::resumeWith@31 (line 31)
  0x0000775eb8f13ab4: 1e06 07e9 | 71f3 ffff 

  0x0000775eb8f13abc: ;   {metadata(nullptr)}
  0x0000775eb8f13abc: 48ba 0000 | 0000 0000 | 0000 b800 

  0x0000775eb8f13ac8: ;   {runtime_call load_klass_patching Runtime1 stub}
  0x0000775eb8f13ac8: 0f05 0ae8 

  0x0000775eb8f13acc: ; ImmutableOopMap {[168]=Oop [176]=Oop [232]=Oop }
                      ;*new {reexecute=1 rethrow=0 return_oop=0}
                      ; - (reexecute) kotlin.jvm.internal.Intrinsics::throwJavaNpe@0 (line 45)
                      ; - kotlin.jvm.internal.Intrinsics::checkNotNull@4 (line 25)
                      ; - kotlin.coroutines.jvm.internal.BaseContinuationImpl::resumeWith@31 (line 31)
  0x0000775eb8f13acc: b00f 0607 | e95b f3ff | ff48 8bd2 

  0x0000775eb8f13ad8: ;   {runtime_call fast_new_instance Runtime1 stub}
  0x0000775eb8f13ad8: e8a3 d805 

  0x0000775eb8f13adc: ; ImmutableOopMap {[168]=Oop [176]=Oop [232]=Oop }
                      ;*new {reexecute=0 rethrow=0 return_oop=0}
                      ; - kotlin.jvm.internal.Intrinsics::throwJavaNpe@0 (line 45)
                      ; - kotlin.jvm.internal.Intrinsics::checkNotNull@4 (line 25)
                      ; - kotlin.coroutines.jvm.internal.BaseContinuationImpl::resumeWith@31 (line 31)
  0x0000775eb8f13adc: 07e9 aaf3 

  0x0000775eb8f13ae0: ;   {metadata({method} {0x0000775e4841d110} 'sanitizeStackTrace' '(Ljava/lang/Throwable;)Ljava/lang/Throwable;' in 'kotlin/jvm/internal/Intrinsics')}
  0x0000775eb8f13ae0: ffff 49ba | 10d1 4148 | 5e77 0000 | 4c89 5424 | 0848 c704 | 24ff ffff 

  0x0000775eb8f13af8: ;   {runtime_call counter_overflow Runtime1 stub}
  0x0000775eb8f13af8: ffe8 821e 

  0x0000775eb8f13afc: ; ImmutableOopMap {[168]=Oop [176]=Oop [224]=Oop [232]=Oop }
                      ;*synchronization entry
                      ; - kotlin.jvm.internal.Intrinsics::sanitizeStackTrace@-1 (line 253)
                      ; - kotlin.jvm.internal.Intrinsics::throwJavaNpe@7 (line 45)
                      ; - kotlin.jvm.internal.Intrinsics::checkNotNull@4 (line 25)
                      ; - kotlin.coroutines.jvm.internal.BaseContinuationImpl::resumeWith@31 (line 31)
  0x0000775eb8f13afc: 0607 e9f2 

  0x0000775eb8f13b00: ;   {metadata({method} {0x0000775e52b49be0} 'getName' '()Ljava/lang/String;' in 'java/lang/Class')}
  0x0000775eb8f13b00: f3ff ff49 | bae0 9bb4 | 525e 7700 | 004c 8954 | 2408 48c7 | 0424 ffff 

  0x0000775eb8f13b18: ;   {runtime_call counter_overflow Runtime1 stub}
  0x0000775eb8f13b18: ffff e861 

  0x0000775eb8f13b1c: ; ImmutableOopMap {rsi=Oop [168]=Oop [176]=Oop [224]=Oop [232]=Oop }
                      ;*synchronization entry
                      ; - java.lang.Class::getName@-1 (line 947)
                      ; - kotlin.jvm.internal.Intrinsics::sanitizeStackTrace@3 (line 253)
                      ; - kotlin.jvm.internal.Intrinsics::throwJavaNpe@7 (line 45)
                      ; - kotlin.jvm.internal.Intrinsics::checkNotNull@4 (line 25)
                      ; - kotlin.coroutines.jvm.internal.BaseContinuationImpl::resumeWith@31 (line 31)
  0x0000775eb8f13b1c: 1e06 07e9 | 17f4 ffff 

  0x0000775eb8f13b24: ;   {runtime_call throw_null_pointer_exception Runtime1 stub}
  0x0000775eb8f13b24: e857 c505 

  0x0000775eb8f13b28: ; ImmutableOopMap {[168]=Oop [176]=Oop [224]=Oop [232]=Oop }
                      ;*getfield name {reexecute=1 rethrow=0 return_oop=0}
                      ; - (reexecute) java.lang.Class::getName@1 (line 947)
                      ; - kotlin.jvm.internal.Intrinsics::sanitizeStackTrace@3 (line 253)
                      ; - kotlin.jvm.internal.Intrinsics::throwJavaNpe@7 (line 45)
                      ; - kotlin.jvm.internal.Intrinsics::checkNotNull@4 (line 25)
                      ; - kotlin.coroutines.jvm.internal.BaseContinuationImpl::resumeWith@31 (line 31)
                      ;   {metadata({method} {0x0000775e4841bed0} 'throwParameterIsNullNPE' '(Ljava/lang/String;)V' in 'kotlin/jvm/internal/Intrinsics')}
  0x0000775eb8f13b28: 0749 bad0 | be41 485e | 7700 004c | 8954 2408 | 48c7 0424 | ffff ffff 

  0x0000775eb8f13b40: ;   {runtime_call counter_overflow Runtime1 stub}
  0x0000775eb8f13b40: e83b 1e06 

  0x0000775eb8f13b44: ; ImmutableOopMap {[232]=Oop [248]=Oop }
                      ;*synchronization entry
                      ; - kotlin.jvm.internal.Intrinsics::throwParameterIsNullNPE@-1 (line 140)
                      ; - kotlin.jvm.internal.Intrinsics::checkNotNullParameter@5 (line 131)
                      ; - kotlin.coroutines.jvm.internal.DebugProbesKt::probeCoroutineResumed@3
                      ; - kotlin.coroutines.jvm.internal.BaseContinuationImpl::resumeWith@13 (line 29)
  0x0000775eb8f13b44: 07e9 cbf4 

  0x0000775eb8f13b48: ;   {metadata(nullptr)}
  0x0000775eb8f13b48: ffff 48ba | 0000 0000 | 0000 0000 | b800 0f05 

  0x0000775eb8f13b58: ;   {runtime_call load_klass_patching Runtime1 stub}
  0x0000775eb8f13b58: 0ae8 220f 

  0x0000775eb8f13b5c: ; ImmutableOopMap {[232]=Oop [248]=Oop }
                      ;*new {reexecute=1 rethrow=0 return_oop=0}
                      ; - (reexecute) kotlin.jvm.internal.Intrinsics::throwParameterIsNullNPE@0 (line 140)
                      ; - kotlin.jvm.internal.Intrinsics::checkNotNullParameter@5 (line 131)
                      ; - kotlin.coroutines.jvm.internal.DebugProbesKt::probeCoroutineResumed@3
                      ; - kotlin.coroutines.jvm.internal.BaseContinuationImpl::resumeWith@13 (line 29)
  0x0000775eb8f13b5c: 0607 e9b5 | f4ff ff48 

  0x0000775eb8f13b64: ;   {runtime_call fast_new_instance Runtime1 stub}
  0x0000775eb8f13b64: 8bd2 e815 

  0x0000775eb8f13b68: ; ImmutableOopMap {[232]=Oop [248]=Oop }
                      ;*new {reexecute=0 rethrow=0 return_oop=0}
                      ; - kotlin.jvm.internal.Intrinsics::throwParameterIsNullNPE@0 (line 140)
                      ; - kotlin.jvm.internal.Intrinsics::checkNotNullParameter@5 (line 131)
                      ; - kotlin.coroutines.jvm.internal.DebugProbesKt::probeCoroutineResumed@3
                      ; - kotlin.coroutines.jvm.internal.BaseContinuationImpl::resumeWith@13 (line 29)
  0x0000775eb8f13b68: d805 07e9 | 04f5 ffff 

  0x0000775eb8f13b70: ;   {metadata({method} {0x0000775e4841d110} 'sanitizeStackTrace' '(Ljava/lang/Throwable;)Ljava/lang/Throwable;' in 'kotlin/jvm/internal/Intrinsics')}
  0x0000775eb8f13b70: 49ba 10d1 | 4148 5e77 | 0000 4c89 | 5424 0848 | c704 24ff 

  0x0000775eb8f13b84: ;   {runtime_call counter_overflow Runtime1 stub}
  0x0000775eb8f13b84: ffff ffe8 

  0x0000775eb8f13b88: ; ImmutableOopMap {[232]=Oop [240]=Oop [248]=Oop }
                      ;*synchronization entry
                      ; - kotlin.jvm.internal.Intrinsics::sanitizeStackTrace@-1 (line 253)
                      ; - kotlin.jvm.internal.Intrinsics::throwParameterIsNullNPE@11 (line 140)
                      ; - kotlin.jvm.internal.Intrinsics::checkNotNullParameter@5 (line 131)
                      ; - kotlin.coroutines.jvm.internal.DebugProbesKt::probeCoroutineResumed@3
                      ; - kotlin.coroutines.jvm.internal.BaseContinuationImpl::resumeWith@13 (line 29)
  0x0000775eb8f13b88: f41d 0607 | e98c f5ff 

  0x0000775eb8f13b90: ;   {metadata({method} {0x0000775e52b49be0} 'getName' '()Ljava/lang/String;' in 'java/lang/Class')}
  0x0000775eb8f13b90: ff49 bae0 | 9bb4 525e | 7700 004c | 8954 2408 | 48c7 0424 | ffff ffff 

  0x0000775eb8f13ba8: ;   {runtime_call counter_overflow Runtime1 stub}
  0x0000775eb8f13ba8: e8d3 1d06 

  0x0000775eb8f13bac: ; ImmutableOopMap {rsi=Oop [232]=Oop [240]=Oop [248]=Oop }
                      ;*synchronization entry
                      ; - java.lang.Class::getName@-1 (line 947)
                      ; - kotlin.jvm.internal.Intrinsics::sanitizeStackTrace@3 (line 253)
                      ; - kotlin.jvm.internal.Intrinsics::throwParameterIsNullNPE@11 (line 140)
                      ; - kotlin.jvm.internal.Intrinsics::checkNotNullParameter@5 (line 131)
                      ; - kotlin.coroutines.jvm.internal.DebugProbesKt::probeCoroutineResumed@3
                      ; - kotlin.coroutines.jvm.internal.BaseContinuationImpl::resumeWith@13 (line 29)
  0x0000775eb8f13bac: 07e9 b1f5 

  0x0000775eb8f13bb0: ;   {runtime_call throw_null_pointer_exception Runtime1 stub}
  0x0000775eb8f13bb0: ffff e8c9 

  0x0000775eb8f13bb4: ; ImmutableOopMap {[232]=Oop [240]=Oop [248]=Oop }
                      ;*getfield name {reexecute=1 rethrow=0 return_oop=0}
                      ; - (reexecute) java.lang.Class::getName@1 (line 947)
                      ; - kotlin.jvm.internal.Intrinsics::sanitizeStackTrace@3 (line 253)
                      ; - kotlin.jvm.internal.Intrinsics::throwParameterIsNullNPE@11 (line 140)
                      ; - kotlin.jvm.internal.Intrinsics::checkNotNullParameter@5 (line 131)
                      ; - kotlin.coroutines.jvm.internal.DebugProbesKt::probeCoroutineResumed@3
                      ; - kotlin.coroutines.jvm.internal.BaseContinuationImpl::resumeWith@13 (line 29)
                      ;   {runtime_call throw_null_pointer_exception Runtime1 stub}
  0x0000775eb8f13bb4: c405 07e8 

  0x0000775eb8f13bb8: ; ImmutableOopMap {rbx=Oop rax=Oop [176]=Oop }
                      ;*invokeinterface resumeWith {reexecute=0 rethrow=0 return_oop=0}
                      ; - kotlin.coroutines.jvm.internal.BaseContinuationImpl::resumeWith@114 (line 47)
  0x0000775eb8f13bb8: c4c4 0507 

  0x0000775eb8f13bbc: ;   {internal_word}
  0x0000775eb8f13bbc: 49ba bc32 | f1b8 5e77 | 0000 4d89 | 9760 0400 

  0x0000775eb8f13bcc: ;   {runtime_call SafepointBlob}
  0x0000775eb8f13bcc: 00e9 2e04 

  0x0000775eb8f13bd0: ;   {internal_word}
  0x0000775eb8f13bd0: fa06 49ba | d232 f1b8 | 5e77 0000 | 4d89 9760 

  0x0000775eb8f13be0: ;   {runtime_call SafepointBlob}
  0x0000775eb8f13be0: 0400 00e9 | 1804 fa06 | 4889 0424 

  0x0000775eb8f13bec: ;   {runtime_call throw_class_cast_exception Runtime1 stub}
  0x0000775eb8f13bec: e88f f205 

  0x0000775eb8f13bf0: ; ImmutableOopMap {rsi=Oop [232]=Oop }
                      ;*checkcast {reexecute=0 rethrow=0 return_oop=0}
                      ; - kotlin.jvm.internal.Intrinsics::throwParameterIsNullNPE@14 (line 140)
                      ; - kotlin.jvm.internal.Intrinsics::checkNotNullParameter@5 (line 131)
                      ; - kotlin.coroutines.jvm.internal.DebugProbesKt::probeCoroutineResumed@3
                      ; - kotlin.coroutines.jvm.internal.BaseContinuationImpl::resumeWith@13 (line 29)
                      ;   {runtime_call throw_null_pointer_exception Runtime1 stub}
  0x0000775eb8f13bf0: 07e8 8ac4 

  0x0000775eb8f13bf4: ; ImmutableOopMap {rsi=Oop rax=Oop [232]=Oop }
                      ;*athrow {reexecute=1 rethrow=0 return_oop=0}
                      ; - (reexecute) kotlin.jvm.internal.Intrinsics::throwParameterIsNullNPE@17 (line 140)
                      ; - kotlin.jvm.internal.Intrinsics::checkNotNullParameter@5 (line 131)
                      ; - kotlin.coroutines.jvm.internal.DebugProbesKt::probeCoroutineResumed@3
                      ; - kotlin.coroutines.jvm.internal.BaseContinuationImpl::resumeWith@13 (line 29)
  0x0000775eb8f13bf4: 0507 4889 

  0x0000775eb8f13bf8: ;   {runtime_call throw_class_cast_exception Runtime1 stub}
  0x0000775eb8f13bf8: 0424 e881 

  0x0000775eb8f13bfc: ; ImmutableOopMap {rdx=Oop [168]=Oop [176]=Oop }
                      ;*checkcast {reexecute=0 rethrow=0 return_oop=0}
                      ; - kotlin.jvm.internal.Intrinsics::throwJavaNpe@10 (line 45)
                      ; - kotlin.jvm.internal.Intrinsics::checkNotNull@4 (line 25)
                      ; - kotlin.coroutines.jvm.internal.BaseContinuationImpl::resumeWith@31 (line 31)
                      ;   {runtime_call throw_null_pointer_exception Runtime1 stub}
  0x0000775eb8f13bfc: f205 07e8 

  0x0000775eb8f13c00: ; ImmutableOopMap {rdx=Oop rax=Oop [168]=Oop [176]=Oop }
                      ;*athrow {reexecute=1 rethrow=0 return_oop=0}
                      ; - (reexecute) kotlin.jvm.internal.Intrinsics::throwJavaNpe@13 (line 45)
                      ; - kotlin.jvm.internal.Intrinsics::checkNotNull@4 (line 25)
                      ; - kotlin.coroutines.jvm.internal.BaseContinuationImpl::resumeWith@31 (line 31)
  0x0000775eb8f13c00: 7cc4 0507 | 4889 0424 

  0x0000775eb8f13c08: ;   {runtime_call throw_class_cast_exception Runtime1 stub}
  0x0000775eb8f13c08: e873 f205 

  0x0000775eb8f13c0c: ; ImmutableOopMap {[168]=Oop [176]=Oop [208]=Oop }
                      ;*checkcast {reexecute=0 rethrow=0 return_oop=0}
                      ; - kotlin.jvm.internal.Intrinsics::throwParameterIsNullNPE@14 (line 140)
                      ; - kotlin.jvm.internal.Intrinsics::checkNotNullParameter@5 (line 131)
                      ; - kotlin.ResultKt::createFailure@3
                      ; - kotlin.coroutines.jvm.internal.BaseContinuationImpl::resumeWith@76 (line 38)
                      ;   {runtime_call throw_null_pointer_exception Runtime1 stub}
  0x0000775eb8f13c0c: 07e8 6ec4 

  0x0000775eb8f13c10: ; ImmutableOopMap {rax=Oop [168]=Oop [176]=Oop [208]=Oop }
                      ;*athrow {reexecute=1 rethrow=0 return_oop=0}
                      ; - (reexecute) kotlin.jvm.internal.Intrinsics::throwParameterIsNullNPE@17 (line 140)
                      ; - kotlin.jvm.internal.Intrinsics::checkNotNullParameter@5 (line 131)
                      ; - kotlin.ResultKt::createFailure@3
                      ; - kotlin.coroutines.jvm.internal.BaseContinuationImpl::resumeWith@76 (line 38)
  0x0000775eb8f13c10: 0507 4889 

  0x0000775eb8f13c14: ;   {runtime_call throw_class_cast_exception Runtime1 stub}
  0x0000775eb8f13c14: 0424 e865 

  0x0000775eb8f13c18: ; ImmutableOopMap {rbx=Oop rsi=Oop rdi=Oop rdx=Oop [176]=Oop }
                      ;*checkcast {reexecute=0 rethrow=0 return_oop=0}
                      ; - kotlin.jvm.internal.Intrinsics::throwParameterIsNullNPE@14 (line 140)
                      ; - kotlin.jvm.internal.Intrinsics::checkNotNullParameter@5 (line 131)
                      ; - kotlin.Result$Failure::<init>@3
                      ; - kotlin.ResultKt::createFailure@11 (line 122)
                      ; - kotlin.coroutines.jvm.internal.BaseContinuationImpl::resumeWith@76 (line 38)
                      ;   {runtime_call throw_null_pointer_exception Runtime1 stub}
  0x0000775eb8f13c18: f205 07e8 

  0x0000775eb8f13c1c: ; ImmutableOopMap {rbx=Oop rsi=Oop rdi=Oop rdx=Oop rax=Oop [176]=Oop }
                      ;*athrow {reexecute=1 rethrow=0 return_oop=0}
                      ; - (reexecute) kotlin.jvm.internal.Intrinsics::throwParameterIsNullNPE@17 (line 140)
                      ; - kotlin.jvm.internal.Intrinsics::checkNotNullParameter@5 (line 131)
                      ; - kotlin.Result$Failure::<init>@3
                      ; - kotlin.ResultKt::createFailure@11 (line 122)
                      ; - kotlin.coroutines.jvm.internal.BaseContinuationImpl::resumeWith@76 (line 38)
  0x0000775eb8f13c1c: 60c4 0507 | 498b 87f8 | 0400 0049 | c787 f804 | 0000 0000 | 0000 49c7 | 8700 0500 | 0000 0000 
  0x0000775eb8f13c3c: 0048 81c4 | 1001 0000 

  0x0000775eb8f13c44: ;   {runtime_call unwind_exception Runtime1 stub}
  0x0000775eb8f13c44: 5de9 b6b0 | 0507 f4f4 | f4f4 f4f4 
[Stub Code]
  0x0000775eb8f13c50: ;   {no_reloc}
  0x0000775eb8f13c50: 0f1f 4400 

  0x0000775eb8f13c54: ;   {static_stub}
  0x0000775eb8f13c54: 0048 bb00 | 0000 0000 

  0x0000775eb8f13c5c: ;   {runtime_call nmethod}
  0x0000775eb8f13c5c: 0000 00e9 | fbff ffff 

  0x0000775eb8f13c64: ;   {static_stub}
  0x0000775eb8f13c64: 9048 bb00 | 0000 0000 

  0x0000775eb8f13c6c: ;   {runtime_call nmethod}
  0x0000775eb8f13c6c: 0000 00e9 | fbff ffff 

  0x0000775eb8f13c74: ;   {static_stub}
  0x0000775eb8f13c74: 9048 bb00 | 0000 0000 

  0x0000775eb8f13c7c: ;   {runtime_call nmethod}
  0x0000775eb8f13c7c: 0000 00e9 | fbff ffff 

  0x0000775eb8f13c84: ;   {static_stub}
  0x0000775eb8f13c84: 48bb 0000 | 0000 0000 

  0x0000775eb8f13c8c: ;   {runtime_call nmethod}
  0x0000775eb8f13c8c: 0000 e9fb 

  0x0000775eb8f13c90: ;   {static_stub}
  0x0000775eb8f13c90: ffff ff48 | bb00 0000 | 0000 0000 

  0x0000775eb8f13c9c: ;   {runtime_call nmethod}
  0x0000775eb8f13c9c: 00e9 fbff 

  0x0000775eb8f13ca0: ;   {static_stub}
  0x0000775eb8f13ca0: ffff 48bb | 0000 0000 | 0000 0000 

  0x0000775eb8f13cac: ;   {runtime_call nmethod}
  0x0000775eb8f13cac: e9fb ffff 

  0x0000775eb8f13cb0: ;   {static_stub}
  0x0000775eb8f13cb0: ff48 bb00 | 0000 0000 

  0x0000775eb8f13cb8: ;   {runtime_call nmethod}
  0x0000775eb8f13cb8: 0000 00e9 | fbff ffff 

  0x0000775eb8f13cc0: ;   {static_stub}
  0x0000775eb8f13cc0: 48bb 0000 | 0000 0000 

  0x0000775eb8f13cc8: ;   {runtime_call nmethod}
  0x0000775eb8f13cc8: 0000 e9fb 

  0x0000775eb8f13ccc: ;   {runtime_call handle_exception_from_callee Runtime1 stub}
  0x0000775eb8f13ccc: ffff ffe8 | aceb 0507 

  0x0000775eb8f13cd4: ;   {external_word}
  0x0000775eb8f13cd4: 48bf d2d4 | 33d4 5e77 | 0000 4883 

  0x0000775eb8f13ce0: ;   {runtime_call MacroAssembler::debug64(char*, long, long*)}
  0x0000775eb8f13ce0: e4f0 e8b9 | 1def 1af4 
[Deopt Handler Code]
  0x0000775eb8f13ce8: ;   {section_word}
  0x0000775eb8f13ce8: 49ba e83c | f1b8 5e77 | 0000 4152 

  0x0000775eb8f13cf4: ;   {runtime_call DeoptimizationBlob}
  0x0000775eb8f13cf4: e9a7 f5f9 | 06f4 f4f4 | f4f4 f4f4 
[/MachCode]


Compiled method (c1) 3859 2948   !   3       kotlinx.coroutines.DispatchedTask::run (387 bytes)
 total in heap  [0x0000775eb8f1b690,0x0000775eb8f20a48] = 21432
 relocation     [0x0000775eb8f1b7e8,0x0000775eb8f1bd08] = 1312
 main code      [0x0000775eb8f1bd20,0x0000775eb8f1ed90] = 12400
 stub code      [0x0000775eb8f1ed90,0x0000775eb8f1ef58] = 456
 oops           [0x0000775eb8f1ef58,0x0000775eb8f1ef78] = 32
 metadata       [0x0000775eb8f1ef78,0x0000775eb8f1f008] = 144
 scopes data    [0x0000775eb8f1f008,0x0000775eb8f1f968] = 2400
 scopes pcs     [0x0000775eb8f1f968,0x0000775eb8f200f8] = 1936
 dependencies   [0x0000775eb8f200f8,0x0000775eb8f20120] = 40
 handler table  [0x0000775eb8f20120,0x0000775eb8f209b8] = 2200
 nul chk table  [0x0000775eb8f209b8,0x0000775eb8f20a48] = 144

[Constant Pool (empty)]

[MachCode]
[Entry Point]
  # {method} {0x0000775e48622238} 'run' '()V' in 'kotlinx/coroutines/DispatchedTask'
  #           [sp+0x180]  (sp of caller)
  0x0000775eb8f1bd20: 448b 5608 | 49bb 0000 | 0052 5e77 | 0000 4d03 | d34c 3bd0 

  0x0000775eb8f1bd34: ;   {runtime_call ic_miss_stub}
  0x0000775eb8f1bd34: 0f85 4613 | f906 660f | 1f44 0000 
[Verified Entry Point]
  0x0000775eb8f1bd40: 8984 2400 | c0fe ff55 | 4881 ec70 | 0100 0090 | 4181 7f20 | 0300 0000 

  0x0000775eb8f1bd58: ;   {runtime_call StubRoutines (final stubs)}
  0x0000775eb8f1bd58: 7405 e841 | 77f7 0648 | 89b4 24b0 

  0x0000775eb8f1bd64: ;   {metadata(method data for {method} {0x0000775e48622238} 'run' '()V' in 'kotlinx/coroutines/DispatchedTask')}
  0x0000775eb8f1bd64: 0000 0048 | bf78 a386 | 495e 7700 | 008b 9ff4 | 0000 0083 | c302 899f | f400 0000 | 81e3 fe07 
  0x0000775eb8f1bd84: 0000 85db | 0f84 7429 

  0x0000775eb8f1bd8c: ;   {metadata(method data for {method} {0x0000775e48622238} 'run' '()V' in 'kotlinx/coroutines/DispatchedTask')}
  0x0000775eb8f1bd8c: 0000 48bf | 78a3 8649 | 5e77 0000 | 4883 8738 | 0100 0001 

  0x0000775eb8f1bda0: ;   {metadata(method data for {method} {0x0000775e484ff820} 'getASSERTIONS_ENABLED' '()Z' in 'kotlinx/coroutines/DebugKt')}
  0x0000775eb8f1bda0: 48bf 0033 | 8149 5e77 | 0000 8b9f | f400 0000 | 83c3 0289 | 9ff4 0000 | 0081 e3fe | ff1f 0085 
  0x0000775eb8f1bdc0: db0f 845c 

  0x0000775eb8f1bdc4: ;   {metadata(method data for {method} {0x0000775e48622238} 'run' '()V' in 'kotlinx/coroutines/DispatchedTask')}
  0x0000775eb8f1bdc4: 2900 0048 | bf78 a386 | 495e 7700 | 00ff 8748 | 0100 0048 

  0x0000775eb8f1bdd8: ;   {metadata(method data for {method} {0x0000775e48622238} 'run' '()V' in 'kotlinx/coroutines/DispatchedTask')}
  0x0000775eb8f1bdd8: 8bfe 48bb | 78a3 8649 | 5e77 0000 | 8b7f 0849 | ba00 0000 | 525e 7700 | 0049 03fa | 483b bbe0 
  0x0000775eb8f1bdf8: 0100 0075 | 0d48 8383 | e801 0000 | 01e9 6000 | 0000 483b | bbf0 0100 | 0075 0d48 | 8383 f801 
  0x0000775eb8f1be18: 0000 01e9 | 4a00 0000 | 4883 bbe0 | 0100 0000 | 7517 4889 | bbe0 0100 | 0048 c783 | e801 0000 
  0x0000775eb8f1be38: 0100 0000 | e929 0000 | 0048 83bb | f001 0000 | 0075 1748 | 89bb f001 | 0000 48c7 | 83f8 0100 
  0x0000775eb8f1be58: 0001 0000 | 00e9 0800 | 0000 4883 | 83d0 0100 | 0001 488b | fe48 8bf7 | 0f1f 4400 | 0048 b8ff 
  0x0000775eb8f1be78: ffff ffff 

  0x0000775eb8f1be7c: ;   {virtual_call}
  0x0000775eb8f1be7c: ffff ffe8 

  0x0000775eb8f1be80: ; ImmutableOopMap {[176]=Oop }
                      ;*invokevirtual getDelegate$kotlinx_coroutines_core {reexecute=0 rethrow=0 return_oop=0}
                      ; - kotlinx.coroutines.DispatchedTask::run@34 (line 80)
  0x0000775eb8f1be80: 3c4b 1007 

  0x0000775eb8f1be84: ;   {other}
  0x0000775eb8f1be84: 0f1f 8400 | f407 0000 | 4889 8424 | b800 0000 

  0x0000775eb8f1be94: ;   {metadata(method data for {method} {0x0000775e48622238} 'run' '()V' in 'kotlinx/coroutines/DispatchedTask')}
  0x0000775eb8f1be94: 48ba 78a3 | 8649 5e77 | 0000 4883 | 8208 0200 

  0x0000775eb8f1bea4: ;   {metadata(method data for {method} {0x0000775e4841abc8} 'checkNotNull' '(Ljava/lang/Object;Ljava/lang/String;)V' in 'kotlin/jvm/internal/Intrinsics')}
  0x0000775eb8f1bea4: 0001 48ba | c0cf 0549 | 5e77 0000 | 8bb2 f400 | 0000 83c6 | 0289 b2f4 | 0000 0081 | e6fe ff1f 
  0x0000775eb8f1bec4: 0085 f60f | 8477 2800 | 0048 85c0 

  0x0000775eb8f1bed0: ;   {metadata(method data for {method} {0x0000775e4841abc8} 'checkNotNull' '(Ljava/lang/Object;Ljava/lang/String;)V' in 'kotlin/jvm/internal/Intrinsics')}
  0x0000775eb8f1bed0: 48ba c0cf | 0549 5e77 | 0000 48c7 | c638 0100 | 0075 0748 | c7c6 4801 | 0000 488b | 3c32 488d 
  0x0000775eb8f1bef0: 7f01 4889 | 3c32 0f85 | e001 0000 

  0x0000775eb8f1befc: ;   {metadata(method data for {method} {0x0000775e4841abc8} 'checkNotNull' '(Ljava/lang/Object;Ljava/lang/String;)V' in 'kotlin/jvm/internal/Intrinsics')}
  0x0000775eb8f1befc: 48ba c0cf | 0549 5e77 | 0000 4883 | 8258 0100 

  0x0000775eb8f1bf0c: ;   {metadata(method data for {method} {0x0000775e4841aef8} 'throwJavaNpe' '(Ljava/lang/String;)V' in 'kotlin/jvm/internal/Intrinsics')}
  0x0000775eb8f1bf0c: 0001 48ba | d0d1 0549 | 5e77 0000 | 8bb2 f400 | 0000 83c6 | 0289 b2f4 | 0000 0081 | e6fe ff1f 
  0x0000775eb8f1bf2c: 0085 f60f | 8430 2800 | 0066 6690 

  0x0000775eb8f1bf38: ;   {no_reloc}
  0x0000775eb8f1bf38: e958 2800 | 0000 0000 | 0000 498b | 87b8 0100 | 0048 8d78 | 3049 3bbf | c801 0000 | 0f87 4528 
  0x0000775eb8f1bf58: 0000 4989 | bfb8 0100 | 0048 c700 | 0100 0000 | 488b ca49 | ba00 0000 | 525e 7700 | 0049 2bca 
  0x0000775eb8f1bf78: 8948 0848 | 33c9 8948 | 0c48 33c9 | 4889 4810 | 4889 4818 | 4889 4820 | 4889 4828 

  0x0000775eb8f1bf94: ;   {metadata(method data for {method} {0x0000775e4841aef8} 'throwJavaNpe' '(Ljava/lang/String;)V' in 'kotlin/jvm/internal/Intrinsics')}
  0x0000775eb8f1bf94: 488b d048 | bed0 d105 | 495e 7700 | 0048 8386 | 3801 0000 

  0x0000775eb8f1bfa8: ;   {oop("null cannot be cast to non-null type kotlinx.coroutines.internal.DispatchedContinuation<T of kotlinx.coroutines.DispatchedTask>"{0x0000000527b85b10})}
  0x0000775eb8f1bfa8: 0148 ba10 | 5bb8 2705 | 0000 0048 | 8bf0 4889 | 8424 c000 

  0x0000775eb8f1bfbc: ;   {optimized virtual_call}
  0x0000775eb8f1bfbc: 0000 90e8 

  0x0000775eb8f1bfc0: ; ImmutableOopMap {[176]=Oop [184]=Oop [192]=Oop }
                      ;*invokespecial <init> {reexecute=0 rethrow=0 return_oop=0}
                      ; - kotlin.jvm.internal.Intrinsics::throwJavaNpe@5 (line 50)
                      ; - kotlin.jvm.internal.Intrinsics::checkNotNull@5 (line 31)
                      ; - kotlinx.coroutines.DispatchedTask::run@40 (line 80)
  0x0000775eb8f1bfc0: bc13 f906 

  0x0000775eb8f1bfc4: ;   {other}
  0x0000775eb8f1bfc4: 0f1f 8400 | 3409 0001 

  0x0000775eb8f1bfcc: ;   {metadata(method data for {method} {0x0000775e4841aef8} 'throwJavaNpe' '(Ljava/lang/String;)V' in 'kotlin/jvm/internal/Intrinsics')}
  0x0000775eb8f1bfcc: 48be d0d1 | 0549 5e77 | 0000 4883 | 8648 0100 

  0x0000775eb8f1bfdc: ;   {metadata(method data for {method} {0x0000775e4841d110} 'sanitizeStackTrace' '(Ljava/lang/Throwable;)Ljava/lang/Throwable;' in 'kotlin/jvm/internal/Intrinsics')}
  0x0000775eb8f1bfdc: 0001 48be | 988c 6e48 | 5e77 0000 | 8bbe f400 | 0000 83c7 | 0289 bef4 | 0000 0081 | e7fe ff1f 
  0x0000775eb8f1bffc: 0085 ff0f | 84a7 2700 

  0x0000775eb8f1c004: ;   {oop(a 'java/lang/Class'{0x000000052782ee18} = 'kotlin/jvm/internal/Intrinsics')}
  0x0000775eb8f1c004: 0048 be18 | ee82 2705 | 0000 0048 

  0x0000775eb8f1c010: ;   {metadata(method data for {method} {0x0000775e4841d110} 'sanitizeStackTrace' '(Ljava/lang/Throwable;)Ljava/lang/Throwable;' in 'kotlin/jvm/internal/Intrinsics')}
  0x0000775eb8f1c010: 8bfe 48bb | 988c 6e48 | 5e77 0000 | 4883 8338 | 0100 0001 

  0x0000775eb8f1c024: ;   {metadata(method data for {method} {0x0000775e52b49be0} 'getName' '()Ljava/lang/String;' in 'java/lang/Class')}
  0x0000775eb8f1c024: 48bf 982d | 0448 5e77 | 0000 8b9f | f400 0000 | 83c3 0289 | 9ff4 0000 | 0081 e3fe | ff1f 0085 
  0x0000775eb8f1c044: db0f 8482 | 2700 008b | 762c 48c1 | e603 4885 

  0x0000775eb8f1c054: ;   {metadata(method data for {method} {0x0000775e52b49be0} 'getName' '()Ljava/lang/String;' in 'java/lang/Class')}
  0x0000775eb8f1c054: f648 bf98 | 2d04 485e | 7700 0048 | c7c3 3801 | 0000 7407 | 48c7 c348 | 0100 0048 | 8b04 1f48 
  0x0000775eb8f1c074: 8d40 0148 | 8904 1f0f | 8418 0000 

  0x0000775eb8f1c080: ;   {metadata(method data for {method} {0x0000775e52b49be0} 'getName' '()Ljava/lang/String;' in 'java/lang/Class')}
  0x0000775eb8f1c080: 0048 bf98 | 2d04 485e | 7700 00ff | 8758 0100 | 0048 8bfe | e936 0000 

  0x0000775eb8f1c098: ;   {oop(a 'java/lang/Class'{0x000000052782ee18} = 'kotlin/jvm/internal/Intrinsics')}
  0x0000775eb8f1c098: 0048 be18 | ee82 2705 | 0000 0048 

  0x0000775eb8f1c0a4: ;   {metadata(method data for {method} {0x0000775e52b49be0} 'getName' '()Ljava/lang/String;' in 'java/lang/Class')}
  0x0000775eb8f1c0a4: 8bfe 48bb | 982d 0448 | 5e77 0000 | 4883 8370 | 0100 0001 | 0f1f 8000 

  0x0000775eb8f1c0bc: ;   {optimized virtual_call}
  0x0000775eb8f1c0bc: 0000 00e8 

  0x0000775eb8f1c0c0: ; ImmutableOopMap {[176]=Oop [184]=Oop [192]=Oop }
                      ;*invokevirtual initClassName {reexecute=0 rethrow=0 return_oop=0}
                      ; - java.lang.Class::getName@14 (line 948)
                      ; - kotlin.jvm.internal.Intrinsics::sanitizeStackTrace@3 (line 253)
                      ; - kotlin.jvm.internal.Intrinsics::throwJavaNpe@8 (line 50)
                      ; - kotlin.jvm.internal.Intrinsics::checkNotNull@5 (line 31)
                      ; - kotlinx.coroutines.DispatchedTask::run@40 (line 80)
  0x0000775eb8f1c0c0: bc12 f906 

  0x0000775eb8f1c0c4: ;   {other}
  0x0000775eb8f1c0c4: 0f1f 8400 | 340a 0002 | 488b f848 | 8b84 24c0 | 0000 00e9 | 1822 0000 | 4885 c075 

  0x0000775eb8f1c0e0: ;   {metadata(method data for {method} {0x0000775e48622238} 'run' '()V' in 'kotlinx/coroutines/DispatchedTask')}
  0x0000775eb8f1c0e0: 1648 bb78 | a386 495e | 7700 0080 | 8b11 0200 | 0001 e9cc 

  0x0000775eb8f1c0f4: ;   {metadata('kotlinx/coroutines/internal/DispatchedContinuation')}
  0x0000775eb8f1c0f4: 0000 0048 | bec0 be08 | 545e 7700 | 008b 7808 | 49ba 0000 | 0052 5e77 | 0000 4903 | fa48 3bf7 
  0x0000775eb8f1c114: 0f85 8d00 

  0x0000775eb8f1c118: ;   {metadata(method data for {method} {0x0000775e48622238} 'run' '()V' in 'kotlinx/coroutines/DispatchedTask')}
  0x0000775eb8f1c118: 0000 48bb | 78a3 8649 | 5e77 0000 | 8b70 0849 | ba00 0000 | 525e 7700 | 0049 03f2 | 483b b328 
  0x0000775eb8f1c138: 0200 0075 | 0d48 8383 | 3002 0000 | 01e9 7900 | 0000 483b | b338 0200 | 0075 0d48 | 8383 4002 
  0x0000775eb8f1c158: 0000 01e9 | 6300 0000 | 4883 bb28 | 0200 0000 | 7517 4889 | b328 0200 | 0048 c783 | 3002 0000 
  0x0000775eb8f1c178: 0100 0000 | e942 0000 | 0048 83bb | 3802 0000 | 0075 1748 | 89b3 3802 | 0000 48c7 | 8340 0200 
  0x0000775eb8f1c198: 0001 0000 | 00e9 2100 | 0000 e91c 

  0x0000775eb8f1c1a4: ;   {metadata(method data for {method} {0x0000775e48622238} 'run' '()V' in 'kotlinx/coroutines/DispatchedTask')}
  0x0000775eb8f1c1a4: 0000 0048 | bb78 a386 | 495e 7700 | 0048 83ab | 1802 0000 | 01e9 3526 | 0000 e900 | 0000 0048 
  0x0000775eb8f1c1c4: 8bf0 8b7e | 2048 c1e7 | 038b 5e28 | 48c1 e303 

  0x0000775eb8f1c1d4: ; implicit exception: dispatches to 0x0000775eb8f1e801
  0x0000775eb8f1c1d4: 483b 0748 

  0x0000775eb8f1c1d8: ;   {metadata(method data for {method} {0x0000775e48622238} 'run' '()V' in 'kotlinx/coroutines/DispatchedTask')}
  0x0000775eb8f1c1d8: 8bf7 48b8 | 78a3 8649 | 5e77 0000 | 8b76 0849 | ba00 0000 | 525e 7700 | 0049 03f2 | 483b b060 
  0x0000775eb8f1c1f8: 0200 0075 | 0d48 8380 | 6802 0000 | 01e9 6000 | 0000 483b | b070 0200 | 0075 0d48 | 8380 7802 
  0x0000775eb8f1c218: 0000 01e9 | 4a00 0000 | 4883 b860 | 0200 0000 | 7517 4889 | b060 0200 | 0048 c780 | 6802 0000 
  0x0000775eb8f1c238: 0100 0000 | e929 0000 | 0048 83b8 | 7002 0000 | 0075 1748 | 89b0 7002 | 0000 48c7 | 8078 0200 
  0x0000775eb8f1c258: 0001 0000 | 00e9 0800 | 0000 4883 | 8050 0200 | 0001 488b | f748 89bc | 24d0 0000 | 0048 899c 
  0x0000775eb8f1c278: 24c8 0000 | 0048 b850 | 2657 855d 

  0x0000775eb8f1c284: ;   {virtual_call}
  0x0000775eb8f1c284: 7700 00e8 

  0x0000775eb8f1c288: ; ImmutableOopMap {[176]=Oop [200]=Oop [208]=Oop }
                      ;*invokeinterface getContext {reexecute=0 rethrow=0 return_oop=0}
                      ; - kotlinx.coroutines.DispatchedTask::run@61 (line 222)
  0x0000775eb8f1c288: f445 1007 

  0x0000775eb8f1c28c: ;   {other}
  0x0000775eb8f1c28c: 0f1f 8400 | fc0b 0003 

  0x0000775eb8f1c294: ;   {metadata(method data for {method} {0x0000775e48622238} 'run' '()V' in 'kotlinx/coroutines/DispatchedTask')}
  0x0000775eb8f1c294: 48be 78a3 | 8649 5e77 | 0000 4883 | 8688 0200 | 0001 488b | f048 8b94 | 24c8 0000 | 0048 8984 
  0x0000775eb8f1c2b4: 24d8 0000 | 0066 0f1f 

  0x0000775eb8f1c2bc: ;   {static_call}
  0x0000775eb8f1c2bc: 4400 00e8 

  0x0000775eb8f1c2c0: ; ImmutableOopMap {[176]=Oop [208]=Oop [216]=Oop }
                      ;*invokestatic updateThreadContext {reexecute=0 rethrow=0 return_oop=0}
                      ; - kotlinx.coroutines.DispatchedTask::run@71 (line 223)
  0x0000775eb8f1c2c0: 7cb5 ffff 

  0x0000775eb8f1c2c4: ;   {other}
  0x0000775eb8f1c2c4: 0f1f 8400 | 340c 0004 

  0x0000775eb8f1c2cc: ;   {oop(a 'kotlinx/coroutines/internal/Symbol'{0x00000005279130a0})}
  0x0000775eb8f1c2cc: 49ba a030 | 9127 0500 | 0000 493b 

  0x0000775eb8f1c2d8: ;   {metadata(method data for {method} {0x0000775e48622238} 'run' '()V' in 'kotlinx/coroutines/DispatchedTask')}
  0x0000775eb8f1c2d8: c248 be78 | a386 495e | 7700 0048 | c7c2 9802 | 0000 7407 | 48c7 c2a8 | 0200 0048 | 8b0c 1648 
  0x0000775eb8f1c2f8: 8d49 0148 | 890c 160f | 8454 0000 

  0x0000775eb8f1c304: ;   {metadata(method data for {method} {0x0000775e48622238} 'run' '()V' in 'kotlinx/coroutines/DispatchedTask')}
  0x0000775eb8f1c304: 0048 be78 | a386 495e | 7700 0048 | 8386 b802 | 0000 0148 | 8bb4 24d0 | 0000 0048 | 8b94 24d8 
  0x0000775eb8f1c324: 0000 0048 | 8bc8 4889 | 8424 e000 | 0000 0f1f 

  0x0000775eb8f1c334: ;   {static_call}
  0x0000775eb8f1c334: 4400 00e8 

  0x0000775eb8f1c338: ; ImmutableOopMap {[176]=Oop [208]=Oop [216]=Oop [224]=Oop }
                      ;*invokestatic updateUndispatchedCompletion {reexecute=0 rethrow=0 return_oop=0}
                      ; - kotlinx.coroutines.DispatchedTask::run@89 (line 226)
  0x0000775eb8f1c338: 4416 f906 

  0x0000775eb8f1c33c: ;   {other}
  0x0000775eb8f1c33c: 0f1f 8400 | ac0c 0005 

  0x0000775eb8f1c344: ;   {metadata(method data for {method} {0x0000775e48622238} 'run' '()V' in 'kotlinx/coroutines/DispatchedTask')}
  0x0000775eb8f1c344: 48be 78a3 | 8649 5e77 | 0000 ff86 | c802 0000 | e912 0000 | 0048 8984 | 24e0 0000 

  0x0000775eb8f1c360: ;   {oop(nullptr)}
  0x0000775eb8f1c360: 0048 b800 | 0000 0000 | 0000 0048 | 8984 24e8 | 0000 0048 | 8bbc 24d0 

  0x0000775eb8f1c378: ;   {metadata(method data for {method} {0x0000775e48622238} 'run' '()V' in 'kotlinx/coroutines/DispatchedTask')}
  0x0000775eb8f1c378: 0000 0048 | be78 a386 | 495e 7700 | 008b 7f08 | 49ba 0000 | 0052 5e77 | 0000 4903 | fa48 3bbe 
  0x0000775eb8f1c398: f002 0000 | 750d 4883 | 86f8 0200 | 0001 e960 | 0000 0048 | 3bbe 0003 | 0000 750d | 4883 8608 
  0x0000775eb8f1c3b8: 0300 0001 | e94a 0000 | 0048 83be | f002 0000 | 0075 1748 | 89be f002 | 0000 48c7 | 86f8 0200 
  0x0000775eb8f1c3d8: 0001 0000 | 00e9 2900 | 0000 4883 | be00 0300 | 0000 7517 | 4889 be00 | 0300 0048 | c786 0803 
  0x0000775eb8f1c3f8: 0000 0100 | 0000 e908 | 0000 0048 | 8386 e002 | 0000 0148 | 8bb4 24d0 | 0000 0066 | 9048 b880 
  0x0000775eb8f1c418: 2657 855d 

  0x0000775eb8f1c41c: ;   {virtual_call}
  0x0000775eb8f1c41c: 7700 00e8 

  0x0000775eb8f1c420: ; ImmutableOopMap {[176]=Oop [208]=Oop [216]=Oop [224]=Oop [232]=Oop }
                      ;*invokeinterface getContext {reexecute=0 rethrow=0 return_oop=0}
                      ; - kotlinx.coroutines.DispatchedTask::run@103 (line 83)
  0x0000775eb8f1c420: 5c44 1007 

  0x0000775eb8f1c424: ;   {other}
  0x0000775eb8f1c424: 0f1f 8400 | 940d 0006 | 488b b424 | b000 0000 

  0x0000775eb8f1c434: ;   {metadata(method data for {method} {0x0000775e48622238} 'run' '()V' in 'kotlinx/coroutines/DispatchedTask')}
  0x0000775eb8f1c434: 48bf 78a3 | 8649 5e77 | 0000 8b76 | 0849 ba00 | 0000 525e | 7700 0049 | 03f2 483b | b728 0300 
  0x0000775eb8f1c454: 0075 0d48 | 8387 3003 | 0000 01e9 | 6000 0000 | 483b b738 | 0300 0075 | 0d48 8387 | 4003 0000 
  0x0000775eb8f1c474: 01e9 4a00 | 0000 4883 | bf28 0300 | 0000 7517 | 4889 b728 | 0300 0048 | c787 3003 | 0000 0100 
  0x0000775eb8f1c494: 0000 e929 | 0000 0048 | 83bf 3803 | 0000 0075 | 1748 89b7 | 3803 0000 | 48c7 8740 | 0300 0001 
  0x0000775eb8f1c4b4: 0000 00e9 | 0800 0000 | 4883 8718 | 0300 0001 | 488b b424 | b000 0000 | 4889 8424 | f000 0000 
  0x0000775eb8f1c4d4: 9048 b8ff | ffff ffff 

  0x0000775eb8f1c4dc: ;   {virtual_call}
  0x0000775eb8f1c4dc: ffff ffe8 

  0x0000775eb8f1c4e0: ; ImmutableOopMap {[176]=Oop [208]=Oop [216]=Oop [224]=Oop [232]=Oop [240]=Oop }
                      ;*invokevirtual takeState$kotlinx_coroutines_core {reexecute=0 rethrow=0 return_oop=0}
                      ; - kotlinx.coroutines.DispatchedTask::run@111 (line 84)
  0x0000775eb8f1c4e0: 1449 1007 

  0x0000775eb8f1c4e4: ;   {other}
  0x0000775eb8f1c4e4: 0f1f 8400 | 540e 0007 | 4889 8424 | f800 0000 | 488b b424 | b000 0000 

  0x0000775eb8f1c4fc: ;   {metadata(method data for {method} {0x0000775e48622238} 'run' '()V' in 'kotlinx/coroutines/DispatchedTask')}
  0x0000775eb8f1c4fc: 48ba 78a3 | 8649 5e77 | 0000 8b76 | 0849 ba00 | 0000 525e | 7700 0049 | 03f2 483b | b260 0300 
  0x0000775eb8f1c51c: 0075 0d48 | 8382 6803 | 0000 01e9 | 6000 0000 | 483b b270 | 0300 0075 | 0d48 8382 | 7803 0000 
  0x0000775eb8f1c53c: 01e9 4a00 | 0000 4883 | ba60 0300 | 0000 7517 | 4889 b260 | 0300 0048 | c782 6803 | 0000 0100 
  0x0000775eb8f1c55c: 0000 e929 | 0000 0048 | 83ba 7003 | 0000 0075 | 1748 89b2 | 7003 0000 | 48c7 8278 | 0300 0001 
  0x0000775eb8f1c57c: 0000 00e9 | 0800 0000 | 4883 8250 | 0300 0001 | 488b d048 | 8bb4 24b0 | 0000 0066 | 0f1f 4400 
  0x0000775eb8f1c59c: 0048 b8ff | ffff ffff 

  0x0000775eb8f1c5a4: ;   {virtual_call}
  0x0000775eb8f1c5a4: ffff ffe8 

  0x0000775eb8f1c5a8: ; ImmutableOopMap {[176]=Oop [208]=Oop [216]=Oop [224]=Oop [232]=Oop [240]=Oop [248]=Oop }
                      ;*invokevirtual getExceptionalResult$kotlinx_coroutines_core {reexecute=0 rethrow=0 return_oop=0}
                      ; - kotlinx.coroutines.DispatchedTask::run@119 (line 85)
  0x0000775eb8f1c5a8: a442 1007 

  0x0000775eb8f1c5ac: ;   {other}
  0x0000775eb8f1c5ac: 0f1f 8400 | 1c0f 0008 | 4889 8424 | 0001 0000 

  0x0000775eb8f1c5bc: ;   {metadata(method data for {method} {0x0000775e48622238} 'run' '()V' in 'kotlinx/coroutines/DispatchedTask')}
  0x0000775eb8f1c5bc: 4885 c048 | ba78 a386 | 495e 7700 | 0048 c7c6 | 8803 0000 | 7507 48c7 | c698 0300 | 0048 8b3c 
  0x0000775eb8f1c5dc: 3248 8d7f | 0148 893c | 3248 8bb4 | 24b0 0000 | 000f 85ea | 0000 008b 

  0x0000775eb8f1c5f4: ;   {metadata(method data for {method} {0x0000775e48622238} 'run' '()V' in 'kotlinx/coroutines/DispatchedTask')}
  0x0000775eb8f1c5f4: 5618 48bf | 78a3 8649 | 5e77 0000 | 4883 87a8 | 0300 0001 

  0x0000775eb8f1c608: ;   {metadata(method data for {method} {0x0000775e4863ff08} 'isCancellableMode' '(I)Z' in 'kotlinx/coroutines/DispatchedTaskKt')}
  0x0000775eb8f1c608: 48bf 60b4 | 8549 5e77 | 0000 8b9f | f400 0000 | 83c3 0289 | 9ff4 0000 | 0081 e3fe | ff1f 0085 
  0x0000775eb8f1c628: db0f 84d7 | 2100 0083 

  0x0000775eb8f1c630: ;   {metadata(method data for {method} {0x0000775e4863ff08} 'isCancellableMode' '(I)Z' in 'kotlinx/coroutines/DispatchedTaskKt')}
  0x0000775eb8f1c630: fa01 48bf | 60b4 8549 | 5e77 0000 | 48c7 c338 | 0100 0074 | 0748 c7c3 | 4801 0000 | 488b 0c1f 
  0x0000775eb8f1c650: 488d 4901 | 4889 0c1f | 0f84 2f00 | 0000 83fa 

  0x0000775eb8f1c660: ;   {metadata(method data for {method} {0x0000775e4863ff08} 'isCancellableMode' '(I)Z' in 'kotlinx/coroutines/DispatchedTaskKt')}
  0x0000775eb8f1c660: 0248 ba60 | b485 495e | 7700 0048 | c7c7 5801 | 0000 7507 | 48c7 c768 | 0100 0048 | 8b1c 3a48 
  0x0000775eb8f1c680: 8d5b 0148 | 891c 3a0f | 851a 0000 

  0x0000775eb8f1c68c: ;   {metadata(method data for {method} {0x0000775e4863ff08} 'isCancellableMode' '(I)Z' in 'kotlinx/coroutines/DispatchedTaskKt')}
  0x0000775eb8f1c68c: 0048 ba60 | b485 495e | 7700 00ff | 8278 0100 | 00ba 0100 | 0000 e905 | 0000 00ba | 0000 0000 
  0x0000775eb8f1c6ac: 83e2 0185 

  0x0000775eb8f1c6b0: ;   {metadata(method data for {method} {0x0000775e48622238} 'run' '()V' in 'kotlinx/coroutines/DispatchedTask')}
  0x0000775eb8f1c6b0: d248 ba78 | a386 495e | 7700 0048 | c7c7 c803 | 0000 7507 | 48c7 c7b8 | 0300 0048 | 8b1c 3a48 
  0x0000775eb8f1c6d0: 8d5b 0148 | 891c 3a0f | 850f 0000 

  0x0000775eb8f1c6dc: ;   {oop(nullptr)}
  0x0000775eb8f1c6dc: 0048 bf00 | 0000 0000 | 0000 00e9 | e001 0000 | 488b 8424 | f000 0000 

  0x0000775eb8f1c6f4: ; implicit exception: dispatches to 0x0000775eb8f1e827
  0x0000775eb8f1c6f4: 483b 0048 

  0x0000775eb8f1c6f8: ;   {metadata(method data for {method} {0x0000775e48622238} 'run' '()V' in 'kotlinx/coroutines/DispatchedTask')}
  0x0000775eb8f1c6f8: 8bd0 48bb | 78a3 8649 | 5e77 0000 | 8b52 0849 | ba00 0000 | 525e 7700 | 0049 03d2 | 483b 9320 
  0x0000775eb8f1c718: 0400 0075 | 0d48 8383 | 2804 0000 | 01e9 6000 | 0000 483b | 9330 0400 | 0075 0d48 | 8383 3804 
  0x0000775eb8f1c738: 0000 01e9 | 4a00 0000 | 4883 bb20 | 0400 0000 | 7517 4889 | 9320 0400 | 0048 c783 | 2804 0000 
  0x0000775eb8f1c758: 0100 0000 | e929 0000 | 0048 83bb | 3004 0000 | 0075 1748 | 8993 3004 | 0000 48c7 | 8338 0400 
  0x0000775eb8f1c778: 0001 0000 | 00e9 0800 | 0000 4883 | 8310 0400 

  0x0000775eb8f1c788: ;   {oop(a 'kotlinx/coroutines/Job$Key'{0x00000005278d8a98})}
  0x0000775eb8f1c788: 0001 48ba | 988a 8d27 | 0500 0000 | 488b f066 | 0f1f 4400 | 0048 b828 | aa08 545e 

  0x0000775eb8f1c7a4: ;   {virtual_call}
  0x0000775eb8f1c7a4: 7700 00e8 

  0x0000775eb8f1c7a8: ; ImmutableOopMap {[176]=Oop [208]=Oop [216]=Oop [224]=Oop [232]=Oop [248]=Oop [256]=Oop }
                      ;*invokeinterface get {reexecute=0 rethrow=0 return_oop=0}
                      ; - kotlinx.coroutines.DispatchedTask::run@147 (line 91)
  0x0000775eb8f1c7a8: 7498 8007 

  0x0000775eb8f1c7ac: ;   {other}
  0x0000775eb8f1c7ac: 0f1f 8400 | 1c11 0009 | 4885 c075 

  0x0000775eb8f1c7b8: ;   {metadata(method data for {method} {0x0000775e48622238} 'run' '()V' in 'kotlinx/coroutines/DispatchedTask')}
  0x0000775eb8f1c7b8: 1648 bb78 | a386 495e | 7700 0080 | 8b41 0400 | 0001 e9e7 

  0x0000775eb8f1c7cc: ;   {metadata('kotlinx/coroutines/Job')}
  0x0000775eb8f1c7cc: 0000 0048 | be00 8008 | 545e 7700 | 008b 5808 | 49ba 0000 | 0052 5e77 | 0000 4903 | da48 3b73 
  0x0000775eb8f1c7ec: 200f 841a | 0000 0048 | 3bde 0f84 | 1100 0000 

  0x0000775eb8f1c7fc: ;   {runtime_call slow_subtype_check Runtime1 stub}
  0x0000775eb8f1c7fc: 5356 e87d | 6c05 075b | 5b85 db0f | 848d 0000 

  0x0000775eb8f1c80c: ;   {metadata(method data for {method} {0x0000775e48622238} 'run' '()V' in 'kotlinx/coroutines/DispatchedTask')}
  0x0000775eb8f1c80c: 0048 bb78 | a386 495e | 7700 008b | 7008 49ba | 0000 0052 | 5e77 0000 | 4903 f248 | 3bb3 5804 
  0x0000775eb8f1c82c: 0000 750d | 4883 8360 | 0400 0001 | e979 0000 | 0048 3bb3 | 6804 0000 | 750d 4883 | 8370 0400 
  0x0000775eb8f1c84c: 0001 e963 | 0000 0048 | 83bb 5804 | 0000 0075 | 1748 89b3 | 5804 0000 | 48c7 8360 | 0400 0001 
  0x0000775eb8f1c86c: 0000 00e9 | 4200 0000 | 4883 bb68 | 0400 0000 | 7517 4889 | b368 0400 | 0048 c783 | 7004 0000 
  0x0000775eb8f1c88c: 0100 0000 | e921 0000 | 00e9 1c00 

  0x0000775eb8f1c898: ;   {metadata(method data for {method} {0x0000775e48622238} 'run' '()V' in 'kotlinx/coroutines/DispatchedTask')}
  0x0000775eb8f1c898: 0000 48bb | 78a3 8649 | 5e77 0000 | 4883 ab48 | 0400 0001 | e97b 1f00 | 00e9 0000 | 0000 488b 
  0x0000775eb8f1c8b8: ;   {metadata(method data for {method} {0x0000775e48622238} 'run' '()V' in 'kotlinx/coroutines/DispatchedTask')}
  0x0000775eb8f1c8b8: f048 bf78 | a386 495e | 7700 00ff | 8780 0400 | 0048 8bfe 

  0x0000775eb8f1c8cc: ;   {metadata(method data for {method} {0x0000775e48622238} 'run' '()V' in 'kotlinx/coroutines/DispatchedTask')}
  0x0000775eb8f1c8cc: 4885 ff48 | be78 a386 | 495e 7700 | 0048 c7c3 | 9804 0000 | 7407 48c7 | c3a8 0400 | 0048 8b04 
  0x0000775eb8f1c8ec: 1e48 8d40 | 0148 8904 | 1e0f 84e7 | 0000 0048 | 3b07 488b 

  0x0000775eb8f1c900: ;   {metadata(method data for {method} {0x0000775e48622238} 'run' '()V' in 'kotlinx/coroutines/DispatchedTask')}
  0x0000775eb8f1c900: f748 bb78 | a386 495e | 7700 008b | 7608 49ba | 0000 0052 | 5e77 0000 | 4903 f248 | 3bb3 c804 
  0x0000775eb8f1c920: 0000 750d | 4883 83d0 | 0400 0001 | e960 0000 | 0048 3bb3 | d804 0000 | 750d 4883 | 83e0 0400 
  0x0000775eb8f1c940: 0001 e94a | 0000 0048 | 83bb c804 | 0000 0075 | 1748 89b3 | c804 0000 | 48c7 83d0 | 0400 0001 
  0x0000775eb8f1c960: 0000 00e9 | 2900 0000 | 4883 bbd8 | 0400 0000 | 7517 4889 | b3d8 0400 | 0048 c783 | e004 0000 
  0x0000775eb8f1c980: 0100 0000 | e908 0000 | 0048 8383 | b804 0000 | 0148 8bf7 | 4889 bc24 | 0801 0000 | 9048 b8e0 
  0x0000775eb8f1c9a0: 2657 855d 

  0x0000775eb8f1c9a4: ;   {virtual_call}
  0x0000775eb8f1c9a4: 7700 00e8 

  0x0000775eb8f1c9a8: ; ImmutableOopMap {[176]=Oop [208]=Oop [216]=Oop [224]=Oop [232]=Oop [248]=Oop [256]=Oop [264]=Oop }
                      ;*invokeinterface isActive {reexecute=0 rethrow=0 return_oop=0}
                      ; - kotlinx.coroutines.DispatchedTask::run@168 (line 92)
  0x0000775eb8f1c9a8: 5cd2 3707 

  0x0000775eb8f1c9ac: ;   {other}
  0x0000775eb8f1c9ac: 0f1f 8400 | 1c13 000a 

  0x0000775eb8f1c9b4: ;   {metadata(method data for {method} {0x0000775e48622238} 'run' '()V' in 'kotlinx/coroutines/DispatchedTask')}
  0x0000775eb8f1c9b4: 85c0 48ba | 78a3 8649 | 5e77 0000 | 48c7 c600 | 0500 0074 | 0748 c7c6 | f004 0000 | 488b 3c32 
  0x0000775eb8f1c9d4: 488d 7f01 | 4889 3c32 | 0f84 3709 | 0000 488b | 8424 0001 | 0000 4885 

  0x0000775eb8f1c9ec: ;   {metadata(method data for {method} {0x0000775e48622238} 'run' '()V' in 'kotlinx/coroutines/DispatchedTask')}
  0x0000775eb8f1c9ec: c048 ba78 | a386 495e | 7700 0048 | c7c6 8007 | 0000 7407 | 48c7 c690 | 0700 0048 | 8b3c 3248 
  0x0000775eb8f1ca0c: 8d7f 0148 | 893c 320f | 8440 0700 

  0x0000775eb8f1ca18: ;   {metadata(method data for {method} {0x0000775e48622238} 'run' '()V' in 'kotlinx/coroutines/DispatchedTask')}
  0x0000775eb8f1ca18: 0048 ba78 | a386 495e | 7700 0048 | 8382 a007 

  0x0000775eb8f1ca28: ;   {metadata(method data for {method} {0x0000775e486484b0} 'createFailure' '(Ljava/lang/Throwable;)Ljava/lang/Object;' in 'kotlin/ResultKt')}
  0x0000775eb8f1ca28: 0000 0148 | ba10 8a86 | 495e 7700 | 008b b2f4 | 0000 0083 | c602 89b2 | f400 0000 | 81e6 feff 
  0x0000775eb8f1ca48: 1f00 85f6 | 0f84 e81d 

  0x0000775eb8f1ca50: ;   {metadata(method data for {method} {0x0000775e486484b0} 'createFailure' '(Ljava/lang/Throwable;)Ljava/lang/Object;' in 'kotlin/ResultKt')}
  0x0000775eb8f1ca50: 0000 48ba | 108a 8649 | 5e77 0000 | 4883 8238 | 0100 0001 

  0x0000775eb8f1ca64: ;   {metadata(method data for {method} {0x0000775e4841bd20} 'checkNotNullParameter' '(Ljava/lang/Object;Ljava/lang/String;)V' in 'kotlin/jvm/internal/Intrinsics')}
  0x0000775eb8f1ca64: 48ba b883 | 6e48 5e77 | 0000 8bb2 | f400 0000 | 83c6 0289 | b2f4 0000 | 0081 e6fe | ff1f 0085 
  0x0000775eb8f1ca84: f60f 84d0 | 1d00 0048 

  0x0000775eb8f1ca8c: ;   {metadata(method data for {method} {0x0000775e4841bd20} 'checkNotNullParameter' '(Ljava/lang/Object;Ljava/lang/String;)V' in 'kotlin/jvm/internal/Intrinsics')}
  0x0000775eb8f1ca8c: 85c0 48ba | b883 6e48 | 5e77 0000 | 48c7 c638 | 0100 0075 | 0748 c7c6 | 4801 0000 | 488b 3c32 
  0x0000775eb8f1caac: 488d 7f01 | 4889 3c32 | 0f85 1a02 

  0x0000775eb8f1cab8: ;   {metadata(method data for {method} {0x0000775e4841bd20} 'checkNotNullParameter' '(Ljava/lang/Object;Ljava/lang/String;)V' in 'kotlin/jvm/internal/Intrinsics')}
  0x0000775eb8f1cab8: 0000 48ba | b883 6e48 | 5e77 0000 | 4883 8258 | 0100 0001 

  0x0000775eb8f1cacc: ;   {metadata(method data for {method} {0x0000775e4841bed0} 'throwParameterIsNullNPE' '(Ljava/lang/String;)V' in 'kotlin/jvm/internal/Intrinsics')}
  0x0000775eb8f1cacc: 48ba 6885 | 6e48 5e77 | 0000 8bb2 | f400 0000 | 83c6 0289 | b2f4 0000 | 0081 e6fe | ff1f 0085 
  0x0000775eb8f1caec: f60f 8489 | 1d00 000f | 1f44 0000 

  0x0000775eb8f1caf8: ;   {no_reloc}
  0x0000775eb8f1caf8: e9af 1d00 | 0000 0000 | 0000 498b | 87b8 0100 | 0048 8d78 | 3049 3bbf | c801 0000 | 0f87 9c1d 
  0x0000775eb8f1cb18: 0000 4989 | bfb8 0100 | 0048 c700 | 0100 0000 | 488b ca49 | ba00 0000 | 525e 7700 | 0049 2bca 
  0x0000775eb8f1cb38: 8948 0848 | 33c9 8948 | 0c48 33c9 | 4889 4810 | 4889 4818 | 4889 4820 | 4889 4828 

  0x0000775eb8f1cb54: ;   {metadata(method data for {method} {0x0000775e4841bed0} 'throwParameterIsNullNPE' '(Ljava/lang/String;)V' in 'kotlin/jvm/internal/Intrinsics')}
  0x0000775eb8f1cb54: 48be 6885 | 6e48 5e77 | 0000 4883 | 8638 0100 

  0x0000775eb8f1cb64: ;   {oop("exception"{0x00000007ff89d6c0})}
  0x0000775eb8f1cb64: 0001 48be | c0d6 89ff | 0700 0000 | 4889 8424 | 1001 0000 | 0f1f 8000 

  0x0000775eb8f1cb7c: ;   {static_call}
  0x0000775eb8f1cb7c: 0000 00e8 

  0x0000775eb8f1cb80: ; ImmutableOopMap {[176]=Oop [208]=Oop [216]=Oop [224]=Oop [232]=Oop [256]=Oop [272]=Oop }
                      ;*invokestatic createParameterIsNullExceptionMessage {reexecute=0 rethrow=0 return_oop=0}
                      ; - kotlin.jvm.internal.Intrinsics::throwParameterIsNullNPE@5 (line 140)
                      ; - kotlin.jvm.internal.Intrinsics::checkNotNullParameter@5 (line 131)
                      ; - kotlin.ResultKt::createFailure@3
                      ; - kotlinx.coroutines.DispatchedTask::run@273 (line 98)
  0x0000775eb8f1cb80: fc0d f906 

  0x0000775eb8f1cb84: ;   {other}
  0x0000775eb8f1cb84: 0f1f 8400 | f414 000b | 488b 9424 | 1001 0000 

  0x0000775eb8f1cb94: ;   {metadata(method data for {method} {0x0000775e4841bed0} 'throwParameterIsNullNPE' '(Ljava/lang/String;)V' in 'kotlin/jvm/internal/Intrinsics')}
  0x0000775eb8f1cb94: 48be 6885 | 6e48 5e77 | 0000 4883 | 8648 0100 | 0001 488b | d048 8bb4 | 2410 0100 | 0066 0f1f 
  0x0000775eb8f1cbb4: ;   {optimized virtual_call}
  0x0000775eb8f1cbb4: 4400 00e8 

  0x0000775eb8f1cbb8: ; ImmutableOopMap {[176]=Oop [208]=Oop [216]=Oop [224]=Oop [232]=Oop [256]=Oop [272]=Oop }
                      ;*invokespecial <init> {reexecute=0 rethrow=0 return_oop=0}
                      ; - kotlin.jvm.internal.Intrinsics::throwParameterIsNullNPE@8 (line 140)
                      ; - kotlin.jvm.internal.Intrinsics::checkNotNullParameter@5 (line 131)
                      ; - kotlin.ResultKt::createFailure@3
                      ; - kotlinx.coroutines.DispatchedTask::run@273 (line 98)
  0x0000775eb8f1cbb8: c407 f906 

  0x0000775eb8f1cbbc: ;   {other}
  0x0000775eb8f1cbbc: 0f1f 8400 | 2c15 000c 

  0x0000775eb8f1cbc4: ;   {metadata(method data for {method} {0x0000775e4841bed0} 'throwParameterIsNullNPE' '(Ljava/lang/String;)V' in 'kotlin/jvm/internal/Intrinsics')}
  0x0000775eb8f1cbc4: 48be 6885 | 6e48 5e77 | 0000 4883 | 8658 0100 

  0x0000775eb8f1cbd4: ;   {metadata(method data for {method} {0x0000775e4841d110} 'sanitizeStackTrace' '(Ljava/lang/Throwable;)Ljava/lang/Throwable;' in 'kotlin/jvm/internal/Intrinsics')}
  0x0000775eb8f1cbd4: 0001 48be | 988c 6e48 | 5e77 0000 | 8bbe f400 | 0000 83c7 | 0289 bef4 | 0000 0081 | e7fe ff1f 
  0x0000775eb8f1cbf4: 0085 ff0f | 84c6 1c00 

  0x0000775eb8f1cbfc: ;   {oop(a 'java/lang/Class'{0x000000052782ee18} = 'kotlin/jvm/internal/Intrinsics')}
  0x0000775eb8f1cbfc: 0048 be18 | ee82 2705 | 0000 0048 

  0x0000775eb8f1cc08: ;   {metadata(method data for {method} {0x0000775e4841d110} 'sanitizeStackTrace' '(Ljava/lang/Throwable;)Ljava/lang/Throwable;' in 'kotlin/jvm/internal/Intrinsics')}
  0x0000775eb8f1cc08: 8bfe 48bb | 988c 6e48 | 5e77 0000 | 4883 8338 | 0100 0001 

  0x0000775eb8f1cc1c: ;   {metadata(method data for {method} {0x0000775e52b49be0} 'getName' '()Ljava/lang/String;' in 'java/lang/Class')}
  0x0000775eb8f1cc1c: 48bf 982d | 0448 5e77 | 0000 8b9f | f400 0000 | 83c3 0289 | 9ff4 0000 | 0081 e3fe | ff1f 0085 
  0x0000775eb8f1cc3c: db0f 84a1 | 1c00 008b | 762c 48c1 | e603 4885 

  0x0000775eb8f1cc4c: ;   {metadata(method data for {method} {0x0000775e52b49be0} 'getName' '()Ljava/lang/String;' in 'java/lang/Class')}
  0x0000775eb8f1cc4c: f648 bf98 | 2d04 485e | 7700 0048 | c7c3 3801 | 0000 7407 | 48c7 c348 | 0100 0048 | 8b04 1f48 
  0x0000775eb8f1cc6c: 8d40 0148 | 8904 1f0f | 8418 0000 

  0x0000775eb8f1cc78: ;   {metadata(method data for {method} {0x0000775e52b49be0} 'getName' '()Ljava/lang/String;' in 'java/lang/Class')}
  0x0000775eb8f1cc78: 0048 bf98 | 2d04 485e | 7700 00ff | 8758 0100 | 0048 8bfe | e936 0000 

  0x0000775eb8f1cc90: ;   {oop(a 'java/lang/Class'{0x000000052782ee18} = 'kotlin/jvm/internal/Intrinsics')}
  0x0000775eb8f1cc90: 0048 be18 | ee82 2705 | 0000 0048 

  0x0000775eb8f1cc9c: ;   {metadata(method data for {method} {0x0000775e52b49be0} 'getName' '()Ljava/lang/String;' in 'java/lang/Class')}
  0x0000775eb8f1cc9c: 8bfe 48bb | 982d 0448 | 5e77 0000 | 4883 8370 | 0100 0001 | 0f1f 8000 

  0x0000775eb8f1ccb4: ;   {optimized virtual_call}
  0x0000775eb8f1ccb4: 0000 00e8 

  0x0000775eb8f1ccb8: ; ImmutableOopMap {[176]=Oop [208]=Oop [216]=Oop [224]=Oop [232]=Oop [256]=Oop [272]=Oop }
                      ;*invokevirtual initClassName {reexecute=0 rethrow=0 return_oop=0}
                      ; - java.lang.Class::getName@14 (line 948)
                      ; - kotlin.jvm.internal.Intrinsics::sanitizeStackTrace@3 (line 253)
                      ; - kotlin.jvm.internal.Intrinsics::throwParameterIsNullNPE@11 (line 140)
                      ; - kotlin.jvm.internal.Intrinsics::checkNotNullParameter@5 (line 131)
                      ; - kotlin.ResultKt::createFailure@3
                      ; - kotlinx.coroutines.DispatchedTask::run@273 (line 98)
  0x0000775eb8f1ccb8: c406 f906 

  0x0000775eb8f1ccbc: ;   {other}
  0x0000775eb8f1ccbc: 0f1f 8400 | 2c16 000d | 488b f848 | 8b84 2410 | 0100 00e9 | f313 0000 

  0x0000775eb8f1ccd4: ;   {metadata('kotlin/Result$Failure')}
  0x0000775eb8f1ccd4: 48ba 68d8 | 0854 5e77 | 0000 488b | d849 8b87 | b801 0000 | 488d 7810 | 493b bfc8 | 0100 000f 
  0x0000775eb8f1ccf4: 8711 1c00 | 0049 89bf | b801 0000 | 48c7 0001 | 0000 0048 | 8bca 49ba | 0000 0052 | 5e77 0000 
  0x0000775eb8f1cd14: 492b ca89 | 4808 4833 | c989 480c | 4833 c948 | 8984 2420 | 0100 0048 

  0x0000775eb8f1cd2c: ;   {metadata(method data for {method} {0x0000775e486484b0} 'createFailure' '(Ljava/lang/Throwable;)Ljava/lang/Object;' in 'kotlin/ResultKt')}
  0x0000775eb8f1cd2c: 8bd0 48be | 108a 8649 | 5e77 0000 | 4883 8648 | 0100 0001 

  0x0000775eb8f1cd40: ;   {metadata(method data for {method} {0x0000775e4862bd80} '<init>' '(Ljava/lang/Throwable;)V' in 'kotlin/Result$Failure')}
  0x0000775eb8f1cd40: 48ba 308d | 8649 5e77 | 0000 8bb2 | f400 0000 | 83c6 0289 | b2f4 0000 | 0081 e6fe | ff1f 0085 
  0x0000775eb8f1cd60: f60f 84b0 

  0x0000775eb8f1cd64: ;   {metadata(method data for {method} {0x0000775e4862bd80} '<init>' '(Ljava/lang/Throwable;)V' in 'kotlin/Result$Failure')}
  0x0000775eb8f1cd64: 1b00 0048 | ba30 8d86 | 495e 7700 | 0048 8382 | 3801 0000 

  0x0000775eb8f1cd78: ;   {metadata(method data for {method} {0x0000775e4841bd20} 'checkNotNullParameter' '(Ljava/lang/Object;Ljava/lang/String;)V' in 'kotlin/jvm/internal/Intrinsics')}
  0x0000775eb8f1cd78: 0148 bab8 | 836e 485e | 7700 008b | b2f4 0000 | 0083 c602 | 89b2 f400 | 0000 81e6 | feff 1f00 
  0x0000775eb8f1cd98: 85f6 0f84 | 981b 0000 

  0x0000775eb8f1cda0: ;   {metadata(method data for {method} {0x0000775e4841bd20} 'checkNotNullParameter' '(Ljava/lang/Object;Ljava/lang/String;)V' in 'kotlin/jvm/internal/Intrinsics')}
  0x0000775eb8f1cda0: 4885 db48 | bab8 836e | 485e 7700 | 0048 c7c6 | 3801 0000 | 7507 48c7 | c648 0100 | 0048 8b3c 
  0x0000775eb8f1cdc0: 3248 8d7f | 0148 893c | 320f 8515 

  0x0000775eb8f1cdcc: ;   {metadata(method data for {method} {0x0000775e4841bd20} 'checkNotNullParameter' '(Ljava/lang/Object;Ljava/lang/String;)V' in 'kotlin/jvm/internal/Intrinsics')}
  0x0000775eb8f1cdcc: 0200 0048 | bab8 836e | 485e 7700 | 0048 8382 | 5801 0000 

  0x0000775eb8f1cde0: ;   {metadata(method data for {method} {0x0000775e4841bed0} 'throwParameterIsNullNPE' '(Ljava/lang/String;)V' in 'kotlin/jvm/internal/Intrinsics')}
  0x0000775eb8f1cde0: 0148 ba68 | 856e 485e | 7700 008b | b2f4 0000 | 0083 c602 | 89b2 f400 | 0000 81e6 | feff 1f00 
  0x0000775eb8f1ce00: 85f6 0f84 | 511b 0000 

  0x0000775eb8f1ce08: ;   {no_reloc}
  0x0000775eb8f1ce08: e97c 1b00 | 0000 0000 | 0000 498b | 87b8 0100 | 0048 8d78 | 3049 3bbf | c801 0000 | 0f87 691b 
  0x0000775eb8f1ce28: 0000 4989 | bfb8 0100 | 0048 c700 | 0100 0000 | 488b ca49 | ba00 0000 | 525e 7700 | 0049 2bca 
  0x0000775eb8f1ce48: 8948 0848 | 33c9 8948 | 0c48 33c9 | 4889 4810 | 4889 4818 | 4889 4820 | 4889 4828 

  0x0000775eb8f1ce64: ;   {metadata(method data for {method} {0x0000775e4841bed0} 'throwParameterIsNullNPE' '(Ljava/lang/String;)V' in 'kotlin/jvm/internal/Intrinsics')}
  0x0000775eb8f1ce64: 48be 6885 | 6e48 5e77 | 0000 4883 | 8638 0100 

  0x0000775eb8f1ce74: ;   {oop("exception"{0x00000007ff89d6c0})}
  0x0000775eb8f1ce74: 0001 48be | c0d6 89ff | 0700 0000 | 4889 8424 | 1801 0000 | 0f1f 8000 

  0x0000775eb8f1ce8c: ;   {static_call}
  0x0000775eb8f1ce8c: 0000 00e8 

  0x0000775eb8f1ce90: ; ImmutableOopMap {[176]=Oop [208]=Oop [216]=Oop [224]=Oop [232]=Oop [256]=Oop [280]=Oop [288]=Oop }
                      ;*invokestatic createParameterIsNullExceptionMessage {reexecute=0 rethrow=0 return_oop=0}
                      ; - kotlin.jvm.internal.Intrinsics::throwParameterIsNullNPE@5 (line 140)
                      ; - kotlin.jvm.internal.Intrinsics::checkNotNullParameter@5 (line 131)
                      ; - kotlin.Result$Failure::<init>@3
                      ; - kotlin.ResultKt::createFailure@11 (line 122)
                      ; - kotlinx.coroutines.DispatchedTask::run@273 (line 98)
  0x0000775eb8f1ce90: ec0a f906 

  0x0000775eb8f1ce94: ;   {other}
  0x0000775eb8f1ce94: 0f1f 8400 | 0418 000e | 488b 9424 | 1801 0000 

  0x0000775eb8f1cea4: ;   {metadata(method data for {method} {0x0000775e4841bed0} 'throwParameterIsNullNPE' '(Ljava/lang/String;)V' in 'kotlin/jvm/internal/Intrinsics')}
  0x0000775eb8f1cea4: 48be 6885 | 6e48 5e77 | 0000 4883 | 8648 0100 | 0001 488b | d048 8bb4 | 2418 0100 | 0066 0f1f 
  0x0000775eb8f1cec4: ;   {optimized virtual_call}
  0x0000775eb8f1cec4: 4400 00e8 

  0x0000775eb8f1cec8: ; ImmutableOopMap {[176]=Oop [208]=Oop [216]=Oop [224]=Oop [232]=Oop [256]=Oop [280]=Oop [288]=Oop }
                      ;*invokespecial <init> {reexecute=0 rethrow=0 return_oop=0}
                      ; - kotlin.jvm.internal.Intrinsics::throwParameterIsNullNPE@8 (line 140)
                      ; - kotlin.jvm.internal.Intrinsics::checkNotNullParameter@5 (line 131)
                      ; - kotlin.Result$Failure::<init>@3
                      ; - kotlin.ResultKt::createFailure@11 (line 122)
                      ; - kotlinx.coroutines.DispatchedTask::run@273 (line 98)
  0x0000775eb8f1cec8: b404 f906 

  0x0000775eb8f1cecc: ;   {other}
  0x0000775eb8f1cecc: 0f1f 8400 | 3c18 000f 

  0x0000775eb8f1ced4: ;   {metadata(method data for {method} {0x0000775e4841bed0} 'throwParameterIsNullNPE' '(Ljava/lang/String;)V' in 'kotlin/jvm/internal/Intrinsics')}
  0x0000775eb8f1ced4: 48be 6885 | 6e48 5e77 | 0000 4883 | 8658 0100 

  0x0000775eb8f1cee4: ;   {metadata(method data for {method} {0x0000775e4841d110} 'sanitizeStackTrace' '(Ljava/lang/Throwable;)Ljava/lang/Throwable;' in 'kotlin/jvm/internal/Intrinsics')}
  0x0000775eb8f1cee4: 0001 48be | 988c 6e48 | 5e77 0000 | 8bbe f400 | 0000 83c7 | 0289 bef4 | 0000 0081 | e7fe ff1f 
  0x0000775eb8f1cf04: 0085 ff0f | 8493 1a00 

  0x0000775eb8f1cf0c: ;   {oop(a 'java/lang/Class'{0x000000052782ee18} = 'kotlin/jvm/internal/Intrinsics')}
  0x0000775eb8f1cf0c: 0048 be18 | ee82 2705 | 0000 0048 

  0x0000775eb8f1cf18: ;   {metadata(method data for {method} {0x0000775e4841d110} 'sanitizeStackTrace' '(Ljava/lang/Throwable;)Ljava/lang/Throwable;' in 'kotlin/jvm/internal/Intrinsics')}
  0x0000775eb8f1cf18: 8bfe 48bb | 988c 6e48 | 5e77 0000 | 4883 8338 | 0100 0001 

  0x0000775eb8f1cf2c: ;   {metadata(method data for {method} {0x0000775e52b49be0} 'getName' '()Ljava/lang/String;' in 'java/lang/Class')}
  0x0000775eb8f1cf2c: 48bf 982d | 0448 5e77 | 0000 8b9f | f400 0000 | 83c3 0289 | 9ff4 0000 | 0081 e3fe | ff1f 0085 
  0x0000775eb8f1cf4c: db0f 846e | 1a00 008b | 762c 48c1 | e603 4885 

  0x0000775eb8f1cf5c: ;   {metadata(method data for {method} {0x0000775e52b49be0} 'getName' '()Ljava/lang/String;' in 'java/lang/Class')}
  0x0000775eb8f1cf5c: f648 bf98 | 2d04 485e | 7700 0048 | c7c3 3801 | 0000 7407 | 48c7 c348 | 0100 0048 | 8b04 1f48 
  0x0000775eb8f1cf7c: 8d40 0148 | 8904 1f0f | 8418 0000 

  0x0000775eb8f1cf88: ;   {metadata(method data for {method} {0x0000775e52b49be0} 'getName' '()Ljava/lang/String;' in 'java/lang/Class')}
  0x0000775eb8f1cf88: 0048 bf98 | 2d04 485e | 7700 00ff | 8758 0100 | 0048 8bfe | e936 0000 

  0x0000775eb8f1cfa0: ;   {oop(a 'java/lang/Class'{0x000000052782ee18} = 'kotlin/jvm/internal/Intrinsics')}
  0x0000775eb8f1cfa0: 0048 be18 | ee82 2705 | 0000 0048 

  0x0000775eb8f1cfac: ;   {metadata(method data for {method} {0x0000775e52b49be0} 'getName' '()Ljava/lang/String;' in 'java/lang/Class')}
  0x0000775eb8f1cfac: 8bfe 48bb | 982d 0448 | 5e77 0000 | 4883 8370 | 0100 0001 | 0f1f 8000 

  0x0000775eb8f1cfc4: ;   {optimized virtual_call}
  0x0000775eb8f1cfc4: 0000 00e8 

  0x0000775eb8f1cfc8: ; ImmutableOopMap {[176]=Oop [208]=Oop [216]=Oop [224]=Oop [232]=Oop [256]=Oop [280]=Oop [288]=Oop }
                      ;*invokevirtual initClassName {reexecute=0 rethrow=0 return_oop=0}
                      ; - java.lang.Class::getName@14 (line 948)
                      ; - kotlin.jvm.internal.Intrinsics::sanitizeStackTrace@3 (line 253)
                      ; - kotlin.jvm.internal.Intrinsics::throwParameterIsNullNPE@11 (line 140)
                      ; - kotlin.jvm.internal.Intrinsics::checkNotNullParameter@5 (line 131)
                      ; - kotlin.Result$Failure::<init>@3
                      ; - kotlin.ResultKt::createFailure@11 (line 122)
                      ; - kotlinx.coroutines.DispatchedTask::run@273 (line 98)
  0x0000775eb8f1cfc8: b403 f906 

  0x0000775eb8f1cfcc: ;   {other}
  0x0000775eb8f1cfcc: 0f1f 8400 | 3c19 0010 | 488b f848 | 8b84 2418 | 0100 00e9 | bb0f 0000 

  0x0000775eb8f1cfe4: ;   {metadata(method data for {method} {0x0000775e4862bd80} '<init>' '(Ljava/lang/Throwable;)V' in 'kotlin/Result$Failure')}
  0x0000775eb8f1cfe4: 488b d048 | be30 8d86 | 495e 7700 | 0048 8386 | 4801 0000 

  0x0000775eb8f1cff8: ;   {metadata(method data for {method} {0x0000775e52b55e08} '<init>' '()V' in 'java/lang/Object')}
  0x0000775eb8f1cff8: 0148 ba40 | 8a00 485e | 7700 008b | b2f4 0000 | 0083 c602 | 89b2 f400 | 0000 81e6 | feff 1f00 
  0x0000775eb8f1d018: 85f6 0f84 | c719 0000 | 410f be57 | 4085 d20f | 85db 1900 | 004c 8bd3 | 49c1 ea03 | 4489 500c 
  0x0000775eb8f1d038: 488b d048 | 33d3 48c1 | ea17 4883 | fa00 0f85 | db19 0000 

  0x0000775eb8f1d04c: ;   {metadata(method data for {method} {0x0000775e48622238} 'run' '()V' in 'kotlinx/coroutines/DispatchedTask')}
  0x0000775eb8f1d04c: 48ba 78a3 | 8649 5e77 | 0000 4883 | 82b0 0700 

  0x0000775eb8f1d05c: ;   {metadata(method data for {method} {0x0000775e48629cd0} 'constructor-impl' '(Ljava/lang/Object;)Ljava/lang/Object;' in 'kotlin/Result')}
  0x0000775eb8f1d05c: 0001 48ba | c8c5 8549 | 5e77 0000 | 8bb2 f400 | 0000 83c6 | 0289 b2f4 | 0000 0081 | e6fe ff1f 
  0x0000775eb8f1d07c: 0085 f60f | 84ba 1900 | 0048 8bbc | 24d0 0000 

  0x0000775eb8f1d08c: ;   {metadata(method data for {method} {0x0000775e48622238} 'run' '()V' in 'kotlinx/coroutines/DispatchedTask')}
  0x0000775eb8f1d08c: 0048 ba78 | a386 495e | 7700 008b | 7f08 49ba | 0000 0052 | 5e77 0000 | 4903 fa48 | 3bba d007 
  0x0000775eb8f1d0ac: 0000 750d | 4883 82d8 | 0700 0001 | e960 0000 | 0048 3bba | e007 0000 | 750d 4883 | 82e8 0700 
  0x0000775eb8f1d0cc: 0001 e94a | 0000 0048 | 83ba d007 | 0000 0075 | 1748 89ba | d007 0000 | 48c7 82d8 | 0700 0001 
  0x0000775eb8f1d0ec: 0000 00e9 | 2900 0000 | 4883 bae0 | 0700 0000 | 7517 4889 | bae0 0700 | 0048 c782 | e807 0000 
  0x0000775eb8f1d10c: 0100 0000 | e908 0000 | 0048 8382 | c007 0000 | 0148 8bd0 | 488b b424 | d000 0000 | 0f1f 4400 
  0x0000775eb8f1d12c: 0048 b890 | 8430 545e 

  0x0000775eb8f1d134: ;   {virtual_call}
  0x0000775eb8f1d134: 7700 00e8 

  0x0000775eb8f1d138: ; ImmutableOopMap {[176]=Oop [216]=Oop [224]=Oop [232]=Oop }
                      ;*invokeinterface resumeWith {reexecute=0 rethrow=0 return_oop=0}
                      ; - kotlinx.coroutines.DispatchedTask::run@279 (line 98)
  0x0000775eb8f1d138: a4df f806 

  0x0000775eb8f1d13c: ;   {other}
  0x0000775eb8f1d13c: 0f1f 8400 | ac1a 0011 

  0x0000775eb8f1d144: ;   {metadata(method data for {method} {0x0000775e48622238} 'run' '()V' in 'kotlinx/coroutines/DispatchedTask')}
  0x0000775eb8f1d144: 48ba 78a3 | 8649 5e77 | 0000 ff82 | f807 0000 | e90b 0b00 | 0048 8bb4 | 24b0 0000 

  0x0000775eb8f1d160: ;   {metadata(method data for {method} {0x0000775e48622238} 'run' '()V' in 'kotlinx/coroutines/DispatchedTask')}
  0x0000775eb8f1d160: 0048 ba78 | a386 495e | 7700 008b | 7608 49ba | 0000 0052 | 5e77 0000 | 4903 f248 | 3bb2 2008 
  0x0000775eb8f1d180: 0000 750d | 4883 8228 | 0800 0001 | e960 0000 | 0048 3bb2 | 3008 0000 | 750d 4883 | 8238 0800 
  0x0000775eb8f1d1a0: 0001 e94a | 0000 0048 | 83ba 2008 | 0000 0075 | 1748 89b2 | 2008 0000 | 48c7 8228 | 0800 0001 
  0x0000775eb8f1d1c0: 0000 00e9 | 2900 0000 | 4883 ba30 | 0800 0000 | 7517 4889 | b230 0800 | 0048 c782 | 3808 0000 
  0x0000775eb8f1d1e0: 0100 0000 | e908 0000 | 0048 8382 | 1008 0000 | 0148 8b94 | 24f8 0000 | 0048 8bb4 | 24b0 0000 
  0x0000775eb8f1d200: 000f 1f40 | 0048 b8ff | ffff ffff 

  0x0000775eb8f1d20c: ;   {virtual_call}
  0x0000775eb8f1d20c: ffff ffe8 

  0x0000775eb8f1d210: ; ImmutableOopMap {[176]=Oop [208]=Oop [216]=Oop [224]=Oop [232]=Oop }
                      ;*invokevirtual getSuccessfulResult$kotlinx_coroutines_core {reexecute=0 rethrow=0 return_oop=0}
                      ; - kotlinx.coroutines.DispatchedTask::run@295 (line 100)
  0x0000775eb8f1d210: fc34 1007 

  0x0000775eb8f1d214: ;   {other}
  0x0000775eb8f1d214: 0f1f 8400 | 841b 0012 

  0x0000775eb8f1d21c: ;   {metadata(method data for {method} {0x0000775e48622238} 'run' '()V' in 'kotlinx/coroutines/DispatchedTask')}
  0x0000775eb8f1d21c: 48ba 78a3 | 8649 5e77 | 0000 4883 | 8248 0800 

  0x0000775eb8f1d22c: ;   {metadata(method data for {method} {0x0000775e48629cd0} 'constructor-impl' '(Ljava/lang/Object;)Ljava/lang/Object;' in 'kotlin/Result')}
  0x0000775eb8f1d22c: 0001 48ba | c8c5 8549 | 5e77 0000 | 8bb2 f400 | 0000 83c6 | 0289 b2f4 | 0000 0081 | e6fe ff1f 
  0x0000775eb8f1d24c: 0085 f60f | 840b 1800 | 0048 8bbc | 24d0 0000 

  0x0000775eb8f1d25c: ;   {metadata(method data for {method} {0x0000775e48622238} 'run' '()V' in 'kotlinx/coroutines/DispatchedTask')}
  0x0000775eb8f1d25c: 0048 ba78 | a386 495e | 7700 008b | 7f08 49ba | 0000 0052 | 5e77 0000 | 4903 fa48 | 3bba 6808 
  0x0000775eb8f1d27c: 0000 750d | 4883 8270 | 0800 0001 | e960 0000 | 0048 3bba | 7808 0000 | 750d 4883 | 8280 0800 
  0x0000775eb8f1d29c: 0001 e94a | 0000 0048 | 83ba 6808 | 0000 0075 | 1748 89ba | 6808 0000 | 48c7 8270 | 0800 0001 
  0x0000775eb8f1d2bc: 0000 00e9 | 2900 0000 | 4883 ba78 | 0800 0000 | 7517 4889 | ba78 0800 | 0048 c782 | 8008 0000 
  0x0000775eb8f1d2dc: 0100 0000 | e908 0000 | 0048 8382 | 5808 0000 | 0148 8bd0 | 488b b424 | d000 0000 | 0f1f 4400 
  0x0000775eb8f1d2fc: 0048 b8b0 | 2657 855d 

  0x0000775eb8f1d304: ;   {virtual_call}
  0x0000775eb8f1d304: 7700 00e8 

  0x0000775eb8f1d308: ; ImmutableOopMap {[176]=Oop [216]=Oop [224]=Oop [232]=Oop }
                      ;*invokeinterface resumeWith {reexecute=0 rethrow=0 return_oop=0}
                      ; - kotlinx.coroutines.DispatchedTask::run@301 (line 100)
  0x0000775eb8f1d308: fc37 1007 

  0x0000775eb8f1d30c: ;   {other}
  0x0000775eb8f1d30c: 0f1f 8400 | 7c1c 0013 | e94b 0900 | 0048 8bbc | 2408 0100 | 0048 85ff | 0f84 2900 

  0x0000775eb8f1d328: ;   {metadata('kotlinx/coroutines/JobSupport')}
  0x0000775eb8f1d328: 0000 48b9 | 9086 0854 | 5e77 0000 | 8b57 0849 | ba00 0000 | 525e 7700 | 0049 03d2 | 483b 4a38 
  0x0000775eb8f1d348: 0f85 3317 | 0000 e900 | 0000 0048 | 8bf7 488b 

  0x0000775eb8f1d358: ;   {metadata(method data for {method} {0x0000775e48622238} 'run' '()V' in 'kotlinx/coroutines/DispatchedTask')}
  0x0000775eb8f1d358: f748 bb78 | a386 495e | 7700 008b | 7608 49ba | 0000 0052 | 5e77 0000 | 4903 f248 | 3bb3 2005 
  0x0000775eb8f1d378: 0000 750d | 4883 8328 | 0500 0001 | e960 0000 | 0048 3bb3 | 3005 0000 | 750d 4883 | 8338 0500 
  0x0000775eb8f1d398: 0001 e94a | 0000 0048 | 83bb 2005 | 0000 0075 | 1748 89b3 | 2005 0000 | 48c7 8328 | 0500 0001 
  0x0000775eb8f1d3b8: 0000 00e9 | 2900 0000 | 4883 bb30 | 0500 0000 | 7517 4889 | b330 0500 | 0048 c783 | 3805 0000 
  0x0000775eb8f1d3d8: 0100 0000 | e908 0000 | 0048 8383 | 1005 0000 | 0148 8bf7 

  0x0000775eb8f1d3ec: ;   {optimized virtual_call}
  0x0000775eb8f1d3ec: 6666 90e8 

  0x0000775eb8f1d3f0: ; ImmutableOopMap {[176]=Oop [208]=Oop [216]=Oop [224]=Oop [232]=Oop [248]=Oop }
                      ;*invokeinterface getCancellationException {reexecute=0 rethrow=0 return_oop=0}
                      ; - kotlinx.coroutines.DispatchedTask::run@178 (line 93)
  0x0000775eb8f1d3f0: 411a 0000 

  0x0000775eb8f1d3f4: ;   {other}
  0x0000775eb8f1d3f4: 0f1f 8400 | 641d 0014 | 4889 8424 | 2801 0000 | 488b b424 | b000 0000 

  0x0000775eb8f1d40c: ;   {metadata(method data for {method} {0x0000775e48622238} 'run' '()V' in 'kotlinx/coroutines/DispatchedTask')}
  0x0000775eb8f1d40c: 48ba 78a3 | 8649 5e77 | 0000 8b76 | 0849 ba00 | 0000 525e | 7700 0049 | 03f2 483b | b290 0500 
  0x0000775eb8f1d42c: 0075 0d48 | 8382 9805 | 0000 01e9 | 6000 0000 | 483b b2a0 | 0500 0075 | 0d48 8382 | a805 0000 
  0x0000775eb8f1d44c: 01e9 4a00 | 0000 4883 | ba90 0500 | 0000 7517 | 4889 b290 | 0500 0048 | c782 9805 | 0000 0100 
  0x0000775eb8f1d46c: 0000 e929 | 0000 0048 | 83ba a005 | 0000 0075 | 1748 89b2 | a005 0000 | 48c7 82a8 | 0500 0001 
  0x0000775eb8f1d48c: 0000 00e9 | 0800 0000 | 4883 8280 | 0500 0001 | 488b 9424 | f800 0000 | 488b c848 | 8bb4 24b0 
  0x0000775eb8f1d4ac: 0000 0066 | 0f1f 4400 | 0048 b8ff | ffff ffff 

  0x0000775eb8f1d4bc: ;   {virtual_call}
  0x0000775eb8f1d4bc: ffff ffe8 

  0x0000775eb8f1d4c0: ; ImmutableOopMap {[176]=Oop [208]=Oop [216]=Oop [224]=Oop [232]=Oop [296]=Oop }
                      ;*invokevirtual cancelCompletedResult$kotlinx_coroutines_core {reexecute=0 rethrow=0 return_oop=0}
                      ; - kotlinx.coroutines.DispatchedTask::run@193 (line 94)
  0x0000775eb8f1d4c0: 5c37 1007 

  0x0000775eb8f1d4c4: ;   {other}
  0x0000775eb8f1d4c4: 0f1f 8400 | 341e 0015 

  0x0000775eb8f1d4cc: ;   {metadata(method data for {method} {0x0000775e48622238} 'run' '()V' in 'kotlinx/coroutines/DispatchedTask')}
  0x0000775eb8f1d4cc: 48ba 78a3 | 8649 5e77 | 0000 4883 | 82b8 0500 

  0x0000775eb8f1d4dc: ;   {metadata(method data for {method} {0x0000775e484ff980} 'getRECOVER_STACK_TRACES' '()Z' in 'kotlinx/coroutines/DebugKt')}
  0x0000775eb8f1d4dc: 0001 48ba | f0b9 8649 | 5e77 0000 | 8bb2 f400 | 0000 83c6 | 0289 b2f4 | 0000 0081 | e6fe ff1f 
  0x0000775eb8f1d4fc: 0085 f60f | 8481 1500 

  0x0000775eb8f1d504: ;   {metadata(method data for {method} {0x0000775e48622238} 'run' '()V' in 'kotlinx/coroutines/DispatchedTask')}
  0x0000775eb8f1d504: 0048 ba78 | a386 495e | 7700 00ff | 82c8 0500 

  0x0000775eb8f1d514: ;   {metadata(method data for {method} {0x0000775e48622238} 'run' '()V' in 'kotlinx/coroutines/DispatchedTask')}
  0x0000775eb8f1d514: 0048 ba78 | a386 495e | 7700 00ff | 8278 0600 | 0048 8b84 | 2428 0100 

  0x0000775eb8f1d52c: ;   {metadata(method data for {method} {0x0000775e48622238} 'run' '()V' in 'kotlinx/coroutines/DispatchedTask')}
  0x0000775eb8f1d52c: 0048 ba78 | a386 495e | 7700 0048 | 8382 1007 

  0x0000775eb8f1d53c: ;   {metadata(method data for {method} {0x0000775e486484b0} 'createFailure' '(Ljava/lang/Throwable;)Ljava/lang/Object;' in 'kotlin/ResultKt')}
  0x0000775eb8f1d53c: 0000 0148 | ba10 8a86 | 495e 7700 | 008b b2f4 | 0000 0083 | c602 89b2 | f400 0000 | 81e6 feff 
  0x0000775eb8f1d55c: 1f00 85f6 | 0f84 4115 

  0x0000775eb8f1d564: ;   {metadata(method data for {method} {0x0000775e486484b0} 'createFailure' '(Ljava/lang/Throwable;)Ljava/lang/Object;' in 'kotlin/ResultKt')}
  0x0000775eb8f1d564: 0000 48ba | 108a 8649 | 5e77 0000 | 4883 8238 | 0100 0001 

  0x0000775eb8f1d578: ;   {metadata(method data for {method} {0x0000775e4841bd20} 'checkNotNullParameter' '(Ljava/lang/Object;Ljava/lang/String;)V' in 'kotlin/jvm/internal/Intrinsics')}
  0x0000775eb8f1d578: 48ba b883 | 6e48 5e77 | 0000 8bb2 | f400 0000 | 83c6 0289 | b2f4 0000 | 0081 e6fe | ff1f 0085 
  0x0000775eb8f1d598: f60f 8429 | 1500 0048 

  0x0000775eb8f1d5a0: ;   {metadata(method data for {method} {0x0000775e4841bd20} 'checkNotNullParameter' '(Ljava/lang/Object;Ljava/lang/String;)V' in 'kotlin/jvm/internal/Intrinsics')}
  0x0000775eb8f1d5a0: 85c0 48ba | b883 6e48 | 5e77 0000 | 48c7 c638 | 0100 0075 | 0748 c7c6 | 4801 0000 | 488b 3c32 
  0x0000775eb8f1d5c0: 488d 7f01 | 4889 3c32 | 0f85 1602 

  0x0000775eb8f1d5cc: ;   {metadata(method data for {method} {0x0000775e4841bd20} 'checkNotNullParameter' '(Ljava/lang/Object;Ljava/lang/String;)V' in 'kotlin/jvm/internal/Intrinsics')}
  0x0000775eb8f1d5cc: 0000 48ba | b883 6e48 | 5e77 0000 | 4883 8258 | 0100 0001 

  0x0000775eb8f1d5e0: ;   {metadata(method data for {method} {0x0000775e4841bed0} 'throwParameterIsNullNPE' '(Ljava/lang/String;)V' in 'kotlin/jvm/internal/Intrinsics')}
  0x0000775eb8f1d5e0: 48ba 6885 | 6e48 5e77 | 0000 8bb2 | f400 0000 | 83c6 0289 | b2f4 0000 | 0081 e6fe | ff1f 0085 
  0x0000775eb8f1d600: f60f 84e2 | 1400 0090 

  0x0000775eb8f1d608: ;   {no_reloc}
  0x0000775eb8f1d608: e90c 1500 | 0000 0000 | 0000 498b | 87b8 0100 | 0048 8d78 | 3049 3bbf | c801 0000 | 0f87 f914 
  0x0000775eb8f1d628: 0000 4989 | bfb8 0100 | 0048 c700 | 0100 0000 | 488b ca49 | ba00 0000 | 525e 7700 | 0049 2bca 
  0x0000775eb8f1d648: 8948 0848 | 33c9 8948 | 0c48 33c9 | 4889 4810 | 4889 4818 | 4889 4820 | 4889 4828 

  0x0000775eb8f1d664: ;   {metadata(method data for {method} {0x0000775e4841bed0} 'throwParameterIsNullNPE' '(Ljava/lang/String;)V' in 'kotlin/jvm/internal/Intrinsics')}
  0x0000775eb8f1d664: 48be 6885 | 6e48 5e77 | 0000 4883 | 8638 0100 

  0x0000775eb8f1d674: ;   {oop("exception"{0x00000007ff89d6c0})}
  0x0000775eb8f1d674: 0001 48be | c0d6 89ff | 0700 0000 | 4889 8424 | 3001 0000 | 0f1f 8000 

  0x0000775eb8f1d68c: ;   {static_call}
  0x0000775eb8f1d68c: 0000 00e8 

  0x0000775eb8f1d690: ; ImmutableOopMap {[176]=Oop [208]=Oop [216]=Oop [224]=Oop [232]=Oop [296]=Oop [304]=Oop }
                      ;*invokestatic createParameterIsNullExceptionMessage {reexecute=0 rethrow=0 return_oop=0}
                      ; - kotlin.jvm.internal.Intrinsics::throwParameterIsNullNPE@5 (line 140)
                      ; - kotlin.jvm.internal.Intrinsics::checkNotNullParameter@5 (line 131)
                      ; - kotlin.ResultKt::createFailure@3
                      ; - kotlinx.coroutines.DispatchedTask::run@246 (line 232)
  0x0000775eb8f1d690: ec02 f906 

  0x0000775eb8f1d694: ;   {other}
  0x0000775eb8f1d694: 0f1f 8400 | 0420 0016 | 488b 9424 | 3001 0000 

  0x0000775eb8f1d6a4: ;   {metadata(method data for {method} {0x0000775e4841bed0} 'throwParameterIsNullNPE' '(Ljava/lang/String;)V' in 'kotlin/jvm/internal/Intrinsics')}
  0x0000775eb8f1d6a4: 48be 6885 | 6e48 5e77 | 0000 4883 | 8648 0100 | 0001 488b | d048 8bb4 | 2430 0100 | 0066 0f1f 
  0x0000775eb8f1d6c4: ;   {optimized virtual_call}
  0x0000775eb8f1d6c4: 4400 00e8 

  0x0000775eb8f1d6c8: ; ImmutableOopMap {[176]=Oop [208]=Oop [216]=Oop [224]=Oop [232]=Oop [296]=Oop [304]=Oop }
                      ;*invokespecial <init> {reexecute=0 rethrow=0 return_oop=0}
                      ; - kotlin.jvm.internal.Intrinsics::throwParameterIsNullNPE@8 (line 140)
                      ; - kotlin.jvm.internal.Intrinsics::checkNotNullParameter@5 (line 131)
                      ; - kotlin.ResultKt::createFailure@3
                      ; - kotlinx.coroutines.DispatchedTask::run@246 (line 232)
  0x0000775eb8f1d6c8: b4fc f806 

  0x0000775eb8f1d6cc: ;   {other}
  0x0000775eb8f1d6cc: 0f1f 8400 | 3c20 0017 

  0x0000775eb8f1d6d4: ;   {metadata(method data for {method} {0x0000775e4841bed0} 'throwParameterIsNullNPE' '(Ljava/lang/String;)V' in 'kotlin/jvm/internal/Intrinsics')}
  0x0000775eb8f1d6d4: 48be 6885 | 6e48 5e77 | 0000 4883 | 8658 0100 

  0x0000775eb8f1d6e4: ;   {metadata(method data for {method} {0x0000775e4841d110} 'sanitizeStackTrace' '(Ljava/lang/Throwable;)Ljava/lang/Throwable;' in 'kotlin/jvm/internal/Intrinsics')}
  0x0000775eb8f1d6e4: 0001 48be | 988c 6e48 | 5e77 0000 | 8bbe f400 | 0000 83c7 | 0289 bef4 | 0000 0081 | e7fe ff1f 
  0x0000775eb8f1d704: 0085 ff0f | 8423 1400 

  0x0000775eb8f1d70c: ;   {oop(a 'java/lang/Class'{0x000000052782ee18} = 'kotlin/jvm/internal/Intrinsics')}
  0x0000775eb8f1d70c: 0048 be18 | ee82 2705 | 0000 0048 

  0x0000775eb8f1d718: ;   {metadata(method data for {method} {0x0000775e4841d110} 'sanitizeStackTrace' '(Ljava/lang/Throwable;)Ljava/lang/Throwable;' in 'kotlin/jvm/internal/Intrinsics')}
  0x0000775eb8f1d718: 8bfe 48bb | 988c 6e48 | 5e77 0000 | 4883 8338 | 0100 0001 

  0x0000775eb8f1d72c: ;   {metadata(method data for {method} {0x0000775e52b49be0} 'getName' '()Ljava/lang/String;' in 'java/lang/Class')}
  0x0000775eb8f1d72c: 48bf 982d | 0448 5e77 | 0000 8b9f | f400 0000 | 83c3 0289 | 9ff4 0000 | 0081 e3fe | ff1f 0085 
  0x0000775eb8f1d74c: db0f 84fe | 1300 008b | 762c 48c1 | e603 4885 

  0x0000775eb8f1d75c: ;   {metadata(method data for {method} {0x0000775e52b49be0} 'getName' '()Ljava/lang/String;' in 'java/lang/Class')}
  0x0000775eb8f1d75c: f648 bf98 | 2d04 485e | 7700 0048 | c7c3 3801 | 0000 7407 | 48c7 c348 | 0100 0048 | 8b04 1f48 
  0x0000775eb8f1d77c: 8d40 0148 | 8904 1f0f | 8418 0000 

  0x0000775eb8f1d788: ;   {metadata(method data for {method} {0x0000775e52b49be0} 'getName' '()Ljava/lang/String;' in 'java/lang/Class')}
  0x0000775eb8f1d788: 0048 bf98 | 2d04 485e | 7700 00ff | 8758 0100 | 0048 8bfe | e936 0000 

  0x0000775eb8f1d7a0: ;   {oop(a 'java/lang/Class'{0x000000052782ee18} = 'kotlin/jvm/internal/Intrinsics')}
  0x0000775eb8f1d7a0: 0048 be18 | ee82 2705 | 0000 0048 

  0x0000775eb8f1d7ac: ;   {metadata(method data for {method} {0x0000775e52b49be0} 'getName' '()Ljava/lang/String;' in 'java/lang/Class')}
  0x0000775eb8f1d7ac: 8bfe 48bb | 982d 0448 | 5e77 0000 | 4883 8370 | 0100 0001 | 0f1f 8000 

  0x0000775eb8f1d7c4: ;   {optimized virtual_call}
  0x0000775eb8f1d7c4: 0000 00e8 

  0x0000775eb8f1d7c8: ; ImmutableOopMap {[176]=Oop [208]=Oop [216]=Oop [224]=Oop [232]=Oop [296]=Oop [304]=Oop }
                      ;*invokevirtual initClassName {reexecute=0 rethrow=0 return_oop=0}
                      ; - java.lang.Class::getName@14 (line 948)
                      ; - kotlin.jvm.internal.Intrinsics::sanitizeStackTrace@3 (line 253)
                      ; - kotlin.jvm.internal.Intrinsics::throwParameterIsNullNPE@11 (line 140)
                      ; - kotlin.jvm.internal.Intrinsics::checkNotNullParameter@5 (line 131)
                      ; - kotlin.ResultKt::createFailure@3
                      ; - kotlinx.coroutines.DispatchedTask::run@246 (line 232)
  0x0000775eb8f1d7c8: b4fb f806 

  0x0000775eb8f1d7cc: ;   {other}
  0x0000775eb8f1d7cc: 0f1f 8400 | 3c21 0018 | 488b f848 | 8b84 2430 | 0100 00e9 | 9306 0000 

  0x0000775eb8f1d7e4: ;   {metadata('kotlin/Result$Failure')}
  0x0000775eb8f1d7e4: 48ba 68d8 | 0854 5e77 | 0000 488b | d849 8b87 | b801 0000 | 488d 7810 | 493b bfc8 | 0100 000f 
  0x0000775eb8f1d804: 876e 1300 | 0049 89bf | b801 0000 | 48c7 0001 | 0000 0048 | 8bca 49ba | 0000 0052 | 5e77 0000 
  0x0000775eb8f1d824: 492b ca89 | 4808 4833 | c989 480c | 4833 c948 | 8984 2440 | 0100 0048 

  0x0000775eb8f1d83c: ;   {metadata(method data for {method} {0x0000775e486484b0} 'createFailure' '(Ljava/lang/Throwable;)Ljava/lang/Object;' in 'kotlin/ResultKt')}
  0x0000775eb8f1d83c: 8bd0 48be | 108a 8649 | 5e77 0000 | 4883 8648 | 0100 0001 

  0x0000775eb8f1d850: ;   {metadata(method data for {method} {0x0000775e4862bd80} '<init>' '(Ljava/lang/Throwable;)V' in 'kotlin/Result$Failure')}
  0x0000775eb8f1d850: 48ba 308d | 8649 5e77 | 0000 8bb2 | f400 0000 | 83c6 0289 | b2f4 0000 | 0081 e6fe | ff1f 0085 
  0x0000775eb8f1d870: f60f 840d 

  0x0000775eb8f1d874: ;   {metadata(method data for {method} {0x0000775e4862bd80} '<init>' '(Ljava/lang/Throwable;)V' in 'kotlin/Result$Failure')}
  0x0000775eb8f1d874: 1300 0048 | ba30 8d86 | 495e 7700 | 0048 8382 | 3801 0000 

  0x0000775eb8f1d888: ;   {metadata(method data for {method} {0x0000775e4841bd20} 'checkNotNullParameter' '(Ljava/lang/Object;Ljava/lang/String;)V' in 'kotlin/jvm/internal/Intrinsics')}
  0x0000775eb8f1d888: 0148 bab8 | 836e 485e | 7700 008b | b2f4 0000 | 0083 c602 | 89b2 f400 | 0000 81e6 | feff 1f00 
  0x0000775eb8f1d8a8: 85f6 0f84 | f512 0000 

  0x0000775eb8f1d8b0: ;   {metadata(method data for {method} {0x0000775e4841bd20} 'checkNotNullParameter' '(Ljava/lang/Object;Ljava/lang/String;)V' in 'kotlin/jvm/internal/Intrinsics')}
  0x0000775eb8f1d8b0: 4885 db48 | bab8 836e | 485e 7700 | 0048 c7c6 | 3801 0000 | 7507 48c7 | c648 0100 | 0048 8b3c 
  0x0000775eb8f1d8d0: 3248 8d7f | 0148 893c | 320f 8515 

  0x0000775eb8f1d8dc: ;   {metadata(method data for {method} {0x0000775e4841bd20} 'checkNotNullParameter' '(Ljava/lang/Object;Ljava/lang/String;)V' in 'kotlin/jvm/internal/Intrinsics')}
  0x0000775eb8f1d8dc: 0200 0048 | bab8 836e | 485e 7700 | 0048 8382 | 5801 0000 

  0x0000775eb8f1d8f0: ;   {metadata(method data for {method} {0x0000775e4841bed0} 'throwParameterIsNullNPE' '(Ljava/lang/String;)V' in 'kotlin/jvm/internal/Intrinsics')}
  0x0000775eb8f1d8f0: 0148 ba68 | 856e 485e | 7700 008b | b2f4 0000 | 0083 c602 | 89b2 f400 | 0000 81e6 | feff 1f00 
  0x0000775eb8f1d910: 85f6 0f84 | ae12 0000 

  0x0000775eb8f1d918: ;   {no_reloc}
  0x0000775eb8f1d918: e9d9 1200 | 0000 0000 | 0000 498b | 87b8 0100 | 0048 8d78 | 3049 3bbf | c801 0000 | 0f87 c612 
  0x0000775eb8f1d938: 0000 4989 | bfb8 0100 | 0048 c700 | 0100 0000 | 488b ca49 | ba00 0000 | 525e 7700 | 0049 2bca 
  0x0000775eb8f1d958: 8948 0848 | 33c9 8948 | 0c48 33c9 | 4889 4810 | 4889 4818 | 4889 4820 | 4889 4828 

  0x0000775eb8f1d974: ;   {metadata(method data for {method} {0x0000775e4841bed0} 'throwParameterIsNullNPE' '(Ljava/lang/String;)V' in 'kotlin/jvm/internal/Intrinsics')}
  0x0000775eb8f1d974: 48be 6885 | 6e48 5e77 | 0000 4883 | 8638 0100 

  0x0000775eb8f1d984: ;   {oop("exception"{0x00000007ff89d6c0})}
  0x0000775eb8f1d984: 0001 48be | c0d6 89ff | 0700 0000 | 4889 8424 | 3801 0000 | 0f1f 8000 

  0x0000775eb8f1d99c: ;   {static_call}
  0x0000775eb8f1d99c: 0000 00e8 

  0x0000775eb8f1d9a0: ; ImmutableOopMap {[176]=Oop [208]=Oop [216]=Oop [224]=Oop [232]=Oop [296]=Oop [312]=Oop [320]=Oop }
                      ;*invokestatic createParameterIsNullExceptionMessage {reexecute=0 rethrow=0 return_oop=0}
                      ; - kotlin.jvm.internal.Intrinsics::throwParameterIsNullNPE@5 (line 140)
                      ; - kotlin.jvm.internal.Intrinsics::checkNotNullParameter@5 (line 131)
                      ; - kotlin.Result$Failure::<init>@3
                      ; - kotlin.ResultKt::createFailure@11 (line 122)
                      ; - kotlinx.coroutines.DispatchedTask::run@246 (line 232)
  0x0000775eb8f1d9a0: dcff f806 

  0x0000775eb8f1d9a4: ;   {other}
  0x0000775eb8f1d9a4: 0f1f 8400 | 1423 0019 | 488b 9424 | 3801 0000 

  0x0000775eb8f1d9b4: ;   {metadata(method data for {method} {0x0000775e4841bed0} 'throwParameterIsNullNPE' '(Ljava/lang/String;)V' in 'kotlin/jvm/internal/Intrinsics')}
  0x0000775eb8f1d9b4: 48be 6885 | 6e48 5e77 | 0000 4883 | 8648 0100 | 0001 488b | d048 8bb4 | 2438 0100 | 0066 0f1f 
  0x0000775eb8f1d9d4: ;   {optimized virtual_call}
  0x0000775eb8f1d9d4: 4400 00e8 

  0x0000775eb8f1d9d8: ; ImmutableOopMap {[176]=Oop [208]=Oop [216]=Oop [224]=Oop [232]=Oop [296]=Oop [312]=Oop [320]=Oop }
                      ;*invokespecial <init> {reexecute=0 rethrow=0 return_oop=0}
                      ; - kotlin.jvm.internal.Intrinsics::throwParameterIsNullNPE@8 (line 140)
                      ; - kotlin.jvm.internal.Intrinsics::checkNotNullParameter@5 (line 131)
                      ; - kotlin.Result$Failure::<init>@3
                      ; - kotlin.ResultKt::createFailure@11 (line 122)
                      ; - kotlinx.coroutines.DispatchedTask::run@246 (line 232)
  0x0000775eb8f1d9d8: a4f9 f806 

  0x0000775eb8f1d9dc: ;   {other}
  0x0000775eb8f1d9dc: 0f1f 8400 | 4c23 001a 

  0x0000775eb8f1d9e4: ;   {metadata(method data for {method} {0x0000775e4841bed0} 'throwParameterIsNullNPE' '(Ljava/lang/String;)V' in 'kotlin/jvm/internal/Intrinsics')}
  0x0000775eb8f1d9e4: 48be 6885 | 6e48 5e77 | 0000 4883 | 8658 0100 

  0x0000775eb8f1d9f4: ;   {metadata(method data for {method} {0x0000775e4841d110} 'sanitizeStackTrace' '(Ljava/lang/Throwable;)Ljava/lang/Throwable;' in 'kotlin/jvm/internal/Intrinsics')}
  0x0000775eb8f1d9f4: 0001 48be | 988c 6e48 | 5e77 0000 | 8bbe f400 | 0000 83c7 | 0289 bef4 | 0000 0081 | e7fe ff1f 
  0x0000775eb8f1da14: 0085 ff0f | 84f0 1100 

  0x0000775eb8f1da1c: ;   {oop(a 'java/lang/Class'{0x000000052782ee18} = 'kotlin/jvm/internal/Intrinsics')}
  0x0000775eb8f1da1c: 0048 be18 | ee82 2705 | 0000 0048 

  0x0000775eb8f1da28: ;   {metadata(method data for {method} {0x0000775e4841d110} 'sanitizeStackTrace' '(Ljava/lang/Throwable;)Ljava/lang/Throwable;' in 'kotlin/jvm/internal/Intrinsics')}
  0x0000775eb8f1da28: 8bfe 48bb | 988c 6e48 | 5e77 0000 | 4883 8338 | 0100 0001 

  0x0000775eb8f1da3c: ;   {metadata(method data for {method} {0x0000775e52b49be0} 'getName' '()Ljava/lang/String;' in 'java/lang/Class')}
  0x0000775eb8f1da3c: 48bf 982d | 0448 5e77 | 0000 8b9f | f400 0000 | 83c3 0289 | 9ff4 0000 | 0081 e3fe | ff1f 0085 
  0x0000775eb8f1da5c: db0f 84cb | 1100 008b | 762c 48c1 | e603 4885 

  0x0000775eb8f1da6c: ;   {metadata(method data for {method} {0x0000775e52b49be0} 'getName' '()Ljava/lang/String;' in 'java/lang/Class')}
  0x0000775eb8f1da6c: f648 bf98 | 2d04 485e | 7700 0048 | c7c3 3801 | 0000 7407 | 48c7 c348 | 0100 0048 | 8b04 1f48 
  0x0000775eb8f1da8c: 8d40 0148 | 8904 1f0f | 8418 0000 

  0x0000775eb8f1da98: ;   {metadata(method data for {method} {0x0000775e52b49be0} 'getName' '()Ljava/lang/String;' in 'java/lang/Class')}
  0x0000775eb8f1da98: 0048 bf98 | 2d04 485e | 7700 00ff | 8758 0100 | 0048 8bfe | e936 0000 

  0x0000775eb8f1dab0: ;   {oop(a 'java/lang/Class'{0x000000052782ee18} = 'kotlin/jvm/internal/Intrinsics')}
  0x0000775eb8f1dab0: 0048 be18 | ee82 2705 | 0000 0048 

  0x0000775eb8f1dabc: ;   {metadata(method data for {method} {0x0000775e52b49be0} 'getName' '()Ljava/lang/String;' in 'java/lang/Class')}
  0x0000775eb8f1dabc: 8bfe 48bb | 982d 0448 | 5e77 0000 | 4883 8370 | 0100 0001 | 0f1f 8000 

  0x0000775eb8f1dad4: ;   {optimized virtual_call}
  0x0000775eb8f1dad4: 0000 00e8 

  0x0000775eb8f1dad8: ; ImmutableOopMap {[176]=Oop [208]=Oop [216]=Oop [224]=Oop [232]=Oop [296]=Oop [312]=Oop [320]=Oop }
                      ;*invokevirtual initClassName {reexecute=0 rethrow=0 return_oop=0}
                      ; - java.lang.Class::getName@14 (line 948)
                      ; - kotlin.jvm.internal.Intrinsics::sanitizeStackTrace@3 (line 253)
                      ; - kotlin.jvm.internal.Intrinsics::throwParameterIsNullNPE@11 (line 140)
                      ; - kotlin.jvm.internal.Intrinsics::checkNotNullParameter@5 (line 131)
                      ; - kotlin.Result$Failure::<init>@3
                      ; - kotlin.ResultKt::createFailure@11 (line 122)
                      ; - kotlinx.coroutines.DispatchedTask::run@246 (line 232)
  0x0000775eb8f1dad8: a4f8 f806 

  0x0000775eb8f1dadc: ;   {other}
  0x0000775eb8f1dadc: 0f1f 8400 | 4c24 001b | 488b f848 | 8b84 2438 | 0100 00e9 | 5602 0000 

  0x0000775eb8f1daf4: ;   {metadata(method data for {method} {0x0000775e4862bd80} '<init>' '(Ljava/lang/Throwable;)V' in 'kotlin/Result$Failure')}
  0x0000775eb8f1daf4: 488b d048 | be30 8d86 | 495e 7700 | 0048 8386 | 4801 0000 

  0x0000775eb8f1db08: ;   {metadata(method data for {method} {0x0000775e52b55e08} '<init>' '()V' in 'java/lang/Object')}
  0x0000775eb8f1db08: 0148 ba40 | 8a00 485e | 7700 008b | b2f4 0000 | 0083 c602 | 89b2 f400 | 0000 81e6 | feff 1f00 
  0x0000775eb8f1db28: 85f6 0f84 | 2411 0000 | 410f be57 | 4085 d20f | 8538 1100 | 004c 8bd3 | 49c1 ea03 | 4489 500c 
  0x0000775eb8f1db48: 488b d048 | 33d3 48c1 | ea17 4883 | fa00 0f85 | 3811 0000 

  0x0000775eb8f1db5c: ;   {metadata(method data for {method} {0x0000775e48622238} 'run' '()V' in 'kotlinx/coroutines/DispatchedTask')}
  0x0000775eb8f1db5c: 48ba 78a3 | 8649 5e77 | 0000 4883 | 8220 0700 

  0x0000775eb8f1db6c: ;   {metadata(method data for {method} {0x0000775e48629cd0} 'constructor-impl' '(Ljava/lang/Object;)Ljava/lang/Object;' in 'kotlin/Result')}
  0x0000775eb8f1db6c: 0001 48ba | c8c5 8549 | 5e77 0000 | 8bb2 f400 | 0000 83c6 | 0289 b2f4 | 0000 0081 | e6fe ff1f 
  0x0000775eb8f1db8c: 0085 f60f | 8417 1100 | 0048 8bbc | 24d0 0000 

  0x0000775eb8f1db9c: ;   {metadata(method data for {method} {0x0000775e48622238} 'run' '()V' in 'kotlinx/coroutines/DispatchedTask')}
  0x0000775eb8f1db9c: 0048 ba78 | a386 495e | 7700 008b | 7f08 49ba | 0000 0052 | 5e77 0000 | 4903 fa48 | 3bba 4007 
  0x0000775eb8f1dbbc: 0000 750d | 4883 8248 | 0700 0001 | e960 0000 | 0048 3bba | 5007 0000 | 750d 4883 | 8258 0700 
  0x0000775eb8f1dbdc: 0001 e94a | 0000 0048 | 83ba 4007 | 0000 0075 | 1748 89ba | 4007 0000 | 48c7 8248 | 0700 0001 
  0x0000775eb8f1dbfc: 0000 00e9 | 2900 0000 | 4883 ba50 | 0700 0000 | 7517 4889 | ba50 0700 | 0048 c782 | 5807 0000 
  0x0000775eb8f1dc1c: 0100 0000 | e908 0000 | 0048 8382 | 3007 0000 | 0148 8bd0 | 488b b424 | d000 0000 | 0f1f 4400 
  0x0000775eb8f1dc3c: 0048 b8a0 | b574 855d 

  0x0000775eb8f1dc44: ;   {virtual_call}
  0x0000775eb8f1dc44: 7700 00e8 

  0x0000775eb8f1dc48: ; ImmutableOopMap {[176]=Oop [216]=Oop [224]=Oop [232]=Oop }
                      ;*invokeinterface resumeWith {reexecute=0 rethrow=0 return_oop=0}
                      ; - kotlinx.coroutines.DispatchedTask::run@252 (line 232)
  0x0000775eb8f1dc48: bc2e 1007 

  0x0000775eb8f1dc4c: ;   {other}
  0x0000775eb8f1dc4c: 0f1f 8400 | bc25 001c 

  0x0000775eb8f1dc54: ;   {metadata(method data for {method} {0x0000775e48622238} 'run' '()V' in 'kotlinx/coroutines/DispatchedTask')}
  0x0000775eb8f1dc54: 48be 78a3 | 8649 5e77 | 0000 ff86 | 6807 0000 | 488b 8424 | e800 0000 

  0x0000775eb8f1dc6c: ;   {metadata(method data for {method} {0x0000775e48622238} 'run' '()V' in 'kotlinx/coroutines/DispatchedTask')}
  0x0000775eb8f1dc6c: 4885 c048 | be78 a386 | 495e 7700 | 0048 c7c7 | 9008 0000 | 7407 48c7 | c7a0 0800 | 0048 8b1c 
  0x0000775eb8f1dc8c: 3e48 8d5b | 0148 891c | 3e0f 8457 | 0000 0048 | 3b00 488b 

  0x0000775eb8f1dca0: ;   {metadata(method data for {method} {0x0000775e48622238} 'run' '()V' in 'kotlinx/coroutines/DispatchedTask')}
  0x0000775eb8f1dca0: f048 bf78 | a386 495e | 7700 0048 | 8387 b008 | 0000 0148 

  0x0000775eb8f1dcb4: ;   {optimized virtual_call}
  0x0000775eb8f1dcb4: 8bf0 90e8 

  0x0000775eb8f1dcb8: ; ImmutableOopMap {[176]=Oop [216]=Oop [224]=Oop }
                      ;*invokevirtual clearThreadContext {reexecute=0 rethrow=0 return_oop=0}
                      ; - kotlinx.coroutines.DispatchedTask::run@319 (line 236)
  0x0000775eb8f1dcb8: c4f6 f806 

  0x0000775eb8f1dcbc: ;   {other}
  0x0000775eb8f1dcbc: 0f1f 8400 | 2c26 001d 

  0x0000775eb8f1dcc4: ;   {metadata(method data for {method} {0x0000775e48622238} 'run' '()V' in 'kotlinx/coroutines/DispatchedTask')}
  0x0000775eb8f1dcc4: 85c0 48be | 78a3 8649 | 5e77 0000 | 48c7 c2e8 | 0800 0074 | 0748 c7c2 | f808 0000 | 488b 3c16 
  0x0000775eb8f1dce4: 488d 7f01 | 4889 3c16 | 0f84 3200 

  0x0000775eb8f1dcf0: ;   {metadata(method data for {method} {0x0000775e48622238} 'run' '()V' in 'kotlinx/coroutines/DispatchedTask')}
  0x0000775eb8f1dcf0: 0000 48be | 78a3 8649 | 5e77 0000 | 4883 8608 | 0900 0001 | 488b b424 | d800 0000 | 488b 9424 
  0x0000775eb8f1dd10: e000 0000 

  0x0000775eb8f1dd14: ;   {static_call}
  0x0000775eb8f1dd14: 6666 90e8 

  0x0000775eb8f1dd18: ; ImmutableOopMap {[176]=Oop }
                      ;*invokestatic restoreThreadContext {reexecute=0 rethrow=0 return_oop=0}
                      ; - kotlinx.coroutines.DispatchedTask::run@329 (line 237)
  0x0000775eb8f1dd18: 6489 ffff 

  0x0000775eb8f1dd1c: ;   {other}
  0x0000775eb8f1dd1c: 0f1f 8400 | 8c26 001e 

  0x0000775eb8f1dd24: ;   {metadata(method data for {method} {0x0000775e48622238} 'run' '()V' in 'kotlinx/coroutines/DispatchedTask')}
  0x0000775eb8f1dd24: 48be 78a3 | 8649 5e77 | 0000 ff86 | 1809 0000 | 4881 c470 | 0100 005d 

  0x0000775eb8f1dd3c: ;   {poll_return}
  0x0000775eb8f1dd3c: 493b a748 | 0400 000f | 8789 0f00 

  0x0000775eb8f1dd48: ;   {metadata(method data for {method} {0x0000775e4841d110} 'sanitizeStackTrace' '(Ljava/lang/Throwable;)Ljava/lang/Throwable;' in 'kotlin/jvm/internal/Intrinsics')}
  0x0000775eb8f1dd48: 00c3 48be | 988c 6e48 | 5e77 0000 | 4883 8670 | 0100 0001 | 488b f048 | 8bd7 0f1f 

  0x0000775eb8f1dd64: ;   {static_call}
  0x0000775eb8f1dd64: 4400 00e8 

  0x0000775eb8f1dd68: ; ImmutableOopMap {[176]=Oop [208]=Oop [216]=Oop [224]=Oop [232]=Oop [296]=Oop [320]=Oop }
                      ;*invokestatic sanitizeStackTrace {reexecute=0 rethrow=0 return_oop=0}
                      ; - kotlin.jvm.internal.Intrinsics::sanitizeStackTrace@6 (line 253)
                      ; - kotlin.jvm.internal.Intrinsics::throwParameterIsNullNPE@11 (line 140)
                      ; - kotlin.jvm.internal.Intrinsics::checkNotNullParameter@5 (line 131)
                      ; - kotlin.Result$Failure::<init>@3
                      ; - kotlin.ResultKt::createFailure@11 (line 122)
                      ; - kotlinx.coroutines.DispatchedTask::run@246 (line 232)
  0x0000775eb8f1dd68: 14fc f806 

  0x0000775eb8f1dd6c: ;   {other}
  0x0000775eb8f1dd6c: 0f1f 8400 | dc26 001f | 488b b424 | 4001 0000 | 4885 c075 

  0x0000775eb8f1dd80: ;   {metadata(method data for {method} {0x0000775e4841bed0} 'throwParameterIsNullNPE' '(Ljava/lang/String;)V' in 'kotlin/jvm/internal/Intrinsics')}
  0x0000775eb8f1dd80: 1648 bf68 | 856e 485e | 7700 0080 | 8f61 0100 | 0001 e9cd 

  0x0000775eb8f1dd94: ;   {metadata('java/lang/NullPointerException')}
  0x0000775eb8f1dd94: 0000 0048 | bbd8 5c08 | 525e 7700 | 008b 7808 | 49ba 0000 | 0052 5e77 | 0000 4903 | fa48 3b5f 
  0x0000775eb8f1ddb4: 500f 858d 

  0x0000775eb8f1ddb8: ;   {metadata(method data for {method} {0x0000775e4841bed0} 'throwParameterIsNullNPE' '(Ljava/lang/String;)V' in 'kotlin/jvm/internal/Intrinsics')}
  0x0000775eb8f1ddb8: 0000 0048 | bf68 856e | 485e 7700 | 008b 5808 | 49ba 0000 | 0052 5e77 | 0000 4903 | da48 3b9f 
  0x0000775eb8f1ddd8: 7801 0000 | 750d 4883 | 8780 0100 | 0001 e979 | 0000 0048 | 3b9f 8801 | 0000 750d | 4883 8790 
  0x0000775eb8f1ddf8: 0100 0001 | e963 0000 | 0048 83bf | 7801 0000 | 0075 1748 | 899f 7801 | 0000 48c7 | 8780 0100 
  0x0000775eb8f1de18: 0001 0000 | 00e9 4200 | 0000 4883 | bf88 0100 | 0000 7517 | 4889 9f88 | 0100 0048 | c787 9001 
  0x0000775eb8f1de38: 0000 0100 | 0000 e921 | 0000 00e9 | 1c00 0000 

  0x0000775eb8f1de48: ;   {metadata(method data for {method} {0x0000775e4841bed0} 'throwParameterIsNullNPE' '(Ljava/lang/String;)V' in 'kotlin/jvm/internal/Intrinsics')}
  0x0000775eb8f1de48: 48bf 6885 | 6e48 5e77 | 0000 4883 | af68 0100 | 0001 e989 | 0e00 00e9 | 0000 0000 

  0x0000775eb8f1de64: ; implicit exception: dispatches to 0x0000775eb8f1ecf1
                      ; ImmutableOopMap {rsi=Oop rax=Oop [176]=Oop [208]=Oop [216]=Oop [224]=Oop [232]=Oop [296]=Oop [320]=Oop }
                      ;*athrow {reexecute=1 rethrow=0 return_oop=0}
                      ; - (reexecute) kotlin.jvm.internal.Intrinsics::throwParameterIsNullNPE@17 (line 140)
                      ; - kotlin.jvm.internal.Intrinsics::checkNotNullParameter@5 (line 131)
                      ; - kotlin.Result$Failure::<init>@3
                      ; - kotlin.ResultKt::createFailure@11 (line 122)
                      ; - kotlinx.coroutines.DispatchedTask::run@246 (line 232)
                      ;   {section_word}
  0x0000775eb8f1de64: 483b 0048 | ba67 def1 | b85e 7700 

  0x0000775eb8f1de70: ;   {runtime_call handle_exception_nofpu Runtime1 stub}
  0x0000775eb8f1de70: 00e8 0a44 

  0x0000775eb8f1de74: ;   {metadata(method data for {method} {0x0000775e4841d110} 'sanitizeStackTrace' '(Ljava/lang/Throwable;)Ljava/lang/Throwable;' in 'kotlin/jvm/internal/Intrinsics')}
  0x0000775eb8f1de74: 0507 9048 | be98 8c6e | 485e 7700 | 0048 8386 | 7001 0000 | 0148 8bf0 

  0x0000775eb8f1de8c: ;   {static_call}
  0x0000775eb8f1de8c: 488b d7e8 

  0x0000775eb8f1de90: ; ImmutableOopMap {[176]=Oop [208]=Oop [216]=Oop [224]=Oop [232]=Oop [296]=Oop }
                      ;*invokestatic sanitizeStackTrace {reexecute=0 rethrow=0 return_oop=0}
                      ; - kotlin.jvm.internal.Intrinsics::sanitizeStackTrace@6 (line 253)
                      ; - kotlin.jvm.internal.Intrinsics::throwParameterIsNullNPE@11 (line 140)
                      ; - kotlin.jvm.internal.Intrinsics::checkNotNullParameter@5 (line 131)
                      ; - kotlin.ResultKt::createFailure@3
                      ; - kotlinx.coroutines.DispatchedTask::run@246 (line 232)
  0x0000775eb8f1de90: ecfa f806 

  0x0000775eb8f1de94: ;   {other}
  0x0000775eb8f1de94: 0f1f 8400 | 0428 0021 | 488b b424 | 2801 0000 | 4885 c075 

  0x0000775eb8f1dea8: ;   {metadata(method data for {method} {0x0000775e4841bed0} 'throwParameterIsNullNPE' '(Ljava/lang/String;)V' in 'kotlin/jvm/internal/Intrinsics')}
  0x0000775eb8f1dea8: 1648 bf68 | 856e 485e | 7700 0080 | 8f61 0100 | 0001 e9cd 

  0x0000775eb8f1debc: ;   {metadata('java/lang/NullPointerException')}
  0x0000775eb8f1debc: 0000 0048 | bbd8 5c08 | 525e 7700 | 008b 7808 | 49ba 0000 | 0052 5e77 | 0000 4903 | fa48 3b5f 
  0x0000775eb8f1dedc: 500f 858d 

  0x0000775eb8f1dee0: ;   {metadata(method data for {method} {0x0000775e4841bed0} 'throwParameterIsNullNPE' '(Ljava/lang/String;)V' in 'kotlin/jvm/internal/Intrinsics')}
  0x0000775eb8f1dee0: 0000 0048 | bf68 856e | 485e 7700 | 008b 5808 | 49ba 0000 | 0052 5e77 | 0000 4903 | da48 3b9f 
  0x0000775eb8f1df00: 7801 0000 | 750d 4883 | 8780 0100 | 0001 e979 | 0000 0048 | 3b9f 8801 | 0000 750d | 4883 8790 
  0x0000775eb8f1df20: 0100 0001 | e963 0000 | 0048 83bf | 7801 0000 | 0075 1748 | 899f 7801 | 0000 48c7 | 8780 0100 
  0x0000775eb8f1df40: 0001 0000 | 00e9 4200 | 0000 4883 | bf88 0100 | 0000 7517 | 4889 9f88 | 0100 0048 | c787 9001 
  0x0000775eb8f1df60: 0000 0100 | 0000 e921 | 0000 00e9 | 1c00 0000 

  0x0000775eb8f1df70: ;   {metadata(method data for {method} {0x0000775e4841bed0} 'throwParameterIsNullNPE' '(Ljava/lang/String;)V' in 'kotlin/jvm/internal/Intrinsics')}
  0x0000775eb8f1df70: 48bf 6885 | 6e48 5e77 | 0000 4883 | af68 0100 | 0001 e96f | 0d00 00e9 | 0000 0000 

  0x0000775eb8f1df8c: ; implicit exception: dispatches to 0x0000775eb8f1ecff
                      ; ImmutableOopMap {rsi=Oop rax=Oop [176]=Oop [208]=Oop [216]=Oop [224]=Oop [232]=Oop [296]=Oop }
                      ;*athrow {reexecute=1 rethrow=0 return_oop=0}
                      ; - (reexecute) kotlin.jvm.internal.Intrinsics::throwParameterIsNullNPE@17 (line 140)
                      ; - kotlin.jvm.internal.Intrinsics::checkNotNullParameter@5 (line 131)
                      ; - kotlin.ResultKt::createFailure@3
                      ; - kotlinx.coroutines.DispatchedTask::run@246 (line 232)
                      ;   {section_word}
  0x0000775eb8f1df8c: 483b 0048 | ba8f dff1 | b85e 7700 

  0x0000775eb8f1df98: ;   {runtime_call handle_exception_nofpu Runtime1 stub}
  0x0000775eb8f1df98: 00e8 e242 

  0x0000775eb8f1df9c: ;   {metadata(method data for {method} {0x0000775e4841d110} 'sanitizeStackTrace' '(Ljava/lang/Throwable;)Ljava/lang/Throwable;' in 'kotlin/jvm/internal/Intrinsics')}
  0x0000775eb8f1df9c: 0507 9048 | be98 8c6e | 485e 7700 | 0048 8386 | 7001 0000 | 0148 8bf0 

  0x0000775eb8f1dfb4: ;   {static_call}
  0x0000775eb8f1dfb4: 488b d7e8 

  0x0000775eb8f1dfb8: ; ImmutableOopMap {[176]=Oop [208]=Oop [216]=Oop [224]=Oop [232]=Oop [256]=Oop [288]=Oop }
                      ;*invokestatic sanitizeStackTrace {reexecute=0 rethrow=0 return_oop=0}
                      ; - kotlin.jvm.internal.Intrinsics::sanitizeStackTrace@6 (line 253)
                      ; - kotlin.jvm.internal.Intrinsics::throwParameterIsNullNPE@11 (line 140)
                      ; - kotlin.jvm.internal.Intrinsics::checkNotNullParameter@5 (line 131)
                      ; - kotlin.Result$Failure::<init>@3
                      ; - kotlin.ResultKt::createFailure@11 (line 122)
                      ; - kotlinx.coroutines.DispatchedTask::run@273 (line 98)
  0x0000775eb8f1dfb8: c4f9 f806 

  0x0000775eb8f1dfbc: ;   {other}
  0x0000775eb8f1dfbc: 0f1f 8400 | 2c29 0023 | 488b b424 | 2001 0000 | 4885 c075 

  0x0000775eb8f1dfd0: ;   {metadata(method data for {method} {0x0000775e4841bed0} 'throwParameterIsNullNPE' '(Ljava/lang/String;)V' in 'kotlin/jvm/internal/Intrinsics')}
  0x0000775eb8f1dfd0: 1648 bf68 | 856e 485e | 7700 0080 | 8f61 0100 | 0001 e9cd 

  0x0000775eb8f1dfe4: ;   {metadata('java/lang/NullPointerException')}
  0x0000775eb8f1dfe4: 0000 0048 | bbd8 5c08 | 525e 7700 | 008b 7808 | 49ba 0000 | 0052 5e77 | 0000 4903 | fa48 3b5f 
  0x0000775eb8f1e004: 500f 858d 

  0x0000775eb8f1e008: ;   {metadata(method data for {method} {0x0000775e4841bed0} 'throwParameterIsNullNPE' '(Ljava/lang/String;)V' in 'kotlin/jvm/internal/Intrinsics')}
  0x0000775eb8f1e008: 0000 0048 | bf68 856e | 485e 7700 | 008b 5808 | 49ba 0000 | 0052 5e77 | 0000 4903 | da48 3b9f 
  0x0000775eb8f1e028: 7801 0000 | 750d 4883 | 8780 0100 | 0001 e979 | 0000 0048 | 3b9f 8801 | 0000 750d | 4883 8790 
  0x0000775eb8f1e048: 0100 0001 | e963 0000 | 0048 83bf | 7801 0000 | 0075 1748 | 899f 7801 | 0000 48c7 | 8780 0100 
  0x0000775eb8f1e068: 0001 0000 | 00e9 4200 | 0000 4883 | bf88 0100 | 0000 7517 | 4889 9f88 | 0100 0048 | c787 9001 
  0x0000775eb8f1e088: 0000 0100 | 0000 e921 | 0000 00e9 | 1c00 0000 

  0x0000775eb8f1e098: ;   {metadata(method data for {method} {0x0000775e4841bed0} 'throwParameterIsNullNPE' '(Ljava/lang/String;)V' in 'kotlin/jvm/internal/Intrinsics')}
  0x0000775eb8f1e098: 48bf 6885 | 6e48 5e77 | 0000 4883 | af68 0100 | 0001 e955 | 0c00 00e9 | 0000 0000 

  0x0000775eb8f1e0b4: ; implicit exception: dispatches to 0x0000775eb8f1ed0d
                      ; ImmutableOopMap {rsi=Oop rax=Oop [176]=Oop [208]=Oop [216]=Oop [224]=Oop [232]=Oop [256]=Oop [288]=Oop }
                      ;*athrow {reexecute=1 rethrow=0 return_oop=0}
                      ; - (reexecute) kotlin.jvm.internal.Intrinsics::throwParameterIsNullNPE@17 (line 140)
                      ; - kotlin.jvm.internal.Intrinsics::checkNotNullParameter@5 (line 131)
                      ; - kotlin.Result$Failure::<init>@3
                      ; - kotlin.ResultKt::createFailure@11 (line 122)
                      ; - kotlinx.coroutines.DispatchedTask::run@273 (line 98)
                      ;   {section_word}
  0x0000775eb8f1e0b4: 483b 0048 | bab7 e0f1 | b85e 7700 

  0x0000775eb8f1e0c0: ;   {runtime_call handle_exception_nofpu Runtime1 stub}
  0x0000775eb8f1e0c0: 00e8 ba41 

  0x0000775eb8f1e0c4: ;   {metadata(method data for {method} {0x0000775e4841d110} 'sanitizeStackTrace' '(Ljava/lang/Throwable;)Ljava/lang/Throwable;' in 'kotlin/jvm/internal/Intrinsics')}
  0x0000775eb8f1e0c4: 0507 9048 | be98 8c6e | 485e 7700 | 0048 8386 | 7001 0000 | 0148 8bf0 

  0x0000775eb8f1e0dc: ;   {static_call}
  0x0000775eb8f1e0dc: 488b d7e8 

  0x0000775eb8f1e0e0: ; ImmutableOopMap {[176]=Oop [208]=Oop [216]=Oop [224]=Oop [232]=Oop [256]=Oop }
                      ;*invokestatic sanitizeStackTrace {reexecute=0 rethrow=0 return_oop=0}
                      ; - kotlin.jvm.internal.Intrinsics::sanitizeStackTrace@6 (line 253)
                      ; - kotlin.jvm.internal.Intrinsics::throwParameterIsNullNPE@11 (line 140)
                      ; - kotlin.jvm.internal.Intrinsics::checkNotNullParameter@5 (line 131)
                      ; - kotlin.ResultKt::createFailure@3
                      ; - kotlinx.coroutines.DispatchedTask::run@273 (line 98)
  0x0000775eb8f1e0e0: 9cf8 f806 

  0x0000775eb8f1e0e4: ;   {other}
  0x0000775eb8f1e0e4: 0f1f 8400 | 542a 0025 | 488b b424 | 0001 0000 | 488b bc24 | d000 0000 | 4885 c075 

  0x0000775eb8f1e100: ;   {metadata(method data for {method} {0x0000775e4841bed0} 'throwParameterIsNullNPE' '(Ljava/lang/String;)V' in 'kotlin/jvm/internal/Intrinsics')}
  0x0000775eb8f1e100: 1648 bb68 | 856e 485e | 7700 0080 | 8b61 0100 | 0001 e9cd 

  0x0000775eb8f1e114: ;   {metadata('java/lang/NullPointerException')}
  0x0000775eb8f1e114: 0000 0048 | b9d8 5c08 | 525e 7700 | 008b 5808 | 49ba 0000 | 0052 5e77 | 0000 4903 | da48 3b4b 
  0x0000775eb8f1e134: 500f 858d 

  0x0000775eb8f1e138: ;   {metadata(method data for {method} {0x0000775e4841bed0} 'throwParameterIsNullNPE' '(Ljava/lang/String;)V' in 'kotlin/jvm/internal/Intrinsics')}
  0x0000775eb8f1e138: 0000 0048 | bb68 856e | 485e 7700 | 008b 4808 | 49ba 0000 | 0052 5e77 | 0000 4903 | ca48 3b8b 
  0x0000775eb8f1e158: 7801 0000 | 750d 4883 | 8380 0100 | 0001 e979 | 0000 0048 | 3b8b 8801 | 0000 750d | 4883 8390 
  0x0000775eb8f1e178: 0100 0001 | e963 0000 | 0048 83bb | 7801 0000 | 0075 1748 | 898b 7801 | 0000 48c7 | 8380 0100 
  0x0000775eb8f1e198: 0001 0000 | 00e9 4200 | 0000 4883 | bb88 0100 | 0000 7517 | 4889 8b88 | 0100 0048 | c783 9001 
  0x0000775eb8f1e1b8: 0000 0100 | 0000 e921 | 0000 00e9 | 1c00 0000 

  0x0000775eb8f1e1c8: ;   {metadata(method data for {method} {0x0000775e4841bed0} 'throwParameterIsNullNPE' '(Ljava/lang/String;)V' in 'kotlin/jvm/internal/Intrinsics')}
  0x0000775eb8f1e1c8: 48bb 6885 | 6e48 5e77 | 0000 4883 | ab68 0100 | 0001 e933 | 0b00 00e9 | 0000 0000 

  0x0000775eb8f1e1e4: ; implicit exception: dispatches to 0x0000775eb8f1ed1b
                      ; ImmutableOopMap {rsi=Oop rdi=Oop rax=Oop [176]=Oop [216]=Oop [224]=Oop [232]=Oop [256]=Oop }
                      ;*athrow {reexecute=1 rethrow=0 return_oop=0}
                      ; - (reexecute) kotlin.jvm.internal.Intrinsics::throwParameterIsNullNPE@17 (line 140)
                      ; - kotlin.jvm.internal.Intrinsics::checkNotNullParameter@5 (line 131)
                      ; - kotlin.ResultKt::createFailure@3
                      ; - kotlinx.coroutines.DispatchedTask::run@273 (line 98)
                      ;   {section_word}
  0x0000775eb8f1e1e4: 483b 0048 | bae7 e1f1 | b85e 7700 

  0x0000775eb8f1e1f0: ;   {runtime_call handle_exception_nofpu Runtime1 stub}
  0x0000775eb8f1e1f0: 00e8 8a40 | 0507 9049 | 8b87 f804 | 0000 4d33 | d24d 8997 | f804 0000 | 4d33 d24d | 8997 0005 
  0x0000775eb8f1e210: 0000 488b | b424 e800 | 0000 4885 

  0x0000775eb8f1e21c: ;   {metadata(method data for {method} {0x0000775e48622238} 'run' '()V' in 'kotlinx/coroutines/DispatchedTask')}
  0x0000775eb8f1e21c: f648 bf78 | a386 495e | 7700 0048 | c7c3 3009 | 0000 7407 | 48c7 c340 | 0900 0048 | 8b14 1f48 
  0x0000775eb8f1e23c: 8d52 0148 | 8914 1f48 | 8984 2448 | 0100 000f | 8459 0000 | 0048 3b06 

  0x0000775eb8f1e254: ;   {metadata(method data for {method} {0x0000775e48622238} 'run' '()V' in 'kotlinx/coroutines/DispatchedTask')}
  0x0000775eb8f1e254: 488b fe48 | bb78 a386 | 495e 7700 | 0048 8383 | 5009 0000 | 0166 0f1f 

  0x0000775eb8f1e26c: ;   {optimized virtual_call}
  0x0000775eb8f1e26c: 4400 00e8 

  0x0000775eb8f1e270: ; ImmutableOopMap {[176]=Oop [216]=Oop [224]=Oop [328]=Oop }
                      ;*invokevirtual clearThreadContext {reexecute=0 rethrow=0 return_oop=0}
                      ; - kotlinx.coroutines.DispatchedTask::run@344 (line 236)
  0x0000775eb8f1e270: 0cf1 f806 

  0x0000775eb8f1e274: ;   {other}
  0x0000775eb8f1e274: 0f1f 8400 | e42b 0027 

  0x0000775eb8f1e27c: ;   {metadata(method data for {method} {0x0000775e48622238} 'run' '()V' in 'kotlinx/coroutines/DispatchedTask')}
  0x0000775eb8f1e27c: 85c0 48be | 78a3 8649 | 5e77 0000 | 48c7 c288 | 0900 0074 | 0748 c7c2 | 9809 0000 | 488b 3c16 
  0x0000775eb8f1e29c: 488d 7f01 | 4889 3c16 | 0f84 3200 | 0000 488b | 9424 e000 | 0000 488b | 8424 d800 

  0x0000775eb8f1e2b8: ;   {metadata(method data for {method} {0x0000775e48622238} 'run' '()V' in 'kotlinx/coroutines/DispatchedTask')}
  0x0000775eb8f1e2b8: 0000 48be | 78a3 8649 | 5e77 0000 | 4883 86a8 | 0900 0001 

  0x0000775eb8f1e2cc: ;   {static_call}
  0x0000775eb8f1e2cc: 488b f0e8 

  0x0000775eb8f1e2d0: ; ImmutableOopMap {[176]=Oop [328]=Oop }
                      ;*invokestatic restoreThreadContext {reexecute=0 rethrow=0 return_oop=0}
                      ; - kotlinx.coroutines.DispatchedTask::run@354 (line 237)
  0x0000775eb8f1e2d0: acf6 f806 

  0x0000775eb8f1e2d4: ;   {other}
  0x0000775eb8f1e2d4: 0f1f 8400 | 442c 0028 | 488b 8424 

  0x0000775eb8f1e2e0: ; ImmutableOopMap {rax=Oop [176]=Oop }
                      ;*athrow {reexecute=1 rethrow=0 return_oop=0}
                      ; - (reexecute) kotlinx.coroutines.DispatchedTask::run@359 (line 237)
  0x0000775eb8f1e2e0: 4801 0000 

  0x0000775eb8f1e2e4: ;   {section_word}
  0x0000775eb8f1e2e4: 48ba e4e2 | f1b8 5e77 

  0x0000775eb8f1e2ec: ;   {runtime_call handle_exception_nofpu Runtime1 stub}
  0x0000775eb8f1e2ec: 0000 e88d | 3f05 0790 

  0x0000775eb8f1e2f4: ;   {metadata(method data for {method} {0x0000775e4841d110} 'sanitizeStackTrace' '(Ljava/lang/Throwable;)Ljava/lang/Throwable;' in 'kotlin/jvm/internal/Intrinsics')}
  0x0000775eb8f1e2f4: 48be 988c | 6e48 5e77 | 0000 4883 | 8670 0100 | 0001 488b | f048 8bd7 

  0x0000775eb8f1e30c: ;   {static_call}
  0x0000775eb8f1e30c: 6666 90e8 

  0x0000775eb8f1e310: ; ImmutableOopMap {[176]=Oop [184]=Oop }
                      ;*invokestatic sanitizeStackTrace {reexecute=0 rethrow=0 return_oop=0}
                      ; - kotlin.jvm.internal.Intrinsics::sanitizeStackTrace@6 (line 253)
                      ; - kotlin.jvm.internal.Intrinsics::throwJavaNpe@8 (line 50)
                      ; - kotlin.jvm.internal.Intrinsics::checkNotNull@5 (line 31)
                      ; - kotlinx.coroutines.DispatchedTask::run@40 (line 80)
  0x0000775eb8f1e310: 6cf6 f806 

  0x0000775eb8f1e314: ;   {other}
  0x0000775eb8f1e314: 0f1f 8400 | 842c 002a | 488b b424 | b800 0000 | 4885 c075 

  0x0000775eb8f1e328: ;   {metadata(method data for {method} {0x0000775e4841aef8} 'throwJavaNpe' '(Ljava/lang/String;)V' in 'kotlin/jvm/internal/Intrinsics')}
  0x0000775eb8f1e328: 1648 bfd0 | d105 495e | 7700 0080 | 8f51 0100 | 0001 e9cd 

  0x0000775eb8f1e33c: ;   {metadata('java/lang/NullPointerException')}
  0x0000775eb8f1e33c: 0000 0048 | bbd8 5c08 | 525e 7700 | 008b 7808 | 49ba 0000 | 0052 5e77 | 0000 4903 | fa48 3b5f 
  0x0000775eb8f1e35c: 500f 858d 

  0x0000775eb8f1e360: ;   {metadata(method data for {method} {0x0000775e4841aef8} 'throwJavaNpe' '(Ljava/lang/String;)V' in 'kotlin/jvm/internal/Intrinsics')}
  0x0000775eb8f1e360: 0000 0048 | bfd0 d105 | 495e 7700 | 008b 5808 | 49ba 0000 | 0052 5e77 | 0000 4903 | da48 3b9f 
  0x0000775eb8f1e380: 6801 0000 | 750d 4883 | 8770 0100 | 0001 e979 | 0000 0048 | 3b9f 7801 | 0000 750d | 4883 8780 
  0x0000775eb8f1e3a0: 0100 0001 | e963 0000 | 0048 83bf | 6801 0000 | 0075 1748 | 899f 6801 | 0000 48c7 | 8770 0100 
  0x0000775eb8f1e3c0: 0001 0000 | 00e9 4200 | 0000 4883 | bf78 0100 | 0000 7517 | 4889 9f78 | 0100 0048 | c787 8001 
  0x0000775eb8f1e3e0: 0000 0100 | 0000 e921 | 0000 00e9 | 1c00 0000 

  0x0000775eb8f1e3f0: ;   {metadata(method data for {method} {0x0000775e4841aef8} 'throwJavaNpe' '(Ljava/lang/String;)V' in 'kotlin/jvm/internal/Intrinsics')}
  0x0000775eb8f1e3f0: 48bf d0d1 | 0549 5e77 | 0000 4883 | af58 0100 | 0001 e91e | 0900 00e9 | 0000 0000 

  0x0000775eb8f1e40c: ; implicit exception: dispatches to 0x0000775eb8f1ed2e
                      ; ImmutableOopMap {rsi=Oop rax=Oop [176]=Oop [184]=Oop }
                      ;*athrow {reexecute=1 rethrow=0 return_oop=0}
                      ; - (reexecute) kotlin.jvm.internal.Intrinsics::throwJavaNpe@14 (line 50)
                      ; - kotlin.jvm.internal.Intrinsics::checkNotNull@5 (line 31)
                      ; - kotlinx.coroutines.DispatchedTask::run@40 (line 80)
                      ;   {section_word}
  0x0000775eb8f1e40c: 483b 0048 | ba0f e4f1 | b85e 7700 

  0x0000775eb8f1e418: ;   {runtime_call handle_exception_nofpu Runtime1 stub}
  0x0000775eb8f1e418: 00e8 623e | 0507 9049 | 8b87 f804 | 0000 4d33 | d24d 8997 | f804 0000 | 4d33 d24d | 8997 0005 
  0x0000775eb8f1e438: 0000 488b | b424 b000 

  0x0000775eb8f1e440: ;   {metadata(method data for {method} {0x0000775e48622238} 'run' '()V' in 'kotlinx/coroutines/DispatchedTask')}
  0x0000775eb8f1e440: 0000 48ba | 78a3 8649 | 5e77 0000 | 4883 8288 | 0a00 0001 | 488b d048 | 8bb4 24b0 

  0x0000775eb8f1e45c: ;   {optimized virtual_call}
  0x0000775eb8f1e45c: 0000 00e8 

  0x0000775eb8f1e460: ; ImmutableOopMap {}
                      ;*invokevirtual handleFatalException$kotlinx_coroutines_core {reexecute=0 rethrow=0 return_oop=0}
                      ; - kotlinx.coroutines.DispatchedTask::run@383 (line 107)
  0x0000775eb8f1e460: 1cef f806 

  0x0000775eb8f1e464: ;   {other}
  0x0000775eb8f1e464: 0f1f 8400 | d42d 002c | 4881 c470 | 0100 005d 

  0x0000775eb8f1e474: ;   {poll_return}
  0x0000775eb8f1e474: 493b a748 | 0400 000f | 87b2 0800 | 00c3 488b | b424 b000 | 0000 498b | 87f8 0400 | 004d 33d2 
  0x0000775eb8f1e494: 4d89 97f8 | 0400 004d | 33d2 4d89 | 9700 0500 | 0048 8bfe 

  0x0000775eb8f1e4a8: ;   {metadata(method data for {method} {0x0000775e48622238} 'run' '()V' in 'kotlinx/coroutines/DispatchedTask')}
  0x0000775eb8f1e4a8: 48bb 78a3 | 8649 5e77 | 0000 8b7f | 0849 ba00 | 0000 525e | 7700 0049 | 03fa 483b | bbc8 0900 
  0x0000775eb8f1e4c8: 0075 0d48 | 8383 d009 | 0000 01e9 | 6000 0000 | 483b bbd8 | 0900 0075 | 0d48 8383 | e009 0000 
  0x0000775eb8f1e4e8: 01e9 4a00 | 0000 4883 | bbc8 0900 | 0000 7517 | 4889 bbc8 | 0900 0048 | c783 d009 | 0000 0100 
  0x0000775eb8f1e508: 0000 e929 | 0000 0048 | 83bb d809 | 0000 0075 | 1748 89bb | d809 0000 | 48c7 83e0 | 0900 0001 
  0x0000775eb8f1e528: 0000 00e9 | 0800 0000 | 4883 83b8 | 0900 0001 | 4889 8424 | 5001 0000 | 0f1f 4400 | 0048 b8ff 
  0x0000775eb8f1e548: ffff ffff 

  0x0000775eb8f1e54c: ;   {virtual_call}
  0x0000775eb8f1e54c: ffff ffe8 

  0x0000775eb8f1e550: ; ImmutableOopMap {[336]=Oop }
                      ;*invokevirtual getDelegate$kotlinx_coroutines_core {reexecute=0 rethrow=0 return_oop=0}
                      ; - kotlinx.coroutines.DispatchedTask::run@362 (line 105)
  0x0000775eb8f1e550: 2cf1 f806 

  0x0000775eb8f1e554: ;   {other}
  0x0000775eb8f1e554: 0f1f 8400 | c42e 002d 

  0x0000775eb8f1e55c: ; implicit exception: dispatches to 0x0000775eb8f1ed49
  0x0000775eb8f1e55c: 483b 0048 

  0x0000775eb8f1e560: ;   {metadata(method data for {method} {0x0000775e48622238} 'run' '()V' in 'kotlinx/coroutines/DispatchedTask')}
  0x0000775eb8f1e560: 8bf0 48bf | 78a3 8649 | 5e77 0000 | 8b76 0849 | ba00 0000 | 525e 7700 | 0049 03f2 | 483b b700 
  0x0000775eb8f1e580: 0a00 0075 | 0d48 8387 | 080a 0000 | 01e9 6000 | 0000 483b | b710 0a00 | 0075 0d48 | 8387 180a 
  0x0000775eb8f1e5a0: 0000 01e9 | 4a00 0000 | 4883 bf00 | 0a00 0000 | 7517 4889 | b700 0a00 | 0048 c787 | 080a 0000 
  0x0000775eb8f1e5c0: 0100 0000 | e929 0000 | 0048 83bf | 100a 0000 | 0075 1748 | 89b7 100a | 0000 48c7 | 8718 0a00 
  0x0000775eb8f1e5e0: 0001 0000 | 00e9 0800 | 0000 4883 | 87f0 0900 | 0001 488b | f048 b8ff | ffff ffff 

  0x0000775eb8f1e5fc: ;   {virtual_call}
  0x0000775eb8f1e5fc: ffff ffe8 

  0x0000775eb8f1e600: ; ImmutableOopMap {[336]=Oop }
                      ;*invokeinterface getContext {reexecute=0 rethrow=0 return_oop=0}
                      ; - kotlinx.coroutines.DispatchedTask::run@365 (line 105)
  0x0000775eb8f1e600: 7cf0 f806 

  0x0000775eb8f1e604: ;   {other}
  0x0000775eb8f1e604: 0f1f 8400 | 742f 002e | 488b b424 | 5001 0000 

  0x0000775eb8f1e614: ;   {metadata(method data for {method} {0x0000775e48622238} 'run' '()V' in 'kotlinx/coroutines/DispatchedTask')}
  0x0000775eb8f1e614: 48bf 78a3 | 8649 5e77 | 0000 8b76 | 0849 ba00 | 0000 525e | 7700 0049 | 03f2 483b | b738 0a00 
  0x0000775eb8f1e634: 0075 0d48 | 8387 400a | 0000 01e9 | 6000 0000 | 483b b748 | 0a00 0075 | 0d48 8387 | 500a 0000 
  0x0000775eb8f1e654: 01e9 4a00 | 0000 4883 | bf38 0a00 | 0000 7517 | 4889 b738 | 0a00 0048 | c787 400a | 0000 0100 
  0x0000775eb8f1e674: 0000 e929 | 0000 0048 | 83bf 480a | 0000 0075 | 1748 89b7 | 480a 0000 | 48c7 8750 | 0a00 0001 
  0x0000775eb8f1e694: 0000 00e9 | 0800 0000 | 4883 8728 | 0a00 0001 | 488b b424 | 5001 0000 | 4889 8424 | 5801 0000 
  0x0000775eb8f1e6b4: ;   {optimized virtual_call}
  0x0000775eb8f1e6b4: 6666 90e8 

  0x0000775eb8f1e6b8: ; ImmutableOopMap {[344]=Oop }
                      ;*invokevirtual getCause {reexecute=0 rethrow=0 return_oop=0}
                      ; - kotlinx.coroutines.DispatchedTask::run@371 (line 105)
  0x0000775eb8f1e6b8: c4ec f806 

  0x0000775eb8f1e6bc: ;   {other}
  0x0000775eb8f1e6bc: 0f1f 8400 | 2c30 002f | 488b b424 | 5801 0000 

  0x0000775eb8f1e6cc: ;   {static_call}
  0x0000775eb8f1e6cc: 488b d0e8 

  0x0000775eb8f1e6d0: ; ImmutableOopMap {}
                      ;*invokestatic handleCoroutineException {reexecute=0 rethrow=0 return_oop=0}
                      ; - kotlinx.coroutines.DispatchedTask::run@374 (line 105)
  0x0000775eb8f1e6d0: acf2 f806 

  0x0000775eb8f1e6d4: ;   {other}
  0x0000775eb8f1e6d4: 0f1f 8400 | 4430 0030 

  0x0000775eb8f1e6dc: ;   {metadata(method data for {method} {0x0000775e48622238} 'run' '()V' in 'kotlinx/coroutines/DispatchedTask')}
  0x0000775eb8f1e6dc: 48be 78a3 | 8649 5e77 | 0000 ff86 | 700a 0000 | 4881 c470 | 0100 005d 

  0x0000775eb8f1e6f4: ;   {poll_return}
  0x0000775eb8f1e6f4: 493b a748 | 0400 000f | 874d 0600 

  0x0000775eb8f1e700: ;   {metadata({method} {0x0000775e48622238} 'run' '()V' in 'kotlinx/coroutines/DispatchedTask')}
  0x0000775eb8f1e700: 00c3 49ba | 3822 6248 | 5e77 0000 | 4c89 5424 | 0848 c704 | 24ff ffff 

  0x0000775eb8f1e718: ;   {runtime_call counter_overflow Runtime1 stub}
  0x0000775eb8f1e718: ffe8 6272 

  0x0000775eb8f1e71c: ; ImmutableOopMap {rsi=Oop [176]=Oop }
                      ;*synchronization entry
                      ; - kotlinx.coroutines.DispatchedTask::run@-1 (line 78)
  0x0000775eb8f1e71c: 0507 e96b 

  0x0000775eb8f1e720: ;   {metadata({method} {0x0000775e484ff820} 'getASSERTIONS_ENABLED' '()Z' in 'kotlinx/coroutines/DebugKt')}
  0x0000775eb8f1e720: d6ff ff49 | ba20 f84f | 485e 7700 | 004c 8954 | 2408 48c7 | 0424 ffff 

  0x0000775eb8f1e738: ;   {runtime_call counter_overflow Runtime1 stub}
  0x0000775eb8f1e738: ffff e841 

  0x0000775eb8f1e73c: ; ImmutableOopMap {rsi=Oop [176]=Oop }
                      ;*synchronization entry
                      ; - kotlinx.coroutines.DebugKt::getASSERTIONS_ENABLED@-1 (line 63)
                      ; - kotlinx.coroutines.DispatchedTask::run@0 (line 78)
  0x0000775eb8f1e73c: 7205 07e9 | 83d6 ffff 

  0x0000775eb8f1e744: ;   {metadata({method} {0x0000775e4841abc8} 'checkNotNull' '(Ljava/lang/Object;Ljava/lang/String;)V' in 'kotlin/jvm/internal/Intrinsics')}
  0x0000775eb8f1e744: 49ba c8ab | 4148 5e77 | 0000 4c89 | 5424 0848 | c704 24ff 

  0x0000775eb8f1e758: ;   {runtime_call counter_overflow Runtime1 stub}
  0x0000775eb8f1e758: ffff ffe8 

  0x0000775eb8f1e75c: ; ImmutableOopMap {rax=Oop [176]=Oop [184]=Oop }
                      ;*synchronization entry
                      ; - kotlin.jvm.internal.Intrinsics::checkNotNull@-1 (line 30)
                      ; - kotlinx.coroutines.DispatchedTask::run@40 (line 80)
  0x0000775eb8f1e75c: 2072 0507 | e968 d7ff 

  0x0000775eb8f1e764: ;   {metadata({method} {0x0000775e4841aef8} 'throwJavaNpe' '(Ljava/lang/String;)V' in 'kotlin/jvm/internal/Intrinsics')}
  0x0000775eb8f1e764: ff49 baf8 | ae41 485e | 7700 004c | 8954 2408 | 48c7 0424 | ffff ffff 

  0x0000775eb8f1e77c: ;   {runtime_call counter_overflow Runtime1 stub}
  0x0000775eb8f1e77c: e8ff 7105 

  0x0000775eb8f1e780: ; ImmutableOopMap {[176]=Oop [184]=Oop }
                      ;*synchronization entry
                      ; - kotlin.jvm.internal.Intrinsics::throwJavaNpe@-1 (line 50)
                      ; - kotlin.jvm.internal.Intrinsics::checkNotNull@5 (line 31)
                      ; - kotlinx.coroutines.DispatchedTask::run@40 (line 80)
  0x0000775eb8f1e780: 07e9 afd7 

  0x0000775eb8f1e784: ;   {metadata(nullptr)}
  0x0000775eb8f1e784: ffff 48ba | 0000 0000 | 0000 0000 | b800 0f05 

  0x0000775eb8f1e794: ;   {runtime_call load_klass_patching Runtime1 stub}
  0x0000775eb8f1e794: 0ae8 e662 

  0x0000775eb8f1e798: ; ImmutableOopMap {[176]=Oop [184]=Oop }
                      ;*new {reexecute=1 rethrow=0 return_oop=0}
                      ; - (reexecute) kotlin.jvm.internal.Intrinsics::throwJavaNpe@0 (line 50)
                      ; - kotlin.jvm.internal.Intrinsics::checkNotNull@5 (line 31)
                      ; - kotlinx.coroutines.DispatchedTask::run@40 (line 80)
  0x0000775eb8f1e798: 0507 e999 | d7ff ff48 

  0x0000775eb8f1e7a0: ;   {runtime_call fast_new_instance Runtime1 stub}
  0x0000775eb8f1e7a0: 8bd2 e8d9 

  0x0000775eb8f1e7a4: ; ImmutableOopMap {[176]=Oop [184]=Oop }
                      ;*new {reexecute=0 rethrow=0 return_oop=0}
                      ; - kotlin.jvm.internal.Intrinsics::throwJavaNpe@0 (line 50)
                      ; - kotlin.jvm.internal.Intrinsics::checkNotNull@5 (line 31)
                      ; - kotlinx.coroutines.DispatchedTask::run@40 (line 80)
  0x0000775eb8f1e7a4: 2b05 07e9 | e8d7 ffff 

  0x0000775eb8f1e7ac: ;   {metadata({method} {0x0000775e4841d110} 'sanitizeStackTrace' '(Ljava/lang/Throwable;)Ljava/lang/Throwable;' in 'kotlin/jvm/internal/Intrinsics')}
  0x0000775eb8f1e7ac: 49ba 10d1 | 4148 5e77 | 0000 4c89 | 5424 0848 | c704 24ff 

  0x0000775eb8f1e7c0: ;   {runtime_call counter_overflow Runtime1 stub}
  0x0000775eb8f1e7c0: ffff ffe8 

  0x0000775eb8f1e7c4: ; ImmutableOopMap {[176]=Oop [184]=Oop [192]=Oop }
                      ;*synchronization entry
                      ; - kotlin.jvm.internal.Intrinsics::sanitizeStackTrace@-1 (line 253)
                      ; - kotlin.jvm.internal.Intrinsics::throwJavaNpe@8 (line 50)
                      ; - kotlin.jvm.internal.Intrinsics::checkNotNull@5 (line 31)
                      ; - kotlinx.coroutines.DispatchedTask::run@40 (line 80)
  0x0000775eb8f1e7c4: b871 0507 | e938 d8ff 

  0x0000775eb8f1e7cc: ;   {metadata({method} {0x0000775e52b49be0} 'getName' '()Ljava/lang/String;' in 'java/lang/Class')}
  0x0000775eb8f1e7cc: ff49 bae0 | 9bb4 525e | 7700 004c | 8954 2408 | 48c7 0424 | ffff ffff 

  0x0000775eb8f1e7e4: ;   {runtime_call counter_overflow Runtime1 stub}
  0x0000775eb8f1e7e4: e897 7105 

  0x0000775eb8f1e7e8: ; ImmutableOopMap {rsi=Oop [176]=Oop [184]=Oop [192]=Oop }
                      ;*synchronization entry
                      ; - java.lang.Class::getName@-1 (line 947)
                      ; - kotlin.jvm.internal.Intrinsics::sanitizeStackTrace@3 (line 253)
                      ; - kotlin.jvm.internal.Intrinsics::throwJavaNpe@8 (line 50)
                      ; - kotlin.jvm.internal.Intrinsics::checkNotNull@5 (line 31)
                      ; - kotlinx.coroutines.DispatchedTask::run@40 (line 80)
  0x0000775eb8f1e7e8: 07e9 5dd8 

  0x0000775eb8f1e7ec: ;   {runtime_call throw_null_pointer_exception Runtime1 stub}
  0x0000775eb8f1e7ec: ffff e88d 

  0x0000775eb8f1e7f0: ; ImmutableOopMap {[176]=Oop [184]=Oop [192]=Oop }
                      ;*getfield name {reexecute=1 rethrow=0 return_oop=0}
                      ; - (reexecute) java.lang.Class::getName@1 (line 947)
                      ; - kotlin.jvm.internal.Intrinsics::sanitizeStackTrace@3 (line 253)
                      ; - kotlin.jvm.internal.Intrinsics::throwJavaNpe@8 (line 50)
                      ; - kotlin.jvm.internal.Intrinsics::checkNotNull@5 (line 31)
                      ; - kotlinx.coroutines.DispatchedTask::run@40 (line 80)
  0x0000775eb8f1e7f0: 1805 0748 

  0x0000775eb8f1e7f4: ;   {runtime_call throw_class_cast_exception Runtime1 stub}
  0x0000775eb8f1e7f4: 8904 24e8 

  0x0000775eb8f1e7f8: ; ImmutableOopMap {[176]=Oop }
                      ;*checkcast {reexecute=0 rethrow=0 return_oop=0}
                      ; - kotlinx.coroutines.DispatchedTask::run@43 (line 80)
  0x0000775eb8f1e7f8: 8446 0507 

  0x0000775eb8f1e7fc: ;   {runtime_call throw_null_pointer_exception Runtime1 stub}
  0x0000775eb8f1e7fc: e87f 1805 

  0x0000775eb8f1e800: ; ImmutableOopMap {rsi=Oop [176]=Oop }
                      ;*getfield continuation {reexecute=1 rethrow=0 return_oop=0}
                      ; - (reexecute) kotlinx.coroutines.DispatchedTask::run@48 (line 81)
                      ;   {runtime_call throw_null_pointer_exception Runtime1 stub}
  0x0000775eb8f1e800: 07e8 7a18 

  0x0000775eb8f1e804: ; ImmutableOopMap {rdi=Oop rbx=Oop [176]=Oop }
                      ;*invokeinterface getContext {reexecute=0 rethrow=0 return_oop=0}
                      ; - kotlinx.coroutines.DispatchedTask::run@61 (line 222)
                      ;   {metadata({method} {0x0000775e4863ff08} 'isCancellableMode' '(I)Z' in 'kotlinx/coroutines/DispatchedTaskKt')}
  0x0000775eb8f1e804: 0507 49ba | 08ff 6348 | 5e77 0000 | 4c89 5424 | 0848 c704 | 24ff ffff 

  0x0000775eb8f1e81c: ;   {runtime_call counter_overflow Runtime1 stub}
  0x0000775eb8f1e81c: ffe8 5e71 

  0x0000775eb8f1e820: ; ImmutableOopMap {rax=Oop rsi=Oop [176]=Oop [208]=Oop [216]=Oop [224]=Oop [232]=Oop [240]=Oop [248]=Oop [256]=Oop }
                      ;*synchronization entry
                      ; - kotlinx.coroutines.DispatchedTaskKt::isCancellableMode@-1 (line 43)
                      ; - kotlinx.coroutines.DispatchedTask::run@133 (line 91)
  0x0000775eb8f1e820: 0507 e908 

  0x0000775eb8f1e824: ;   {runtime_call throw_null_pointer_exception Runtime1 stub}
  0x0000775eb8f1e824: deff ffe8 

  0x0000775eb8f1e828: ; ImmutableOopMap {rax=Oop [176]=Oop [208]=Oop [216]=Oop [224]=Oop [232]=Oop [248]=Oop [256]=Oop }
                      ;*invokeinterface get {reexecute=0 rethrow=0 return_oop=0}
                      ; - kotlinx.coroutines.DispatchedTask::run@147 (line 91)
  0x0000775eb8f1e828: 5418 0507 | 4889 0424 

  0x0000775eb8f1e830: ;   {runtime_call throw_class_cast_exception Runtime1 stub}
  0x0000775eb8f1e830: e84b 4605 

  0x0000775eb8f1e834: ; ImmutableOopMap {[176]=Oop [208]=Oop [216]=Oop [224]=Oop [232]=Oop [248]=Oop [256]=Oop }
                      ;*checkcast {reexecute=0 rethrow=0 return_oop=0}
                      ; - kotlinx.coroutines.DispatchedTask::run@152 (line 91)
                      ;   {runtime_call throw_null_pointer_exception Runtime1 stub}
  0x0000775eb8f1e834: 07e8 4618 

  0x0000775eb8f1e838: ; ImmutableOopMap {rdi=Oop [176]=Oop [208]=Oop [216]=Oop [224]=Oop [232]=Oop [248]=Oop [256]=Oop }
                      ;*invokeinterface isActive {reexecute=0 rethrow=0 return_oop=0}
                      ; - kotlinx.coroutines.DispatchedTask::run@168 (line 92)
                      ;   {metadata({method} {0x0000775e486484b0} 'createFailure' '(Ljava/lang/Throwable;)Ljava/lang/Object;' in 'kotlin/ResultKt')}
  0x0000775eb8f1e838: 0507 49ba | b084 6448 | 5e77 0000 | 4c89 5424 | 0848 c704 | 24ff ffff 

  0x0000775eb8f1e850: ;   {runtime_call counter_overflow Runtime1 stub}
  0x0000775eb8f1e850: ffe8 2a71 

  0x0000775eb8f1e854: ; ImmutableOopMap {rax=Oop [176]=Oop [208]=Oop [216]=Oop [224]=Oop [232]=Oop [256]=Oop }
                      ;*synchronization entry
                      ; - kotlin.ResultKt::createFailure@-1
                      ; - kotlinx.coroutines.DispatchedTask::run@273 (line 98)
  0x0000775eb8f1e854: 0507 e9f7 

  0x0000775eb8f1e858: ;   {metadata({method} {0x0000775e4841bd20} 'checkNotNullParameter' '(Ljava/lang/Object;Ljava/lang/String;)V' in 'kotlin/jvm/internal/Intrinsics')}
  0x0000775eb8f1e858: e1ff ff49 | ba20 bd41 | 485e 7700 | 004c 8954 | 2408 48c7 | 0424 ffff 

  0x0000775eb8f1e870: ;   {runtime_call counter_overflow Runtime1 stub}
  0x0000775eb8f1e870: ffff e809 

  0x0000775eb8f1e874: ; ImmutableOopMap {rax=Oop [176]=Oop [208]=Oop [216]=Oop [224]=Oop [232]=Oop [256]=Oop }
                      ;*synchronization entry
                      ; - kotlin.jvm.internal.Intrinsics::checkNotNullParameter@-1 (line 130)
                      ; - kotlin.ResultKt::createFailure@3
                      ; - kotlinx.coroutines.DispatchedTask::run@273 (line 98)
  0x0000775eb8f1e874: 7105 07e9 | 0fe2 ffff 

  0x0000775eb8f1e87c: ;   {metadata({method} {0x0000775e4841bed0} 'throwParameterIsNullNPE' '(Ljava/lang/String;)V' in 'kotlin/jvm/internal/Intrinsics')}
  0x0000775eb8f1e87c: 49ba d0be | 4148 5e77 | 0000 4c89 | 5424 0848 | c704 24ff 

  0x0000775eb8f1e890: ;   {runtime_call counter_overflow Runtime1 stub}
  0x0000775eb8f1e890: ffff ffe8 

  0x0000775eb8f1e894: ; ImmutableOopMap {[176]=Oop [208]=Oop [216]=Oop [224]=Oop [232]=Oop [256]=Oop }
                      ;*synchronization entry
                      ; - kotlin.jvm.internal.Intrinsics::throwParameterIsNullNPE@-1 (line 140)
                      ; - kotlin.jvm.internal.Intrinsics::checkNotNullParameter@5 (line 131)
                      ; - kotlin.ResultKt::createFailure@3
                      ; - kotlinx.coroutines.DispatchedTask::run@273 (line 98)
  0x0000775eb8f1e894: e870 0507 | e956 e2ff 

  0x0000775eb8f1e89c: ;   {metadata(nullptr)}
  0x0000775eb8f1e89c: ff48 ba00 | 0000 0000 | 0000 00b8 | 000f 050a 

  0x0000775eb8f1e8ac: ;   {runtime_call load_klass_patching Runtime1 stub}
  0x0000775eb8f1e8ac: e8cf 6105 

  0x0000775eb8f1e8b0: ; ImmutableOopMap {[176]=Oop [208]=Oop [216]=Oop [224]=Oop [232]=Oop [256]=Oop }
                      ;*new {reexecute=1 rethrow=0 return_oop=0}
                      ; - (reexecute) kotlin.jvm.internal.Intrinsics::throwParameterIsNullNPE@0 (line 140)
                      ; - kotlin.jvm.internal.Intrinsics::checkNotNullParameter@5 (line 131)
                      ; - kotlin.ResultKt::createFailure@3
                      ; - kotlinx.coroutines.DispatchedTask::run@273 (line 98)
  0x0000775eb8f1e8b0: 07e9 42e2 | ffff 488b 

  0x0000775eb8f1e8b8: ;   {runtime_call fast_new_instance Runtime1 stub}
  0x0000775eb8f1e8b8: d2e8 c22a 

  0x0000775eb8f1e8bc: ; ImmutableOopMap {[176]=Oop [208]=Oop [216]=Oop [224]=Oop [232]=Oop [256]=Oop }
                      ;*new {reexecute=0 rethrow=0 return_oop=0}
                      ; - kotlin.jvm.internal.Intrinsics::throwParameterIsNullNPE@0 (line 140)
                      ; - kotlin.jvm.internal.Intrinsics::checkNotNullParameter@5 (line 131)
                      ; - kotlin.ResultKt::createFailure@3
                      ; - kotlinx.coroutines.DispatchedTask::run@273 (line 98)
  0x0000775eb8f1e8bc: 0507 e991 

  0x0000775eb8f1e8c0: ;   {metadata({method} {0x0000775e4841d110} 'sanitizeStackTrace' '(Ljava/lang/Throwable;)Ljava/lang/Throwable;' in 'kotlin/jvm/internal/Intrinsics')}
  0x0000775eb8f1e8c0: e2ff ff49 | ba10 d141 | 485e 7700 | 004c 8954 | 2408 48c7 | 0424 ffff 

  0x0000775eb8f1e8d8: ;   {runtime_call counter_overflow Runtime1 stub}
  0x0000775eb8f1e8d8: ffff e8a1 

  0x0000775eb8f1e8dc: ; ImmutableOopMap {[176]=Oop [208]=Oop [216]=Oop [224]=Oop [232]=Oop [256]=Oop [272]=Oop }
                      ;*synchronization entry
                      ; - kotlin.jvm.internal.Intrinsics::sanitizeStackTrace@-1 (line 253)
                      ; - kotlin.jvm.internal.Intrinsics::throwParameterIsNullNPE@11 (line 140)
                      ; - kotlin.jvm.internal.Intrinsics::checkNotNullParameter@5 (line 131)
                      ; - kotlin.ResultKt::createFailure@3
                      ; - kotlinx.coroutines.DispatchedTask::run@273 (line 98)
  0x0000775eb8f1e8dc: 7005 07e9 | 19e3 ffff 

  0x0000775eb8f1e8e4: ;   {metadata({method} {0x0000775e52b49be0} 'getName' '()Ljava/lang/String;' in 'java/lang/Class')}
  0x0000775eb8f1e8e4: 49ba e09b | b452 5e77 | 0000 4c89 | 5424 0848 | c704 24ff 

  0x0000775eb8f1e8f8: ;   {runtime_call counter_overflow Runtime1 stub}
  0x0000775eb8f1e8f8: ffff ffe8 

  0x0000775eb8f1e8fc: ; ImmutableOopMap {rsi=Oop [176]=Oop [208]=Oop [216]=Oop [224]=Oop [232]=Oop [256]=Oop [272]=Oop }
                      ;*synchronization entry
                      ; - java.lang.Class::getName@-1 (line 947)
                      ; - kotlin.jvm.internal.Intrinsics::sanitizeStackTrace@3 (line 253)
                      ; - kotlin.jvm.internal.Intrinsics::throwParameterIsNullNPE@11 (line 140)
                      ; - kotlin.jvm.internal.Intrinsics::checkNotNullParameter@5 (line 131)
                      ; - kotlin.ResultKt::createFailure@3
                      ; - kotlinx.coroutines.DispatchedTask::run@273 (line 98)
  0x0000775eb8f1e8fc: 8070 0507 | e93e e3ff 

  0x0000775eb8f1e904: ;   {runtime_call throw_null_pointer_exception Runtime1 stub}
  0x0000775eb8f1e904: ffe8 7617 

  0x0000775eb8f1e908: ; ImmutableOopMap {[176]=Oop [208]=Oop [216]=Oop [224]=Oop [232]=Oop [256]=Oop [272]=Oop }
                      ;*getfield name {reexecute=1 rethrow=0 return_oop=0}
                      ; - (reexecute) java.lang.Class::getName@1 (line 947)
                      ; - kotlin.jvm.internal.Intrinsics::sanitizeStackTrace@3 (line 253)
                      ; - kotlin.jvm.internal.Intrinsics::throwParameterIsNullNPE@11 (line 140)
                      ; - kotlin.jvm.internal.Intrinsics::checkNotNullParameter@5 (line 131)
                      ; - kotlin.ResultKt::createFailure@3
                      ; - kotlinx.coroutines.DispatchedTask::run@273 (line 98)
  0x0000775eb8f1e908: 0507 488b 

  0x0000775eb8f1e90c: ;   {runtime_call fast_new_instance Runtime1 stub}
  0x0000775eb8f1e90c: d2e8 6e2a 

  0x0000775eb8f1e910: ; ImmutableOopMap {rbx=Oop [176]=Oop [208]=Oop [216]=Oop [224]=Oop [232]=Oop [256]=Oop }
                      ;*new {reexecute=0 rethrow=0 return_oop=0}
                      ; - kotlin.ResultKt::createFailure@6 (line 122)
                      ; - kotlinx.coroutines.DispatchedTask::run@273 (line 98)
  0x0000775eb8f1e910: 0507 e90c 

  0x0000775eb8f1e914: ;   {metadata({method} {0x0000775e4862bd80} '<init>' '(Ljava/lang/Throwable;)V' in 'kotlin/Result$Failure')}
  0x0000775eb8f1e914: e4ff ff49 | ba80 bd62 | 485e 7700 | 004c 8954 | 2408 48c7 | 0424 ffff 

  0x0000775eb8f1e92c: ;   {runtime_call counter_overflow Runtime1 stub}
  0x0000775eb8f1e92c: ffff e84d 

  0x0000775eb8f1e930: ; ImmutableOopMap {rbx=Oop rax=Oop [176]=Oop [208]=Oop [216]=Oop [224]=Oop [232]=Oop [256]=Oop [288]=Oop }
                      ;*synchronization entry
                      ; - kotlin.Result$Failure::<init>@-1
                      ; - kotlin.ResultKt::createFailure@11 (line 122)
                      ; - kotlinx.coroutines.DispatchedTask::run@273 (line 98)
  0x0000775eb8f1e930: 7005 07e9 | 2fe4 ffff 

  0x0000775eb8f1e938: ;   {metadata({method} {0x0000775e4841bd20} 'checkNotNullParameter' '(Ljava/lang/Object;Ljava/lang/String;)V' in 'kotlin/jvm/internal/Intrinsics')}
  0x0000775eb8f1e938: 49ba 20bd | 4148 5e77 | 0000 4c89 | 5424 0848 | c704 24ff 

  0x0000775eb8f1e94c: ;   {runtime_call counter_overflow Runtime1 stub}
  0x0000775eb8f1e94c: ffff ffe8 

  0x0000775eb8f1e950: ; ImmutableOopMap {rbx=Oop rax=Oop [176]=Oop [208]=Oop [216]=Oop [224]=Oop [232]=Oop [256]=Oop [288]=Oop }
                      ;*synchronization entry
                      ; - kotlin.jvm.internal.Intrinsics::checkNotNullParameter@-1 (line 130)
                      ; - kotlin.Result$Failure::<init>@3
                      ; - kotlin.ResultKt::createFailure@11 (line 122)
                      ; - kotlinx.coroutines.DispatchedTask::run@273 (line 98)
  0x0000775eb8f1e950: 2c70 0507 | e947 e4ff 

  0x0000775eb8f1e958: ;   {metadata({method} {0x0000775e4841bed0} 'throwParameterIsNullNPE' '(Ljava/lang/String;)V' in 'kotlin/jvm/internal/Intrinsics')}
  0x0000775eb8f1e958: ff49 bad0 | be41 485e | 7700 004c | 8954 2408 | 48c7 0424 | ffff ffff 

  0x0000775eb8f1e970: ;   {runtime_call counter_overflow Runtime1 stub}
  0x0000775eb8f1e970: e80b 7005 

  0x0000775eb8f1e974: ; ImmutableOopMap {[176]=Oop [208]=Oop [216]=Oop [224]=Oop [232]=Oop [256]=Oop [288]=Oop }
                      ;*synchronization entry
                      ; - kotlin.jvm.internal.Intrinsics::throwParameterIsNullNPE@-1 (line 140)
                      ; - kotlin.jvm.internal.Intrinsics::checkNotNullParameter@5 (line 131)
                      ; - kotlin.Result$Failure::<init>@3
                      ; - kotlin.ResultKt::createFailure@11 (line 122)
                      ; - kotlinx.coroutines.DispatchedTask::run@273 (line 98)
  0x0000775eb8f1e974: 07e9 8ee4 

  0x0000775eb8f1e978: ;   {metadata(nullptr)}
  0x0000775eb8f1e978: ffff 48ba | 0000 0000 | 0000 0000 | b800 0f05 

  0x0000775eb8f1e988: ;   {runtime_call load_klass_patching Runtime1 stub}
  0x0000775eb8f1e988: 0ae8 f260 

  0x0000775eb8f1e98c: ; ImmutableOopMap {[176]=Oop [208]=Oop [216]=Oop [224]=Oop [232]=Oop [256]=Oop [288]=Oop }
                      ;*new {reexecute=1 rethrow=0 return_oop=0}
                      ; - (reexecute) kotlin.jvm.internal.Intrinsics::throwParameterIsNullNPE@0 (line 140)
                      ; - kotlin.jvm.internal.Intrinsics::checkNotNullParameter@5 (line 131)
                      ; - kotlin.Result$Failure::<init>@3
                      ; - kotlin.ResultKt::createFailure@11 (line 122)
                      ; - kotlinx.coroutines.DispatchedTask::run@273 (line 98)
  0x0000775eb8f1e98c: 0507 e975 | e4ff ff48 

  0x0000775eb8f1e994: ;   {runtime_call fast_new_instance Runtime1 stub}
  0x0000775eb8f1e994: 8bd2 e8e5 

  0x0000775eb8f1e998: ; ImmutableOopMap {[176]=Oop [208]=Oop [216]=Oop [224]=Oop [232]=Oop [256]=Oop [288]=Oop }
                      ;*new {reexecute=0 rethrow=0 return_oop=0}
                      ; - kotlin.jvm.internal.Intrinsics::throwParameterIsNullNPE@0 (line 140)
                      ; - kotlin.jvm.internal.Intrinsics::checkNotNullParameter@5 (line 131)
                      ; - kotlin.Result$Failure::<init>@3
                      ; - kotlin.ResultKt::createFailure@11 (line 122)
                      ; - kotlinx.coroutines.DispatchedTask::run@273 (line 98)
  0x0000775eb8f1e998: 2905 07e9 | c4e4 ffff 

  0x0000775eb8f1e9a0: ;   {metadata({method} {0x0000775e4841d110} 'sanitizeStackTrace' '(Ljava/lang/Throwable;)Ljava/lang/Throwable;' in 'kotlin/jvm/internal/Intrinsics')}
  0x0000775eb8f1e9a0: 49ba 10d1 | 4148 5e77 | 0000 4c89 | 5424 0848 | c704 24ff 

  0x0000775eb8f1e9b4: ;   {runtime_call counter_overflow Runtime1 stub}
  0x0000775eb8f1e9b4: ffff ffe8 

  0x0000775eb8f1e9b8: ; ImmutableOopMap {[176]=Oop [208]=Oop [216]=Oop [224]=Oop [232]=Oop [256]=Oop [280]=Oop [288]=Oop }
                      ;*synchronization entry
                      ; - kotlin.jvm.internal.Intrinsics::sanitizeStackTrace@-1 (line 253)
                      ; - kotlin.jvm.internal.Intrinsics::throwParameterIsNullNPE@11 (line 140)
                      ; - kotlin.jvm.internal.Intrinsics::checkNotNullParameter@5 (line 131)
                      ; - kotlin.Result$Failure::<init>@3
                      ; - kotlin.ResultKt::createFailure@11 (line 122)
                      ; - kotlinx.coroutines.DispatchedTask::run@273 (line 98)
  0x0000775eb8f1e9b8: c46f 0507 | e94c e5ff 

  0x0000775eb8f1e9c0: ;   {metadata({method} {0x0000775e52b49be0} 'getName' '()Ljava/lang/String;' in 'java/lang/Class')}
  0x0000775eb8f1e9c0: ff49 bae0 | 9bb4 525e | 7700 004c | 8954 2408 | 48c7 0424 | ffff ffff 

  0x0000775eb8f1e9d8: ;   {runtime_call counter_overflow Runtime1 stub}
  0x0000775eb8f1e9d8: e8a3 6f05 

  0x0000775eb8f1e9dc: ; ImmutableOopMap {rsi=Oop [176]=Oop [208]=Oop [216]=Oop [224]=Oop [232]=Oop [256]=Oop [280]=Oop [288]=Oop }
                      ;*synchronization entry
                      ; - java.lang.Class::getName@-1 (line 947)
                      ; - kotlin.jvm.internal.Intrinsics::sanitizeStackTrace@3 (line 253)
                      ; - kotlin.jvm.internal.Intrinsics::throwParameterIsNullNPE@11 (line 140)
                      ; - kotlin.jvm.internal.Intrinsics::checkNotNullParameter@5 (line 131)
                      ; - kotlin.Result$Failure::<init>@3
                      ; - kotlin.ResultKt::createFailure@11 (line 122)
                      ; - kotlinx.coroutines.DispatchedTask::run@273 (line 98)
  0x0000775eb8f1e9dc: 07e9 71e5 

  0x0000775eb8f1e9e0: ;   {runtime_call throw_null_pointer_exception Runtime1 stub}
  0x0000775eb8f1e9e0: ffff e899 

  0x0000775eb8f1e9e4: ; ImmutableOopMap {[176]=Oop [208]=Oop [216]=Oop [224]=Oop [232]=Oop [256]=Oop [280]=Oop [288]=Oop }
                      ;*getfield name {reexecute=1 rethrow=0 return_oop=0}
                      ; - (reexecute) java.lang.Class::getName@1 (line 947)
                      ; - kotlin.jvm.internal.Intrinsics::sanitizeStackTrace@3 (line 253)
                      ; - kotlin.jvm.internal.Intrinsics::throwParameterIsNullNPE@11 (line 140)
                      ; - kotlin.jvm.internal.Intrinsics::checkNotNullParameter@5 (line 131)
                      ; - kotlin.Result$Failure::<init>@3
                      ; - kotlin.ResultKt::createFailure@11 (line 122)
                      ; - kotlinx.coroutines.DispatchedTask::run@273 (line 98)
                      ;   {metadata({method} {0x0000775e52b55e08} '<init>' '()V' in 'java/lang/Object')}
  0x0000775eb8f1e9e4: 1605 0749 | ba08 5eb5 | 525e 7700 | 004c 8954 | 2408 48c7 | 0424 ffff 

  0x0000775eb8f1e9fc: ;   {runtime_call counter_overflow Runtime1 stub}
  0x0000775eb8f1e9fc: ffff e87d 

  0x0000775eb8f1ea00: ; ImmutableOopMap {rbx=Oop rax=Oop [176]=Oop [208]=Oop [216]=Oop [224]=Oop [232]=Oop [256]=Oop [288]=Oop }
                      ;*synchronization entry
                      ; - java.lang.Object::<init>@-1 (line 45)
                      ; - kotlin.Result$Failure::<init>@7 (line 105)
                      ; - kotlin.ResultKt::createFailure@11 (line 122)
                      ; - kotlinx.coroutines.DispatchedTask::run@273 (line 98)
  0x0000775eb8f1ea00: 6f05 07e9 | 18e6 ffff | 8b50 0c48 | c1e2 0348 | 83fa 000f | 8414 e6ff | ff48 8914 

  0x0000775eb8f1ea1c: ;   {runtime_call g1_pre_barrier_slow}
  0x0000775eb8f1ea1c: 24e8 5e75 | 0507 e906 | e6ff ff48 | 83fb 000f | 841b e6ff | ff48 8904 

  0x0000775eb8f1ea34: ;   {runtime_call g1_post_barrier_slow}
  0x0000775eb8f1ea34: 24e8 4678 | 0507 e90d 

  0x0000775eb8f1ea3c: ;   {metadata({method} {0x0000775e48629cd0} 'constructor-impl' '(Ljava/lang/Object;)Ljava/lang/Object;' in 'kotlin/Result')}
  0x0000775eb8f1ea3c: e6ff ff49 | bad0 9c62 | 485e 7700 | 004c 8954 | 2408 48c7 | 0424 ffff 

  0x0000775eb8f1ea54: ;   {runtime_call counter_overflow Runtime1 stub}
  0x0000775eb8f1ea54: ffff e825 

  0x0000775eb8f1ea58: ; ImmutableOopMap {rax=Oop [176]=Oop [208]=Oop [216]=Oop [224]=Oop [232]=Oop [288]=Oop }
                      ;*synchronization entry
                      ; - kotlin.Result::constructor-impl@-1
                      ; - kotlinx.coroutines.DispatchedTask::run@276 (line 98)
  0x0000775eb8f1ea58: 6f05 07e9 | 25e6 ffff 

  0x0000775eb8f1ea60: ;   {metadata({method} {0x0000775e48629cd0} 'constructor-impl' '(Ljava/lang/Object;)Ljava/lang/Object;' in 'kotlin/Result')}
  0x0000775eb8f1ea60: 49ba d09c | 6248 5e77 | 0000 4c89 | 5424 0848 | c704 24ff 

  0x0000775eb8f1ea74: ;   {runtime_call counter_overflow Runtime1 stub}
  0x0000775eb8f1ea74: ffff ffe8 

  0x0000775eb8f1ea78: ; ImmutableOopMap {rax=Oop [176]=Oop [208]=Oop [216]=Oop [224]=Oop [232]=Oop }
                      ;*synchronization entry
                      ; - kotlin.Result::constructor-impl@-1
                      ; - kotlinx.coroutines.DispatchedTask::run@298 (line 100)
  0x0000775eb8f1ea78: 046f 0507 | e9d4 e7ff 

  0x0000775eb8f1ea80: ;   {runtime_call throw_incompatible_class_change_error Runtime1 stub}
  0x0000775eb8f1ea80: ffe8 fa46 

  0x0000775eb8f1ea84: ; ImmutableOopMap {rdi=Oop [176]=Oop [208]=Oop [216]=Oop [224]=Oop [232]=Oop [248]=Oop }
                      ;*invokeinterface getCancellationException {reexecute=0 rethrow=0 return_oop=0}
                      ; - kotlinx.coroutines.DispatchedTask::run@178 (line 93)
                      ;   {metadata({method} {0x0000775e484ff980} 'getRECOVER_STACK_TRACES' '()Z' in 'kotlinx/coroutines/DebugKt')}
  0x0000775eb8f1ea84: 0507 49ba | 80f9 4f48 | 5e77 0000 | 4c89 5424 | 0848 c704 | 24ff ffff 

  0x0000775eb8f1ea9c: ;   {runtime_call counter_overflow Runtime1 stub}
  0x0000775eb8f1ea9c: ffe8 de6e 

  0x0000775eb8f1eaa0: ; ImmutableOopMap {[176]=Oop [208]=Oop [216]=Oop [224]=Oop [232]=Oop [296]=Oop }
                      ;*synchronization entry
                      ; - kotlinx.coroutines.DebugKt::getRECOVER_STACK_TRACES@-1 (line 77)
                      ; - kotlinx.coroutines.DispatchedTask::run@211 (line 233)
  0x0000775eb8f1eaa0: 0507 e95e 

  0x0000775eb8f1eaa4: ;   {metadata({method} {0x0000775e486484b0} 'createFailure' '(Ljava/lang/Throwable;)Ljava/lang/Object;' in 'kotlin/ResultKt')}
  0x0000775eb8f1eaa4: eaff ff49 | bab0 8464 | 485e 7700 | 004c 8954 | 2408 48c7 | 0424 ffff 

  0x0000775eb8f1eabc: ;   {runtime_call counter_overflow Runtime1 stub}
  0x0000775eb8f1eabc: ffff e8bd 

  0x0000775eb8f1eac0: ; ImmutableOopMap {rax=Oop [176]=Oop [208]=Oop [216]=Oop [224]=Oop [232]=Oop [296]=Oop }
                      ;*synchronization entry
                      ; - kotlin.ResultKt::createFailure@-1
                      ; - kotlinx.coroutines.DispatchedTask::run@246 (line 232)
  0x0000775eb8f1eac0: 6e05 07e9 | 9eea ffff 

  0x0000775eb8f1eac8: ;   {metadata({method} {0x0000775e4841bd20} 'checkNotNullParameter' '(Ljava/lang/Object;Ljava/lang/String;)V' in 'kotlin/jvm/internal/Intrinsics')}
  0x0000775eb8f1eac8: 49ba 20bd | 4148 5e77 | 0000 4c89 | 5424 0848 | c704 24ff 

  0x0000775eb8f1eadc: ;   {runtime_call counter_overflow Runtime1 stub}
  0x0000775eb8f1eadc: ffff ffe8 

  0x0000775eb8f1eae0: ; ImmutableOopMap {rax=Oop [176]=Oop [208]=Oop [216]=Oop [224]=Oop [232]=Oop [296]=Oop }
                      ;*synchronization entry
                      ; - kotlin.jvm.internal.Intrinsics::checkNotNullParameter@-1 (line 130)
                      ; - kotlin.ResultKt::createFailure@3
                      ; - kotlinx.coroutines.DispatchedTask::run@246 (line 232)
  0x0000775eb8f1eae0: 9c6e 0507 | e9b6 eaff 

  0x0000775eb8f1eae8: ;   {metadata({method} {0x0000775e4841bed0} 'throwParameterIsNullNPE' '(Ljava/lang/String;)V' in 'kotlin/jvm/internal/Intrinsics')}
  0x0000775eb8f1eae8: ff49 bad0 | be41 485e | 7700 004c | 8954 2408 | 48c7 0424 | ffff ffff 

  0x0000775eb8f1eb00: ;   {runtime_call counter_overflow Runtime1 stub}
  0x0000775eb8f1eb00: e87b 6e05 

  0x0000775eb8f1eb04: ; ImmutableOopMap {[176]=Oop [208]=Oop [216]=Oop [224]=Oop [232]=Oop [296]=Oop }
                      ;*synchronization entry
                      ; - kotlin.jvm.internal.Intrinsics::throwParameterIsNullNPE@-1 (line 140)
                      ; - kotlin.jvm.internal.Intrinsics::checkNotNullParameter@5 (line 131)
                      ; - kotlin.ResultKt::createFailure@3
                      ; - kotlinx.coroutines.DispatchedTask::run@246 (line 232)
  0x0000775eb8f1eb04: 07e9 fdea 

  0x0000775eb8f1eb08: ;   {metadata(nullptr)}
  0x0000775eb8f1eb08: ffff 48ba | 0000 0000 | 0000 0000 | b800 0f05 

  0x0000775eb8f1eb18: ;   {runtime_call load_klass_patching Runtime1 stub}
  0x0000775eb8f1eb18: 0ae8 625f 

  0x0000775eb8f1eb1c: ; ImmutableOopMap {[176]=Oop [208]=Oop [216]=Oop [224]=Oop [232]=Oop [296]=Oop }
                      ;*new {reexecute=1 rethrow=0 return_oop=0}
                      ; - (reexecute) kotlin.jvm.internal.Intrinsics::throwParameterIsNullNPE@0 (line 140)
                      ; - kotlin.jvm.internal.Intrinsics::checkNotNullParameter@5 (line 131)
                      ; - kotlin.ResultKt::createFailure@3
                      ; - kotlinx.coroutines.DispatchedTask::run@246 (line 232)
  0x0000775eb8f1eb1c: 0507 e9e5 | eaff ff48 

  0x0000775eb8f1eb24: ;   {runtime_call fast_new_instance Runtime1 stub}
  0x0000775eb8f1eb24: 8bd2 e855 

  0x0000775eb8f1eb28: ; ImmutableOopMap {[176]=Oop [208]=Oop [216]=Oop [224]=Oop [232]=Oop [296]=Oop }
                      ;*new {reexecute=0 rethrow=0 return_oop=0}
                      ; - kotlin.jvm.internal.Intrinsics::throwParameterIsNullNPE@0 (line 140)
                      ; - kotlin.jvm.internal.Intrinsics::checkNotNullParameter@5 (line 131)
                      ; - kotlin.ResultKt::createFailure@3
                      ; - kotlinx.coroutines.DispatchedTask::run@246 (line 232)
  0x0000775eb8f1eb28: 2805 07e9 | 34eb ffff 

  0x0000775eb8f1eb30: ;   {metadata({method} {0x0000775e4841d110} 'sanitizeStackTrace' '(Ljava/lang/Throwable;)Ljava/lang/Throwable;' in 'kotlin/jvm/internal/Intrinsics')}
  0x0000775eb8f1eb30: 49ba 10d1 | 4148 5e77 | 0000 4c89 | 5424 0848 | c704 24ff 

  0x0000775eb8f1eb44: ;   {runtime_call counter_overflow Runtime1 stub}
  0x0000775eb8f1eb44: ffff ffe8 

  0x0000775eb8f1eb48: ; ImmutableOopMap {[176]=Oop [208]=Oop [216]=Oop [224]=Oop [232]=Oop [296]=Oop [304]=Oop }
                      ;*synchronization entry
                      ; - kotlin.jvm.internal.Intrinsics::sanitizeStackTrace@-1 (line 253)
                      ; - kotlin.jvm.internal.Intrinsics::throwParameterIsNullNPE@11 (line 140)
                      ; - kotlin.jvm.internal.Intrinsics::checkNotNullParameter@5 (line 131)
                      ; - kotlin.ResultKt::createFailure@3
                      ; - kotlinx.coroutines.DispatchedTask::run@246 (line 232)
  0x0000775eb8f1eb48: 346e 0507 | e9bc ebff 

  0x0000775eb8f1eb50: ;   {metadata({method} {0x0000775e52b49be0} 'getName' '()Ljava/lang/String;' in 'java/lang/Class')}
  0x0000775eb8f1eb50: ff49 bae0 | 9bb4 525e | 7700 004c | 8954 2408 | 48c7 0424 | ffff ffff 

  0x0000775eb8f1eb68: ;   {runtime_call counter_overflow Runtime1 stub}
  0x0000775eb8f1eb68: e813 6e05 

  0x0000775eb8f1eb6c: ; ImmutableOopMap {rsi=Oop [176]=Oop [208]=Oop [216]=Oop [224]=Oop [232]=Oop [296]=Oop [304]=Oop }
                      ;*synchronization entry
                      ; - java.lang.Class::getName@-1 (line 947)
                      ; - kotlin.jvm.internal.Intrinsics::sanitizeStackTrace@3 (line 253)
                      ; - kotlin.jvm.internal.Intrinsics::throwParameterIsNullNPE@11 (line 140)
                      ; - kotlin.jvm.internal.Intrinsics::checkNotNullParameter@5 (line 131)
                      ; - kotlin.ResultKt::createFailure@3
                      ; - kotlinx.coroutines.DispatchedTask::run@246 (line 232)
  0x0000775eb8f1eb6c: 07e9 e1eb 

  0x0000775eb8f1eb70: ;   {runtime_call throw_null_pointer_exception Runtime1 stub}
  0x0000775eb8f1eb70: ffff e809 

  0x0000775eb8f1eb74: ; ImmutableOopMap {[176]=Oop [208]=Oop [216]=Oop [224]=Oop [232]=Oop [296]=Oop [304]=Oop }
                      ;*getfield name {reexecute=1 rethrow=0 return_oop=0}
                      ; - (reexecute) java.lang.Class::getName@1 (line 947)
                      ; - kotlin.jvm.internal.Intrinsics::sanitizeStackTrace@3 (line 253)
                      ; - kotlin.jvm.internal.Intrinsics::throwParameterIsNullNPE@11 (line 140)
                      ; - kotlin.jvm.internal.Intrinsics::checkNotNullParameter@5 (line 131)
                      ; - kotlin.ResultKt::createFailure@3
                      ; - kotlinx.coroutines.DispatchedTask::run@246 (line 232)
  0x0000775eb8f1eb74: 1505 0748 

  0x0000775eb8f1eb78: ;   {runtime_call fast_new_instance Runtime1 stub}
  0x0000775eb8f1eb78: 8bd2 e801 

  0x0000775eb8f1eb7c: ; ImmutableOopMap {rbx=Oop [176]=Oop [208]=Oop [216]=Oop [224]=Oop [232]=Oop [296]=Oop }
                      ;*new {reexecute=0 rethrow=0 return_oop=0}
                      ; - kotlin.ResultKt::createFailure@6 (line 122)
                      ; - kotlinx.coroutines.DispatchedTask::run@246 (line 232)
  0x0000775eb8f1eb7c: 2805 07e9 | afec ffff 

  0x0000775eb8f1eb84: ;   {metadata({method} {0x0000775e4862bd80} '<init>' '(Ljava/lang/Throwable;)V' in 'kotlin/Result$Failure')}
  0x0000775eb8f1eb84: 49ba 80bd | 6248 5e77 | 0000 4c89 | 5424 0848 | c704 24ff 

  0x0000775eb8f1eb98: ;   {runtime_call counter_overflow Runtime1 stub}
  0x0000775eb8f1eb98: ffff ffe8 

  0x0000775eb8f1eb9c: ; ImmutableOopMap {rbx=Oop rax=Oop [176]=Oop [208]=Oop [216]=Oop [224]=Oop [232]=Oop [296]=Oop [320]=Oop }
                      ;*synchronization entry
                      ; - kotlin.Result$Failure::<init>@-1
                      ; - kotlin.ResultKt::createFailure@11 (line 122)
                      ; - kotlinx.coroutines.DispatchedTask::run@246 (line 232)
  0x0000775eb8f1eb9c: e06d 0507 | e9d2 ecff 

  0x0000775eb8f1eba4: ;   {metadata({method} {0x0000775e4841bd20} 'checkNotNullParameter' '(Ljava/lang/Object;Ljava/lang/String;)V' in 'kotlin/jvm/internal/Intrinsics')}
  0x0000775eb8f1eba4: ff49 ba20 | bd41 485e | 7700 004c | 8954 2408 | 48c7 0424 | ffff ffff 

  0x0000775eb8f1ebbc: ;   {runtime_call counter_overflow Runtime1 stub}
  0x0000775eb8f1ebbc: e8bf 6d05 

  0x0000775eb8f1ebc0: ; ImmutableOopMap {rbx=Oop rax=Oop [176]=Oop [208]=Oop [216]=Oop [224]=Oop [232]=Oop [296]=Oop [320]=Oop }
                      ;*synchronization entry
                      ; - kotlin.jvm.internal.Intrinsics::checkNotNullParameter@-1 (line 130)
                      ; - kotlin.Result$Failure::<init>@3
                      ; - kotlin.ResultKt::createFailure@11 (line 122)
                      ; - kotlinx.coroutines.DispatchedTask::run@246 (line 232)
  0x0000775eb8f1ebc0: 07e9 eaec 

  0x0000775eb8f1ebc4: ;   {metadata({method} {0x0000775e4841bed0} 'throwParameterIsNullNPE' '(Ljava/lang/String;)V' in 'kotlin/jvm/internal/Intrinsics')}
  0x0000775eb8f1ebc4: ffff 49ba | d0be 4148 | 5e77 0000 | 4c89 5424 | 0848 c704 | 24ff ffff 

  0x0000775eb8f1ebdc: ;   {runtime_call counter_overflow Runtime1 stub}
  0x0000775eb8f1ebdc: ffe8 9e6d 

  0x0000775eb8f1ebe0: ; ImmutableOopMap {[176]=Oop [208]=Oop [216]=Oop [224]=Oop [232]=Oop [296]=Oop [320]=Oop }
                      ;*synchronization entry
                      ; - kotlin.jvm.internal.Intrinsics::throwParameterIsNullNPE@-1 (line 140)
                      ; - kotlin.jvm.internal.Intrinsics::checkNotNullParameter@5 (line 131)
                      ; - kotlin.Result$Failure::<init>@3
                      ; - kotlin.ResultKt::createFailure@11 (line 122)
                      ; - kotlinx.coroutines.DispatchedTask::run@246 (line 232)
  0x0000775eb8f1ebe0: 0507 e931 

  0x0000775eb8f1ebe4: ;   {metadata(nullptr)}
  0x0000775eb8f1ebe4: edff ff48 | ba00 0000 | 0000 0000 | 00b8 000f 

  0x0000775eb8f1ebf4: ;   {runtime_call load_klass_patching Runtime1 stub}
  0x0000775eb8f1ebf4: 050a e885 

  0x0000775eb8f1ebf8: ; ImmutableOopMap {[176]=Oop [208]=Oop [216]=Oop [224]=Oop [232]=Oop [296]=Oop [320]=Oop }
                      ;*new {reexecute=1 rethrow=0 return_oop=0}
                      ; - (reexecute) kotlin.jvm.internal.Intrinsics::throwParameterIsNullNPE@0 (line 140)
                      ; - kotlin.jvm.internal.Intrinsics::checkNotNullParameter@5 (line 131)
                      ; - kotlin.Result$Failure::<init>@3
                      ; - kotlin.ResultKt::createFailure@11 (line 122)
                      ; - kotlinx.coroutines.DispatchedTask::run@246 (line 232)
  0x0000775eb8f1ebf8: 5e05 07e9 | 18ed ffff 

  0x0000775eb8f1ec00: ;   {runtime_call fast_new_instance Runtime1 stub}
  0x0000775eb8f1ec00: 488b d2e8 

  0x0000775eb8f1ec04: ; ImmutableOopMap {[176]=Oop [208]=Oop [216]=Oop [224]=Oop [232]=Oop [296]=Oop [320]=Oop }
                      ;*new {reexecute=0 rethrow=0 return_oop=0}
                      ; - kotlin.jvm.internal.Intrinsics::throwParameterIsNullNPE@0 (line 140)
                      ; - kotlin.jvm.internal.Intrinsics::checkNotNullParameter@5 (line 131)
                      ; - kotlin.Result$Failure::<init>@3
                      ; - kotlin.ResultKt::createFailure@11 (line 122)
                      ; - kotlinx.coroutines.DispatchedTask::run@246 (line 232)
  0x0000775eb8f1ec04: 7827 0507 | e967 edff 

  0x0000775eb8f1ec0c: ;   {metadata({method} {0x0000775e4841d110} 'sanitizeStackTrace' '(Ljava/lang/Throwable;)Ljava/lang/Throwable;' in 'kotlin/jvm/internal/Intrinsics')}
  0x0000775eb8f1ec0c: ff49 ba10 | d141 485e | 7700 004c | 8954 2408 | 48c7 0424 | ffff ffff 

  0x0000775eb8f1ec24: ;   {runtime_call counter_overflow Runtime1 stub}
  0x0000775eb8f1ec24: e857 6d05 

  0x0000775eb8f1ec28: ; ImmutableOopMap {[176]=Oop [208]=Oop [216]=Oop [224]=Oop [232]=Oop [296]=Oop [312]=Oop [320]=Oop }
                      ;*synchronization entry
                      ; - kotlin.jvm.internal.Intrinsics::sanitizeStackTrace@-1 (line 253)
                      ; - kotlin.jvm.internal.Intrinsics::throwParameterIsNullNPE@11 (line 140)
                      ; - kotlin.jvm.internal.Intrinsics::checkNotNullParameter@5 (line 131)
                      ; - kotlin.Result$Failure::<init>@3
                      ; - kotlin.ResultKt::createFailure@11 (line 122)
                      ; - kotlinx.coroutines.DispatchedTask::run@246 (line 232)
  0x0000775eb8f1ec28: 07e9 efed 

  0x0000775eb8f1ec2c: ;   {metadata({method} {0x0000775e52b49be0} 'getName' '()Ljava/lang/String;' in 'java/lang/Class')}
  0x0000775eb8f1ec2c: ffff 49ba | e09b b452 | 5e77 0000 | 4c89 5424 | 0848 c704 | 24ff ffff 

  0x0000775eb8f1ec44: ;   {runtime_call counter_overflow Runtime1 stub}
  0x0000775eb8f1ec44: ffe8 366d 

  0x0000775eb8f1ec48: ; ImmutableOopMap {rsi=Oop [176]=Oop [208]=Oop [216]=Oop [224]=Oop [232]=Oop [296]=Oop [312]=Oop [320]=Oop }
                      ;*synchronization entry
                      ; - java.lang.Class::getName@-1 (line 947)
                      ; - kotlin.jvm.internal.Intrinsics::sanitizeStackTrace@3 (line 253)
                      ; - kotlin.jvm.internal.Intrinsics::throwParameterIsNullNPE@11 (line 140)
                      ; - kotlin.jvm.internal.Intrinsics::checkNotNullParameter@5 (line 131)
                      ; - kotlin.Result$Failure::<init>@3
                      ; - kotlin.ResultKt::createFailure@11 (line 122)
                      ; - kotlinx.coroutines.DispatchedTask::run@246 (line 232)
  0x0000775eb8f1ec48: 0507 e914 

  0x0000775eb8f1ec4c: ;   {runtime_call throw_null_pointer_exception Runtime1 stub}
  0x0000775eb8f1ec4c: eeff ffe8 

  0x0000775eb8f1ec50: ; ImmutableOopMap {[176]=Oop [208]=Oop [216]=Oop [224]=Oop [232]=Oop [296]=Oop [312]=Oop [320]=Oop }
                      ;*getfield name {reexecute=1 rethrow=0 return_oop=0}
                      ; - (reexecute) java.lang.Class::getName@1 (line 947)
                      ; - kotlin.jvm.internal.Intrinsics::sanitizeStackTrace@3 (line 253)
                      ; - kotlin.jvm.internal.Intrinsics::throwParameterIsNullNPE@11 (line 140)
                      ; - kotlin.jvm.internal.Intrinsics::checkNotNullParameter@5 (line 131)
                      ; - kotlin.Result$Failure::<init>@3
                      ; - kotlin.ResultKt::createFailure@11 (line 122)
                      ; - kotlinx.coroutines.DispatchedTask::run@246 (line 232)
  0x0000775eb8f1ec50: 2c14 0507 

  0x0000775eb8f1ec54: ;   {metadata({method} {0x0000775e52b55e08} '<init>' '()V' in 'java/lang/Object')}
  0x0000775eb8f1ec54: 49ba 085e | b552 5e77 | 0000 4c89 | 5424 0848 | c704 24ff 

  0x0000775eb8f1ec68: ;   {runtime_call counter_overflow Runtime1 stub}
  0x0000775eb8f1ec68: ffff ffe8 

  0x0000775eb8f1ec6c: ; ImmutableOopMap {rbx=Oop rax=Oop [176]=Oop [208]=Oop [216]=Oop [224]=Oop [232]=Oop [296]=Oop [320]=Oop }
                      ;*synchronization entry
                      ; - java.lang.Object::<init>@-1 (line 45)
                      ; - kotlin.Result$Failure::<init>@7 (line 105)
                      ; - kotlin.ResultKt::createFailure@11 (line 122)
                      ; - kotlinx.coroutines.DispatchedTask::run@246 (line 232)
  0x0000775eb8f1ec6c: 106d 0507 | e9bb eeff | ff8b 500c | 48c1 e203 | 4883 fa00 | 0f84 b7ee | ffff 4889 

  0x0000775eb8f1ec88: ;   {runtime_call g1_pre_barrier_slow}
  0x0000775eb8f1ec88: 1424 e8f1 | 7205 07e9 | a9ee ffff | 4883 fb00 | 0f84 beee | ffff 4889 

  0x0000775eb8f1eca0: ;   {runtime_call g1_post_barrier_slow}
  0x0000775eb8f1eca0: 0424 e8d9 | 7505 07e9 | b0ee ffff 

  0x0000775eb8f1ecac: ;   {metadata({method} {0x0000775e48629cd0} 'constructor-impl' '(Ljava/lang/Object;)Ljava/lang/Object;' in 'kotlin/Result')}
  0x0000775eb8f1ecac: 49ba d09c | 6248 5e77 | 0000 4c89 | 5424 0848 | c704 24ff 

  0x0000775eb8f1ecc0: ;   {runtime_call counter_overflow Runtime1 stub}
  0x0000775eb8f1ecc0: ffff ffe8 

  0x0000775eb8f1ecc4: ; ImmutableOopMap {rax=Oop [176]=Oop [208]=Oop [216]=Oop [224]=Oop [232]=Oop [320]=Oop }
                      ;*synchronization entry
                      ; - kotlin.Result::constructor-impl@-1
                      ; - kotlinx.coroutines.DispatchedTask::run@249 (line 232)
  0x0000775eb8f1ecc4: b86c 0507 | e9c8 eeff 

  0x0000775eb8f1eccc: ;   {runtime_call throw_null_pointer_exception Runtime1 stub}
  0x0000775eb8f1eccc: ffe8 ae13 

  0x0000775eb8f1ecd0: ; ImmutableOopMap {rax=Oop [176]=Oop [216]=Oop [224]=Oop }
                      ;*invokevirtual clearThreadContext {reexecute=0 rethrow=0 return_oop=0}
                      ; - kotlinx.coroutines.DispatchedTask::run@319 (line 236)
                      ;   {internal_word}
  0x0000775eb8f1ecd0: 0507 49ba | 3cdd f1b8 | 5e77 0000 | 4d89 9760 

  0x0000775eb8f1ece0: ;   {runtime_call SafepointBlob}
  0x0000775eb8f1ece0: 0400 00e9 | 1853 f906 | 4889 0424 

  0x0000775eb8f1ecec: ;   {runtime_call throw_class_cast_exception Runtime1 stub}
  0x0000775eb8f1ecec: e88f 4105 

  0x0000775eb8f1ecf0: ; ImmutableOopMap {rsi=Oop [176]=Oop [208]=Oop [216]=Oop [224]=Oop [232]=Oop [296]=Oop [320]=Oop }
                      ;*checkcast {reexecute=0 rethrow=0 return_oop=0}
                      ; - kotlin.jvm.internal.Intrinsics::throwParameterIsNullNPE@14 (line 140)
                      ; - kotlin.jvm.internal.Intrinsics::checkNotNullParameter@5 (line 131)
                      ; - kotlin.Result$Failure::<init>@3
                      ; - kotlin.ResultKt::createFailure@11 (line 122)
                      ; - kotlinx.coroutines.DispatchedTask::run@246 (line 232)
                      ;   {runtime_call throw_null_pointer_exception Runtime1 stub}
  0x0000775eb8f1ecf0: 07e8 8a13 

  0x0000775eb8f1ecf4: ; ImmutableOopMap {rsi=Oop rax=Oop [176]=Oop [208]=Oop [216]=Oop [224]=Oop [232]=Oop [296]=Oop [320]=Oop }
                      ;*athrow {reexecute=1 rethrow=0 return_oop=0}
                      ; - (reexecute) kotlin.jvm.internal.Intrinsics::throwParameterIsNullNPE@17 (line 140)
                      ; - kotlin.jvm.internal.Intrinsics::checkNotNullParameter@5 (line 131)
                      ; - kotlin.Result$Failure::<init>@3
                      ; - kotlin.ResultKt::createFailure@11 (line 122)
                      ; - kotlinx.coroutines.DispatchedTask::run@246 (line 232)
  0x0000775eb8f1ecf4: 0507 4889 

  0x0000775eb8f1ecf8: ;   {runtime_call throw_class_cast_exception Runtime1 stub}
  0x0000775eb8f1ecf8: 0424 e881 

  0x0000775eb8f1ecfc: ; ImmutableOopMap {rsi=Oop [176]=Oop [208]=Oop [216]=Oop [224]=Oop [232]=Oop [296]=Oop }
                      ;*checkcast {reexecute=0 rethrow=0 return_oop=0}
                      ; - kotlin.jvm.internal.Intrinsics::throwParameterIsNullNPE@14 (line 140)
                      ; - kotlin.jvm.internal.Intrinsics::checkNotNullParameter@5 (line 131)
                      ; - kotlin.ResultKt::createFailure@3
                      ; - kotlinx.coroutines.DispatchedTask::run@246 (line 232)
                      ;   {runtime_call throw_null_pointer_exception Runtime1 stub}
  0x0000775eb8f1ecfc: 4105 07e8 

  0x0000775eb8f1ed00: ; ImmutableOopMap {rsi=Oop rax=Oop [176]=Oop [208]=Oop [216]=Oop [224]=Oop [232]=Oop [296]=Oop }
                      ;*athrow {reexecute=1 rethrow=0 return_oop=0}
                      ; - (reexecute) kotlin.jvm.internal.Intrinsics::throwParameterIsNullNPE@17 (line 140)
                      ; - kotlin.jvm.internal.Intrinsics::checkNotNullParameter@5 (line 131)
                      ; - kotlin.ResultKt::createFailure@3
                      ; - kotlinx.coroutines.DispatchedTask::run@246 (line 232)
  0x0000775eb8f1ed00: 7c13 0507 | 4889 0424 

  0x0000775eb8f1ed08: ;   {runtime_call throw_class_cast_exception Runtime1 stub}
  0x0000775eb8f1ed08: e873 4105 

  0x0000775eb8f1ed0c: ; ImmutableOopMap {rsi=Oop [176]=Oop [208]=Oop [216]=Oop [224]=Oop [232]=Oop [256]=Oop [288]=Oop }
                      ;*checkcast {reexecute=0 rethrow=0 return_oop=0}
                      ; - kotlin.jvm.internal.Intrinsics::throwParameterIsNullNPE@14 (line 140)
                      ; - kotlin.jvm.internal.Intrinsics::checkNotNullParameter@5 (line 131)
                      ; - kotlin.Result$Failure::<init>@3
                      ; - kotlin.ResultKt::createFailure@11 (line 122)
                      ; - kotlinx.coroutines.DispatchedTask::run@273 (line 98)
                      ;   {runtime_call throw_null_pointer_exception Runtime1 stub}
  0x0000775eb8f1ed0c: 07e8 6e13 

  0x0000775eb8f1ed10: ; ImmutableOopMap {rsi=Oop rax=Oop [176]=Oop [208]=Oop [216]=Oop [224]=Oop [232]=Oop [256]=Oop [288]=Oop }
                      ;*athrow {reexecute=1 rethrow=0 return_oop=0}
                      ; - (reexecute) kotlin.jvm.internal.Intrinsics::throwParameterIsNullNPE@17 (line 140)
                      ; - kotlin.jvm.internal.Intrinsics::checkNotNullParameter@5 (line 131)
                      ; - kotlin.Result$Failure::<init>@3
                      ; - kotlin.ResultKt::createFailure@11 (line 122)
                      ; - kotlinx.coroutines.DispatchedTask::run@273 (line 98)
  0x0000775eb8f1ed10: 0507 4889 

  0x0000775eb8f1ed14: ;   {runtime_call throw_class_cast_exception Runtime1 stub}
  0x0000775eb8f1ed14: 0424 e865 

  0x0000775eb8f1ed18: ; ImmutableOopMap {rsi=Oop rdi=Oop [176]=Oop [216]=Oop [224]=Oop [232]=Oop [256]=Oop }
                      ;*checkcast {reexecute=0 rethrow=0 return_oop=0}
                      ; - kotlin.jvm.internal.Intrinsics::throwParameterIsNullNPE@14 (line 140)
                      ; - kotlin.jvm.internal.Intrinsics::checkNotNullParameter@5 (line 131)
                      ; - kotlin.ResultKt::createFailure@3
                      ; - kotlinx.coroutines.DispatchedTask::run@273 (line 98)
                      ;   {runtime_call throw_null_pointer_exception Runtime1 stub}
  0x0000775eb8f1ed18: 4105 07e8 

  0x0000775eb8f1ed1c: ; ImmutableOopMap {rsi=Oop rdi=Oop rax=Oop [176]=Oop [216]=Oop [224]=Oop [232]=Oop [256]=Oop }
                      ;*athrow {reexecute=1 rethrow=0 return_oop=0}
                      ; - (reexecute) kotlin.jvm.internal.Intrinsics::throwParameterIsNullNPE@17 (line 140)
                      ; - kotlin.jvm.internal.Intrinsics::checkNotNullParameter@5 (line 131)
                      ; - kotlin.ResultKt::createFailure@3
                      ; - kotlinx.coroutines.DispatchedTask::run@273 (line 98)
  0x0000775eb8f1ed1c: 6013 0507 

  0x0000775eb8f1ed20: ;   {runtime_call throw_null_pointer_exception Runtime1 stub}
  0x0000775eb8f1ed20: e85b 1305 

  0x0000775eb8f1ed24: ; ImmutableOopMap {rsi=Oop [176]=Oop [216]=Oop [224]=Oop [328]=Oop }
                      ;*invokevirtual clearThreadContext {reexecute=0 rethrow=0 return_oop=0}
                      ; - kotlinx.coroutines.DispatchedTask::run@344 (line 236)
  0x0000775eb8f1ed24: 0748 8904 

  0x0000775eb8f1ed28: ;   {runtime_call throw_class_cast_exception Runtime1 stub}
  0x0000775eb8f1ed28: 24e8 5241 

  0x0000775eb8f1ed2c: ; ImmutableOopMap {rsi=Oop [176]=Oop [184]=Oop }
                      ;*checkcast {reexecute=0 rethrow=0 return_oop=0}
                      ; - kotlin.jvm.internal.Intrinsics::throwJavaNpe@11 (line 50)
                      ; - kotlin.jvm.internal.Intrinsics::checkNotNull@5 (line 31)
                      ; - kotlinx.coroutines.DispatchedTask::run@40 (line 80)
                      ;   {runtime_call throw_null_pointer_exception Runtime1 stub}
  0x0000775eb8f1ed2c: 0507 e84d 

  0x0000775eb8f1ed30: ; ImmutableOopMap {rsi=Oop rax=Oop [176]=Oop [184]=Oop }
                      ;*athrow {reexecute=1 rethrow=0 return_oop=0}
                      ; - (reexecute) kotlin.jvm.internal.Intrinsics::throwJavaNpe@14 (line 50)
                      ; - kotlin.jvm.internal.Intrinsics::checkNotNull@5 (line 31)
                      ; - kotlinx.coroutines.DispatchedTask::run@40 (line 80)
                      ;   {internal_word}
  0x0000775eb8f1ed30: 1305 0749 | ba74 e4f1 | b85e 7700 | 004d 8997 | 6004 0000 

  0x0000775eb8f1ed44: ;   {runtime_call SafepointBlob}
  0x0000775eb8f1ed44: e9b7 52f9 

  0x0000775eb8f1ed48: ;   {runtime_call throw_null_pointer_exception Runtime1 stub}
  0x0000775eb8f1ed48: 06e8 3213 

  0x0000775eb8f1ed4c: ; ImmutableOopMap {rax=Oop [336]=Oop }
                      ;*invokeinterface getContext {reexecute=0 rethrow=0 return_oop=0}
                      ; - kotlinx.coroutines.DispatchedTask::run@365 (line 105)
                      ;   {internal_word}
  0x0000775eb8f1ed4c: 0507 49ba | f4e6 f1b8 | 5e77 0000 | 4d89 9760 

  0x0000775eb8f1ed5c: ;   {runtime_call SafepointBlob}
  0x0000775eb8f1ed5c: 0400 00e9 | 9c52 f906 | 498b 87f8 | 0400 0049 | c787 f804 | 0000 0000 | 0000 49c7 | 8700 0500 
  0x0000775eb8f1ed7c: 0000 0000 | 0048 81c4 | 7001 0000 

  0x0000775eb8f1ed88: ;   {runtime_call unwind_exception Runtime1 stub}
  0x0000775eb8f1ed88: 5de9 72ff | 0407 f4f4 
[Stub Code]
  0x0000775eb8f1ed90: ;   {no_reloc}
  0x0000775eb8f1ed90: 0f1f 4400 

  0x0000775eb8f1ed94: ;   {static_stub}
  0x0000775eb8f1ed94: 0048 bb00 | 0000 0000 

  0x0000775eb8f1ed9c: ;   {runtime_call nmethod}
  0x0000775eb8f1ed9c: 0000 00e9 | fbff ffff 

  0x0000775eb8f1eda4: ;   {static_stub}
  0x0000775eb8f1eda4: 9048 bb00 | 0000 0000 

  0x0000775eb8f1edac: ;   {runtime_call nmethod}
  0x0000775eb8f1edac: 0000 00e9 | fbff ffff 

  0x0000775eb8f1edb4: ;   {static_stub}
  0x0000775eb8f1edb4: 9048 bb00 | 0000 0000 

  0x0000775eb8f1edbc: ;   {runtime_call nmethod}
  0x0000775eb8f1edbc: 0000 00e9 | fbff ffff 

  0x0000775eb8f1edc4: ;   {static_stub}
  0x0000775eb8f1edc4: 9048 bb00 | 0000 0000 

  0x0000775eb8f1edcc: ;   {runtime_call nmethod}
  0x0000775eb8f1edcc: 0000 00e9 | fbff ffff 

  0x0000775eb8f1edd4: ;   {static_stub}
  0x0000775eb8f1edd4: 9048 bb00 | 0000 0000 

  0x0000775eb8f1eddc: ;   {runtime_call nmethod}
  0x0000775eb8f1eddc: 0000 00e9 | fbff ffff 

  0x0000775eb8f1ede4: ;   {static_stub}
  0x0000775eb8f1ede4: 9048 bb00 | 0000 0000 

  0x0000775eb8f1edec: ;   {runtime_call nmethod}
  0x0000775eb8f1edec: 0000 00e9 | fbff ffff 

  0x0000775eb8f1edf4: ;   {static_stub}
  0x0000775eb8f1edf4: 9048 bb00 | 0000 0000 

  0x0000775eb8f1edfc: ;   {runtime_call nmethod}
  0x0000775eb8f1edfc: 0000 00e9 | fbff ffff 

  0x0000775eb8f1ee04: ;   {static_stub}
  0x0000775eb8f1ee04: 9048 bb00 | 0000 0000 

  0x0000775eb8f1ee0c: ;   {runtime_call nmethod}
  0x0000775eb8f1ee0c: 0000 00e9 | fbff ffff 

  0x0000775eb8f1ee14: ;   {static_stub}
  0x0000775eb8f1ee14: 9048 bb00 | 0000 0000 

  0x0000775eb8f1ee1c: ;   {runtime_call nmethod}
  0x0000775eb8f1ee1c: 0000 00e9 | fbff ffff 

  0x0000775eb8f1ee24: ;   {static_stub}
  0x0000775eb8f1ee24: 9048 bb00 | 0000 0000 

  0x0000775eb8f1ee2c: ;   {runtime_call nmethod}
  0x0000775eb8f1ee2c: 0000 00e9 | fbff ffff 

  0x0000775eb8f1ee34: ;   {static_stub}
  0x0000775eb8f1ee34: 9048 bbf0 | 9c60 485e 

  0x0000775eb8f1ee3c: ;   {runtime_call I2C/C2I adapters}
  0x0000775eb8f1ee3c: 7700 00e9 | 1f2f f906 

  0x0000775eb8f1ee44: ;   {static_stub}
  0x0000775eb8f1ee44: 9048 bb00 | 0000 0000 

  0x0000775eb8f1ee4c: ;   {runtime_call nmethod}
  0x0000775eb8f1ee4c: 0000 00e9 | fbff ffff 

  0x0000775eb8f1ee54: ;   {static_stub}
  0x0000775eb8f1ee54: 9048 bb00 | 0000 0000 

  0x0000775eb8f1ee5c: ;   {runtime_call nmethod}
  0x0000775eb8f1ee5c: 0000 00e9 | fbff ffff 

  0x0000775eb8f1ee64: ;   {static_stub}
  0x0000775eb8f1ee64: 9048 bb00 | 0000 0000 

  0x0000775eb8f1ee6c: ;   {runtime_call nmethod}
  0x0000775eb8f1ee6c: 0000 00e9 | fbff ffff 

  0x0000775eb8f1ee74: ;   {static_stub}
  0x0000775eb8f1ee74: 9048 bb00 | 0000 0000 

  0x0000775eb8f1ee7c: ;   {runtime_call nmethod}
  0x0000775eb8f1ee7c: 0000 00e9 | fbff ffff 

  0x0000775eb8f1ee84: ;   {static_stub}
  0x0000775eb8f1ee84: 9048 bb00 | 0000 0000 

  0x0000775eb8f1ee8c: ;   {runtime_call nmethod}
  0x0000775eb8f1ee8c: 0000 00e9 | fbff ffff 

  0x0000775eb8f1ee94: ;   {static_stub}
  0x0000775eb8f1ee94: 9048 bb00 | 0000 0000 

  0x0000775eb8f1ee9c: ;   {runtime_call nmethod}
  0x0000775eb8f1ee9c: 0000 00e9 | fbff ffff 

  0x0000775eb8f1eea4: ;   {static_stub}
  0x0000775eb8f1eea4: 48bb 0000 | 0000 0000 

  0x0000775eb8f1eeac: ;   {runtime_call nmethod}
  0x0000775eb8f1eeac: 0000 e9fb 

  0x0000775eb8f1eeb0: ;   {static_stub}
  0x0000775eb8f1eeb0: ffff ff48 | bb00 0000 | 0000 0000 

  0x0000775eb8f1eebc: ;   {runtime_call nmethod}
  0x0000775eb8f1eebc: 00e9 fbff 

  0x0000775eb8f1eec0: ;   {static_stub}
  0x0000775eb8f1eec0: ffff 48bb | 0000 0000 | 0000 0000 

  0x0000775eb8f1eecc: ;   {runtime_call nmethod}
  0x0000775eb8f1eecc: e9fb ffff 

  0x0000775eb8f1eed0: ;   {static_stub}
  0x0000775eb8f1eed0: ff48 bb00 | 0000 0000 

  0x0000775eb8f1eed8: ;   {runtime_call nmethod}
  0x0000775eb8f1eed8: 0000 00e9 | fbff ffff 

  0x0000775eb8f1eee0: ;   {static_stub}
  0x0000775eb8f1eee0: 48bb 0000 | 0000 0000 

  0x0000775eb8f1eee8: ;   {runtime_call nmethod}
  0x0000775eb8f1eee8: 0000 e9fb 

  0x0000775eb8f1eeec: ;   {static_stub}
  0x0000775eb8f1eeec: ffff ff48 | bb00 0000 | 0000 0000 

  0x0000775eb8f1eef8: ;   {runtime_call nmethod}
  0x0000775eb8f1eef8: 00e9 fbff 

  0x0000775eb8f1eefc: ;   {static_stub}
  0x0000775eb8f1eefc: ffff 48bb | 0000 0000 | 0000 0000 

  0x0000775eb8f1ef08: ;   {runtime_call nmethod}
  0x0000775eb8f1ef08: e9fb ffff 

  0x0000775eb8f1ef0c: ;   {static_stub}
  0x0000775eb8f1ef0c: ff48 bb00 | 0000 0000 

  0x0000775eb8f1ef14: ;   {runtime_call nmethod}
  0x0000775eb8f1ef14: 0000 00e9 | fbff ffff 

  0x0000775eb8f1ef1c: ;   {static_stub}
  0x0000775eb8f1ef1c: 48bb 0000 | 0000 0000 

  0x0000775eb8f1ef24: ;   {runtime_call nmethod}
  0x0000775eb8f1ef24: 0000 e9fb 

  0x0000775eb8f1ef28: ;   {runtime_call handle_exception_from_callee Runtime1 stub}
  0x0000775eb8f1ef28: ffff ffe8 | 5039 0507 

  0x0000775eb8f1ef30: ;   {external_word}
  0x0000775eb8f1ef30: 48bf d2d4 | 33d4 5e77 | 0000 4883 

  0x0000775eb8f1ef3c: ;   {runtime_call MacroAssembler::debug64(char*, long, long*)}
  0x0000775eb8f1ef3c: e4f0 e85d | 6bee 1af4 
[Deopt Handler Code]
  0x0000775eb8f1ef44: ;   {section_word}
  0x0000775eb8f1ef44: 49ba 44ef | f1b8 5e77 | 0000 4152 

  0x0000775eb8f1ef50: ;   {runtime_call DeoptimizationBlob}
  0x0000775eb8f1ef50: e94b 43f9 | 06f4 f4f4 
[/MachCode]


---------------  P R O C E S S  ---------------

Threads class SMR info:
_java_thread_list=0x0000775dcc001b50, length=25, elements={
0x0000775ecc02e400, 0x0000775ecc12e5f0, 0x0000775ecc131830, 0x0000775ecc132da0,
0x0000775ecc134520, 0x0000775ecc135b60, 0x0000775ecc1370f0, 0x0000775ecc138ca0,
0x0000775ecc13a350, 0x0000775ecc1498e0, 0x0000775ecc514ab0, 0x0000775ecc515c70,
0x0000775ecc61d280, 0x0000775eccb346b0, 0x0000775eccb35330, 0x0000775dd4000fc0,
0x0000775eccb3ce50, 0x0000775dd400f1d0, 0x0000775ecc8f74d0, 0x0000775ecc8f8cc0,
0x0000775d8432c310, 0x0000775d84e4e500, 0x0000775d74002540, 0x0000775e183d7ff0,
0x0000775dcc000fc0
}

Java Threads: ( => current thread )
  0x0000775ecc02e400 JavaThread "main"                              [_thread_blocked, id=38402, stack(0x0000775ed2ff3000,0x0000775ed30f3000) (1024K)]
  0x0000775ecc12e5f0 JavaThread "Common-Cleaner"             daemon [_thread_blocked, id=38410, stack(0x0000775ea8700000,0x0000775ea8800000) (1024K)]
  0x0000775ecc131830 JavaThread "Reference Handler"          daemon [_thread_blocked, id=38411, stack(0x0000775ea8600000,0x0000775ea8700000) (1024K)]
  0x0000775ecc132da0 JavaThread "Finalizer"                  daemon [_thread_blocked, id=38412, stack(0x0000775ea8500000,0x0000775ea8600000) (1024K)]
  0x0000775ecc134520 JavaThread "Signal Dispatcher"          daemon [_thread_blocked, id=38413, stack(0x0000775ea8400000,0x0000775ea8500000) (1024K)]
  0x0000775ecc135b60 JavaThread "Service Thread"             daemon [_thread_blocked, id=38414, stack(0x0000775ea8300000,0x0000775ea8400000) (1024K)]
  0x0000775ecc1370f0 JavaThread "Monitor Deflation Thread"   daemon [_thread_blocked, id=38415, stack(0x0000775ea8200000,0x0000775ea8300000) (1024K)]
  0x0000775ecc138ca0 JavaThread "C2 CompilerThread0"         daemon [_thread_blocked, id=38416, stack(0x0000775ea8100000,0x0000775ea8200000) (1024K)]
  0x0000775ecc13a350 JavaThread "C1 CompilerThread0"         daemon [_thread_blocked, id=38417, stack(0x0000775ea8000000,0x0000775ea8100000) (1024K)]
  0x0000775ecc1498e0 JavaThread "Notification Thread"        daemon [_thread_blocked, id=38418, stack(0x0000775e51e2f000,0x0000775e51f2f000) (1024K)]
  0x0000775ecc514ab0 JavaThread "Java2D Disposer"            daemon [_thread_blocked, id=38422, stack(0x0000775e50f4d000,0x0000775e5104d000) (1024K)]
  0x0000775ecc515c70 JavaThread "AWT-XAWT"                   daemon [_thread_in_native, id=38423, stack(0x0000775e50e4d000,0x0000775e50f4d000) (1024K)]
  0x0000775ecc61d280 JavaThread "SystemPropertyWatcher"      daemon [_thread_blocked, id=38428, stack(0x0000775e036ff000,0x0000775e037ff000) (1024K)]
  0x0000775eccb346b0 JavaThread "DefaultDispatcher-worker-1" daemon [_thread_in_native, id=38436, stack(0x0000775e016d1000,0x0000775e017d1000) (1024K)]
  0x0000775eccb35330 JavaThread "DefaultDispatcher-worker-2" daemon [_thread_blocked, id=38437, stack(0x0000775e015d1000,0x0000775e016d1000) (1024K)]
  0x0000775dd4000fc0 JavaThread "DefaultDispatcher-worker-3" daemon [_thread_in_native, id=38438, stack(0x0000775e014d1000,0x0000775e015d1000) (1024K)]
  0x0000775eccb3ce50 JavaThread "Reference Cleaner"          daemon [_thread_blocked, id=38439, stack(0x0000775e013d1000,0x0000775e014d1000) (1024K)]
  0x0000775dd400f1d0 JavaThread "kotlinx.coroutines.DefaultExecutor" daemon [_thread_blocked, id=38454, stack(0x0000775e004c3000,0x0000775e005c3000) (1024K)]
  0x0000775ecc8f74d0 JavaThread "AWT-Shutdown"                      [_thread_blocked, id=38455, stack(0x0000775e003c3000,0x0000775e004c3000) (1024K)]
  0x0000775ecc8f8cc0 JavaThread "AWT-EventQueue-0"                  [_thread_blocked, id=38456, stack(0x0000775e002c3000,0x0000775e003c3000) (1024K)]
  0x0000775d8432c310 JavaThread "TimerQueue"                 daemon [_thread_blocked, id=38457, stack(0x0000775e001c3000,0x0000775e002c3000) (1024K)]
  0x0000775d84e4e500 JavaThread "skiko-dispatcher-to-block-on" daemon [_thread_blocked, id=38459, stack(0x0000775d7c180000,0x0000775d7c280000) (1024K)]
  0x0000775d74002540 JavaThread "skiko-dispatcher-to-block-on" daemon [_thread_blocked, id=38463, stack(0x0000775d7395f000,0x0000775d73a5f000) (1024K)]
  0x0000775e183d7ff0 JavaThread "C2 CompilerThread1"         daemon [_thread_blocked, id=38466, stack(0x0000775e51c2f000,0x0000775e51d2f000) (1024K)]
=>0x0000775dcc000fc0 JavaThread "DefaultDispatcher-worker-4" daemon [_thread_in_native, id=38511, stack(0x0000775e51b2f000,0x0000775e51c2f000) (1024K)]
Total: 25

Other Threads:
  0x0000775ecc126b20 VMThread "VM Thread"                           [id=38409, stack(0x0000775ea8dda000,0x0000775ea8eda000) (1024K)]
  0x0000775ecc114690 WatcherThread "VM Periodic Task Thread"        [id=38408, stack(0x0000775ea8edb000,0x0000775ea8fdb000) (1024K)]
  0x0000775ecc058260 WorkerThread "GC Thread#0"                     [id=38403, stack(0x0000775ed0694000,0x0000775ed0794000) (1024K)]
  0x0000775e40009250 WorkerThread "GC Thread#1"                     [id=38440, stack(0x0000775e012d1000,0x0000775e013d1000) (1024K)]
  0x0000775e40009d80 WorkerThread "GC Thread#2"                     [id=38441, stack(0x0000775e011d0000,0x0000775e012d0000) (1024K)]
  0x0000775e4000a8f0 WorkerThread "GC Thread#3"                     [id=38442, stack(0x0000775e010cf000,0x0000775e011cf000) (1024K)]
  0x0000775e4000b460 WorkerThread "GC Thread#4"                     [id=38443, stack(0x0000775e00fce000,0x0000775e010ce000) (1024K)]
  0x0000775e4000bfd0 WorkerThread "GC Thread#5"                     [id=38444, stack(0x0000775e00ecd000,0x0000775e00fcd000) (1024K)]
  0x0000775e4000cb70 WorkerThread "GC Thread#6"                     [id=38445, stack(0x0000775e00dcc000,0x0000775e00ecc000) (1024K)]
  0x0000775e4000d710 WorkerThread "GC Thread#7"                     [id=38446, stack(0x0000775e00ccb000,0x0000775e00dcb000) (1024K)]
  0x0000775e4000e2b0 WorkerThread "GC Thread#8"                     [id=38447, stack(0x0000775e00bca000,0x0000775e00cca000) (1024K)]
  0x0000775e4000ee70 WorkerThread "GC Thread#9"                     [id=38448, stack(0x0000775e00ac9000,0x0000775e00bc9000) (1024K)]
  0x0000775e4000fa50 WorkerThread "GC Thread#10"                    [id=38449, stack(0x0000775e009c8000,0x0000775e00ac8000) (1024K)]
  0x0000775e40010630 WorkerThread "GC Thread#11"                    [id=38450, stack(0x0000775e008c7000,0x0000775e009c7000) (1024K)]
  0x0000775e40011210 WorkerThread "GC Thread#12"                    [id=38451, stack(0x0000775e007c6000,0x0000775e008c6000) (1024K)]
  0x0000775e40011df0 WorkerThread "GC Thread#13"                    [id=38452, stack(0x0000775e006c5000,0x0000775e007c5000) (1024K)]
  0x0000775e400129d0 WorkerThread "GC Thread#14"                    [id=38453, stack(0x0000775e005c4000,0x0000775e006c4000) (1024K)]
  0x0000775ecc064eb0 ConcurrentGCThread "G1 Main Marker"            [id=38404, stack(0x0000775ed0593000,0x0000775ed0693000) (1024K)]
  0x0000775ecc065e80 WorkerThread "G1 Conc#0"                       [id=38405, stack(0x0000775ed0492000,0x0000775ed0592000) (1024K)]
  0x0000775e9c000d60 WorkerThread "G1 Conc#1"                       [id=38460, stack(0x0000775d7c080000,0x0000775d7c180000) (1024K)]
  0x0000775e9c001930 WorkerThread "G1 Conc#2"                       [id=38461, stack(0x0000775d73f00000,0x0000775d74000000) (1024K)]
  0x0000775e9c002500 WorkerThread "G1 Conc#3"                       [id=38462, stack(0x0000775d73dff000,0x0000775d73eff000) (1024K)]
  0x0000775ecc0fa440 ConcurrentGCThread "G1 Refine#0"               [id=38406, stack(0x0000775ea91f7000,0x0000775ea92f7000) (1024K)]
  0x0000775ecc0fb3f0 ConcurrentGCThread "G1 Service"                [id=38407, stack(0x0000775ea90f6000,0x0000775ea91f6000) (1024K)]
Total: 24

Threads with active compile tasks:
Total: 0

VM state: not at safepoint (normal execution)

VM Mutex/Monitor currently owned by a thread: None

Heap address: 0x0000000527800000, size: 11656 MB, Compressed Oops mode: Zero based, Oop shift amount: 3

CDS archive(s) mapped at: [0x0000775e52000000-0x0000775e53c84000-0x0000775e53c84000), size 29900800, SharedBaseAddress: 0x0000775e52000000, ArchiveRelocationMode: 1.
Compressed class space mapped at: 0x0000775e54000000-0x0000775e94000000, reserved size: 1073741824
Narrow klass base: 0x0000775e52000000, Narrow klass shift: 0, Narrow klass range: 0x100000000

GC Precious Log:
 CardTable entry size: 512
 Card Set container configuration: InlinePtr #cards 4 size 8 Array Of Cards #cards 64 size 144 Howl #buckets 8 coarsen threshold 14745 Howl Bitmap #cards 2048 size 272 coarsen threshold 1843 Card regions per heap region 1 cards per card region 16384
 CPUs: 20 total, 20 available
 Memory: 46609M
 Large Page Support: Disabled
 NUMA Support: Disabled
 Compressed Oops: Enabled (Zero based)
 Heap Region Size: 8M
 Heap Min Capacity: 8M
 Heap Initial Capacity: 736M
 Heap Max Capacity: 11656M
 Pre-touch: Disabled
 Parallel Workers: 15
 Concurrent Workers: 4
 Concurrent Refinement Workers: 15
 Periodic GC: Disabled

Heap:
 garbage-first heap   total 81920K, used 57319K [0x0000000527800000, 0x0000000800000000)
  region size 8192K, 8 young (65536K), 1 survivors (8192K)
 Metaspace       used 34012K, committed 34560K, reserved 1114112K
  class space    used 3456K, committed 3648K, reserved 1048576K

Heap Regions: E=young(eden), S=young(survivor), O=old, HS=humongous(starts), HC=humongous(continues), CS=collection set, F=free, TAMS=top-at-mark-start, PB=parsable bottom
|   0|0x0000000527800000, 0x0000000527c1f340, 0x0000000528000000| 51%| O|Cm|TAMS 0x0000000527800000| PB 0x0000000527800000| Complete 
|   1|0x0000000528000000, 0x00000005287fa4c0, 0x0000000528800000| 99%| E|  |TAMS 0x0000000528000000| PB 0x0000000528000000| Complete 
|   2|0x0000000528800000, 0x0000000529000000, 0x0000000529000000|100%| E|CS|TAMS 0x0000000528800000| PB 0x0000000528800000| Complete 
|   3|0x0000000529000000, 0x0000000529800000, 0x0000000529800000|100%| E|CS|TAMS 0x0000000529000000| PB 0x0000000529000000| Complete 
|   4|0x0000000529800000, 0x000000052a000000, 0x000000052a000000|100%| E|CS|TAMS 0x0000000529800000| PB 0x0000000529800000| Complete 
|   5|0x000000052a000000, 0x000000052a800000, 0x000000052a800000|100%| E|CS|TAMS 0x000000052a000000| PB 0x000000052a000000| Complete 
|   6|0x000000052a800000, 0x000000052b000000, 0x000000052b000000|100%| E|CS|TAMS 0x000000052a800000| PB 0x000000052a800000| Complete 
|  87|0x0000000553000000, 0x00000005531a1630, 0x0000000553800000| 20%| S|CS|TAMS 0x0000000553000000| PB 0x0000000553000000| Complete 
|  91|0x0000000555000000, 0x0000000555800000, 0x0000000555800000|100%| E|CS|TAMS 0x0000000555000000| PB 0x0000000555000000| Complete 
|1456|0x00000007ff800000, 0x00000007ffa394e8, 0x0000000800000000| 27%| O|Cm|TAMS 0x00000007ff800000| PB 0x00000007ff800000| Complete 

Card table byte_map: [0x0000775eb733c000,0x0000775eb8a00000] _byte_map_base: 0x0000775eb4a00000

Marking Bits: (CMBitMap*) 0x0000775ecc058d80
 Bits: [0x0000775eabd1c000, 0x0000775eb733c000)

Polling page: 0x0000775ed4b44000

Metaspace:

Usage:
  Non-class:     29,84 MB used.
      Class:      3,38 MB used.
       Both:     33,22 MB used.

Virtual space:
  Non-class space:       64,00 MB reserved,      30,19 MB ( 47%) committed,  1 nodes.
      Class space:        1,00 GB reserved,       3,56 MB ( <1%) committed,  1 nodes.
             Both:        1,06 GB reserved,      33,75 MB (  3%) committed. 

Chunk freelists:
   Non-Class:  1,72 MB
       Class:  12,38 MB
        Both:  14,10 MB

MaxMetaspaceSize: unlimited
CompressedClassSpaceSize: 1,00 GB
Initial GC threshold: 21,00 MB
Current GC threshold: 35,25 MB
CDS: on
 - commit_granule_bytes: 65536.
 - commit_granule_words: 8192.
 - virtual_space_node_default_size: 8388608.
 - enlarge_chunks_in_place: 1.
 - use_allocation_guard: 0.


Internal statistics:

num_allocs_failed_limit: 3.
num_arena_births: 758.
num_arena_deaths: 0.
num_vsnodes_births: 2.
num_vsnodes_deaths: 0.
num_space_committed: 540.
num_space_uncommitted: 0.
num_chunks_returned_to_freelist: 3.
num_chunks_taken_from_freelist: 1812.
num_chunk_merges: 3.
num_chunk_splits: 1276.
num_chunks_enlarged: 965.
num_inconsistent_stats: 0.

CodeHeap 'non-profiled nmethods': size=119168Kb used=1846Kb max_used=1846Kb free=117321Kb
 bounds [0x0000775ec05a0000, 0x0000775ec0810000, 0x0000775ec7a00000]
CodeHeap 'profiled nmethods': size=119164Kb used=9079Kb max_used=9079Kb free=110084Kb
 bounds [0x0000775eb8a00000, 0x0000775eb92e0000, 0x0000775ebfe5f000]
CodeHeap 'non-nmethods': size=7428Kb used=2812Kb max_used=4480Kb free=4615Kb
 bounds [0x0000775ebfe5f000, 0x0000775ec02cf000, 0x0000775ec05a0000]
CodeCache: size=245760Kb, used=13737Kb, max_used=15405Kb, free=232020Kb
 total_blobs=6231, nmethods=4594, adapters=1542, full_count=0
Compilation: enabled, stopped_count=0, restarted_count=0

Compilation events (20 events):
Event: 3,837 Thread 0x0000775ecc13a350 4581       3       kotlin.collections.AbstractMap::<init> (5 bytes)
Event: 3,837 Thread 0x0000775ecc13a350 nmethod 4581 0x0000775eb92d7210 code [0x0000775eb92d73a0, 0x0000775eb92d7500]
Event: 3,838 Thread 0x0000775ecc13a350 4582       3       androidx.compose.runtime.CompositionImpl::drainPendingModificationsLocked (122 bytes)
Event: 3,838 Thread 0x0000775e183d7ff0 4588       4       androidx.compose.runtime.internal.ThreadMap::find (140 bytes)
Event: 3,838 Thread 0x0000775ecc13a350 nmethod 4582 0x0000775eb92d7610 code [0x0000775eb92d79a0, 0x0000775eb92d90c8]
Event: 3,838 Thread 0x0000775ecc13a350 4584       3       java.util.ArrayList::add (25 bytes)
Event: 3,838 Thread 0x0000775ecc13a350 nmethod 4584 0x0000775eb92d9810 code [0x0000775eb92d99e0, 0x0000775eb92d9e10]
Event: 3,838 Thread 0x0000775ecc13a350 4585       3       androidx.compose.runtime.collection.MutableVector::clear (33 bytes)
Event: 3,838 Thread 0x0000775ecc13a350 nmethod 4585 0x0000775eb92da010 code [0x0000775eb92da1c0, 0x0000775eb92da530]
Event: 3,838 Thread 0x0000775ecc13a350 4586       3       androidx.compose.runtime.snapshots.SnapshotKt::resetGlobalSnapshotLocked (96 bytes)
Event: 3,838 Thread 0x0000775e183d7ff0 nmethod 4588 0x0000775ec076d010 code [0x0000775ec076d1a0, 0x0000775ec076d2d0]
Event: 3,838 Thread 0x0000775ecc13a350 nmethod 4586 0x0000775eb92da690 code [0x0000775eb92da8a0, 0x0000775eb92db138]
Event: 3,838 Thread 0x0000775ecc13a350 4587       3       androidx.compose.runtime.snapshots.SnapshotKt::checkAndOverwriteUnusedRecordsLocked (157 bytes)
Event: 3,839 Thread 0x0000775ecc13a350 nmethod 4587 0x0000775eb92db410 code [0x0000775eb92db660, 0x0000775eb92dc148]
Event: 3,839 Thread 0x0000775ecc13a350 4583   !   3       java.util.concurrent.locks.AbstractQueuedSynchronizer::tryInitializeHead (66 bytes)
Event: 3,839 Thread 0x0000775ecc138ca0 4590       4       java.lang.Thread::isVirtual (5 bytes)
Event: 3,839 Thread 0x0000775ecc13a350 nmethod 4583 0x0000775eb92dc510 code [0x0000775eb92dc700, 0x0000775eb92dccb8]
Event: 3,839 Thread 0x0000775ecc13a350 4589       3       androidx.compose.runtime.MonotonicFrameClock::getKey (7 bytes)
Event: 3,839 Thread 0x0000775ecc13a350 nmethod 4589 0x0000775eb92dce90 code [0x0000775eb92dd020, 0x0000775eb92dd130]
Event: 3,839 Thread 0x0000775ecc138ca0 nmethod 4590 0x0000775ec076d410 code [0x0000775ec076d580, 0x0000775ec076d638]

GC Heap History (6 events):
Event: 0,290 GC heap before
{Heap before GC invocations=0 (full 0):
 garbage-first heap   total 761856K, used 26853K [0x0000000527800000, 0x0000000800000000)
  region size 8192K, 4 young (32768K), 0 survivors (0K)
 Metaspace       used 6533K, committed 6720K, reserved 1114112K
  class space    used 580K, committed 704K, reserved 1048576K
}
Event: 0,292 GC heap after
{Heap after GC invocations=1 (full 0):
 garbage-first heap   total 761856K, used 6749K [0x0000000527800000, 0x0000000800000000)
  region size 8192K, 1 young (8192K), 1 survivors (8192K)
 Metaspace       used 6533K, committed 6720K, reserved 1114112K
  class space    used 580K, committed 704K, reserved 1048576K
}
Event: 0,419 GC heap before
{Heap before GC invocations=1 (full 0):
 garbage-first heap   total 761856K, used 23133K [0x0000000527800000, 0x0000000800000000)
  region size 8192K, 4 young (32768K), 1 survivors (8192K)
 Metaspace       used 14677K, committed 14912K, reserved 1114112K
  class space    used 1356K, committed 1472K, reserved 1048576K
}
Event: 0,420 GC heap after
{Heap after GC invocations=2 (full 0):
 garbage-first heap   total 761856K, used 7691K [0x0000000527800000, 0x0000000800000000)
  region size 8192K, 1 young (8192K), 1 survivors (8192K)
 Metaspace       used 14677K, committed 14912K, reserved 1114112K
  class space    used 1356K, committed 1472K, reserved 1048576K
}
Event: 0,608 GC heap before
{Heap before GC invocations=2 (full 0):
 garbage-first heap   total 761856K, used 24075K [0x0000000527800000, 0x0000000800000000)
  region size 8192K, 4 young (32768K), 1 survivors (8192K)
 Metaspace       used 21255K, committed 21504K, reserved 1114112K
  class space    used 1993K, committed 2112K, reserved 1048576K
}
Event: 0,609 GC heap after
{Heap after GC invocations=3 (full 0):
 garbage-first heap   total 761856K, used 8167K [0x0000000527800000, 0x0000000800000000)
  region size 8192K, 1 young (8192K), 1 survivors (8192K)
 Metaspace       used 21255K, committed 21504K, reserved 1114112K
  class space    used 1993K, committed 2112K, reserved 1048576K
}

Dll operation events (16 events):
Event: 0,001 Loaded shared library /home/elie-gambache/.jdks/jbrsdk_jcef-21.0.8-1/lib/libjava.so
Event: 0,019 Loaded shared library /home/elie-gambache/.jdks/jbrsdk_jcef-21.0.8-1/lib/libjsvml.so
Event: 0,022 Loaded shared library /home/elie-gambache/.jdks/jbrsdk_jcef-21.0.8-1/lib/libnio.so
Event: 0,023 Loaded shared library /home/elie-gambache/.jdks/jbrsdk_jcef-21.0.8-1/lib/libzip.so
Event: 0,055 Loaded shared library /home/elie-gambache/.jdks/jbrsdk_jcef-21.0.8-1/lib/libjimage.so
Event: 0,058 Loaded shared library /home/elie-gambache/.skiko/1e2ea5fc551f41d82555f34878b5242bb855debcececa6b7ebdeaf0d153a0311/libskiko-linux-x64.so
Event: 0,059 Loaded shared library /home/elie-gambache/.jdks/jbrsdk_jcef-21.0.8-1/lib/libzip.so
Event: 0,067 Loaded shared library /home/elie-gambache/.jdks/jbrsdk_jcef-21.0.8-1/lib/libawt.so
Event: 0,068 Loaded shared library /home/elie-gambache/.jdks/jbrsdk_jcef-21.0.8-1/lib/libawt_xawt.so
Event: 0,076 Loaded shared library /home/elie-gambache/.jdks/jbrsdk_jcef-21.0.8-1/lib/libnet.so
Event: 0,087 Loaded shared library /home/elie-gambache/.jdks/jbrsdk_jcef-21.0.8-1/lib/libfontmanager.so
Event: 0,087 Loaded shared library /home/elie-gambache/.jdks/jbrsdk_jcef-21.0.8-1/lib/libfontmanager_xawt.so
Event: 2,255 Loaded shared library /home/elie-gambache/.jdks/jbrsdk_jcef-21.0.8-1/lib/libjaas.so
Event: 2,271 Loaded shared library /home/elie-gambache/.jdks/jbrsdk_jcef-21.0.8-1/lib/libextnet.so
Event: 3,762 Loaded shared library /home/elie-gambache/.cache/pdfium/native/linux-x86-64/libpdfium.so
Event: 3,763 Loaded shared library /home/elie-gambache/.cache/pdfium/native/linux-x86-64/libpdfiumjni.so

Deoptimization events (20 events):
Event: 2,279 Thread 0x0000775ecc8f8cc0 Uncommon trap: trap_request=0xffffff45 fr.pc=0x0000775ec0629ed8 relative=0x0000000000000c78
Event: 2,279 Thread 0x0000775ecc8f8cc0 Uncommon trap: reason=unstable_if action=reinterpret pc=0x0000775ec0629ed8 method=jdk.internal.org.objectweb.asm.SymbolTable.put(Ljdk/internal/org/objectweb/asm/SymbolTable$Entry;)Ljdk/internal/org/objectweb/asm/SymbolTable$Entry; @ 13 c2
Event: 2,279 Thread 0x0000775ecc8f8cc0 DEOPT PACKING pc=0x0000775ec0629ed8 sp=0x0000775e003bfa90
Event: 2,279 Thread 0x0000775ecc8f8cc0 DEOPT UNPACKING pc=0x0000775ebfeb2f99 sp=0x0000775e003bf9b8 mode 2
Event: 2,281 Thread 0x0000775d857fdb00 Uncommon trap: trap_request=0xffffff45 fr.pc=0x0000775ec0711ac8 relative=0x0000000000000288
Event: 2,281 Thread 0x0000775d857fdb00 Uncommon trap: reason=unstable_if action=reinterpret pc=0x0000775ec0711ac8 method=jdk.internal.misc.Unsafe.copyMemory(Ljava/lang/Object;JLjava/lang/Object;JJ)V @ 16 c2
Event: 2,281 Thread 0x0000775d857fdb00 DEOPT PACKING pc=0x0000775ec0711ac8 sp=0x0000775e51c2d180
Event: 2,281 Thread 0x0000775d857fdb00 DEOPT UNPACKING pc=0x0000775ebfeb2f99 sp=0x0000775e51c2d148 mode 2
Event: 3,757 Thread 0x0000775ecc8f8cc0 Uncommon trap: trap_request=0xffffff45 fr.pc=0x0000775ec074c204 relative=0x0000000000000de4
Event: 3,757 Thread 0x0000775ecc8f8cc0 Uncommon trap: reason=unstable_if action=reinterpret pc=0x0000775ec074c204 method=java.security.AccessControlContext.optimize()Ljava/security/AccessControlContext; @ 280 c2
Event: 3,757 Thread 0x0000775ecc8f8cc0 DEOPT PACKING pc=0x0000775ec074c204 sp=0x0000775e003c0b50
Event: 3,757 Thread 0x0000775ecc8f8cc0 DEOPT UNPACKING pc=0x0000775ebfeb2f99 sp=0x0000775e003c0b28 mode 2
Event: 3,770 Thread 0x0000775ecc8f8cc0 Uncommon trap: trap_request=0xffffff45 fr.pc=0x0000775ec062d140 relative=0x0000000000001680
Event: 3,770 Thread 0x0000775ecc8f8cc0 Uncommon trap: reason=unstable_if action=reinterpret pc=0x0000775ec062d140 method=java.util.concurrent.ConcurrentHashMap.transfer([Ljava/util/concurrent/ConcurrentHashMap$Node;[Ljava/util/concurrent/ConcurrentHashMap$Node;)V @ 26 c2
Event: 3,770 Thread 0x0000775ecc8f8cc0 DEOPT PACKING pc=0x0000775ec062d140 sp=0x0000775e003be7d0
Event: 3,770 Thread 0x0000775ecc8f8cc0 DEOPT UNPACKING pc=0x0000775ebfeb2f99 sp=0x0000775e003be740 mode 2
Event: 3,832 Thread 0x0000775ecc8f8cc0 Uncommon trap: trap_request=0xffffff45 fr.pc=0x0000775ec0640220 relative=0x0000000000000740
Event: 3,832 Thread 0x0000775ecc8f8cc0 Uncommon trap: reason=unstable_if action=reinterpret pc=0x0000775ec0640220 method=java.util.ArrayList.grow(I)[Ljava/lang/Object; @ 17 c2
Event: 3,832 Thread 0x0000775ecc8f8cc0 DEOPT PACKING pc=0x0000775ec0640220 sp=0x0000775e003be380
Event: 3,832 Thread 0x0000775ecc8f8cc0 DEOPT UNPACKING pc=0x0000775ebfeb2f99 sp=0x0000775e003be218 mode 2

Classes loaded (20 events):
Event: 2,257 Loading class jdk/internal/icu/text/Replaceable done
Event: 2,257 Loading class jdk/internal/icu/text/ReplaceableString done
Event: 2,270 Loading class jdk/net/ExtendedSocketOptions
Event: 2,270 Loading class jdk/net/ExtendedSocketOptions done
Event: 2,270 Loading class jdk/net/ExtendedSocketOptions$ExtSocketOption
Event: 2,270 Loading class jdk/net/ExtendedSocketOptions$ExtSocketOption done
Event: 2,270 Loading class jdk/net/UnixDomainPrincipal
Event: 2,270 Loading class jdk/net/UnixDomainPrincipal done
Event: 2,270 Loading class jdk/net/ExtendedSocketOptions$PlatformSocketOptions
Event: 2,270 Loading class jdk/net/ExtendedSocketOptions$PlatformSocketOptions done
Event: 2,270 Loading class jdk/net/ExtendedSocketOptions$2
Event: 2,270 Loading class jdk/net/ExtendedSocketOptions$2 done
Event: 2,270 Loading class jdk/net/LinuxSocketOptions
Event: 2,270 Loading class jdk/net/LinuxSocketOptions done
Event: 2,271 Loading class jdk/net/ExtendedSocketOptions$1
Event: 2,271 Loading class jdk/net/ExtendedSocketOptions$1 done
Event: 2,271 Loading class java/nio/channels/ClosedByInterruptException
Event: 2,271 Loading class java/nio/channels/ClosedByInterruptException done
Event: 2,277 Loading class java/util/TreeMap$EntrySpliterator
Event: 2,277 Loading class java/util/TreeMap$EntrySpliterator done

Classes unloaded (0 events):
No events

Classes redefined (0 events):
No events

Internal exceptions (20 events):
Event: 0,790 Thread 0x0000775ecc8f8cc0 Exception <a 'java/lang/NoSuchMethodError'{0x0000000529a3c418}: 'java.lang.Object java.lang.invoke.DirectMethodHandle$Holder.newInvokeSpecial(java.lang.Object, java.lang.Object, java.lang.Object, java.lang.Object, long, java.lang.Object)'> (0x0000000529a3c418) 
thrown [src/hotspot/share/interpreter/linkResolver.cpp, line 783]
Event: 0,790 Thread 0x0000775ecc8f8cc0 Exception <a 'java/lang/NoSuchMethodError'{0x0000000529a409e0}: 'java.lang.Object java.lang.invoke.DirectMethodHandle$Holder.invokeSpecial(java.lang.Object, java.lang.Object, java.lang.Object, java.lang.Object, java.lang.Object, long, java.lang.Object)'> (0x0000000529a409e0) 
thrown [src/hotspot/share/interpreter/linkResolver.cpp, line 783]
Event: 0,812 Thread 0x0000775ecc515c70 Exception <a 'java/lang/NoSuchMethodError'{0x000000052a3a1d88}: 'java.lang.Object java.lang.invoke.DirectMethodHandle$Holder.newInvokeSpecial(java.lang.Object, java.lang.Object, int, java.lang.Object, java.lang.Object)'> (0x000000052a3a1d88) 
thrown [src/hotspot/share/interpreter/linkResolver.cpp, line 783]
Event: 0,812 Thread 0x0000775ecc515c70 Exception <a 'java/lang/NoSuchMethodError'{0x000000052a3a8e48}: 'java.lang.Object java.lang.invoke.Invokers$Holder.linkToTargetMethod(java.lang.Object, int, java.lang.Object, java.lang.Object, java.lang.Object)'> (0x000000052a3a8e48) 
thrown [src/hotspot/share/interpreter/linkResolver.cpp, line 783]
Event: 0,814 Thread 0x0000775ecc8f8cc0 Exception <a 'java/lang/NoSuchMethodError'{0x0000000529b5e430}: 'java.lang.Object java.lang.invoke.Invokers$Holder.invoke_MT(java.lang.Object, java.lang.Object, java.lang.Object, java.lang.Object, java.lang.Object, java.lang.Object, java.lang.Object, java.lang.Object, java.lang.Object, java.lang.Object)'> (0x0000000529b5e430) 
thrown [src/hotspot/share/interpreter/linkResolver.cpp, line 783]
Event: 0,818 Thread 0x0000775ecc8f8cc0 Exception <a 'java/lang/NoSuchMethodError'{0x0000000529c7b418}: 'java.lang.Object java.lang.invoke.DirectMethodHandle$Holder.invokeStatic(java.lang.Object, long, java.lang.Object, java.lang.Object)'> (0x0000000529c7b418) 
thrown [src/hotspot/share/interpreter/linkResolver.cpp, line 783]
Event: 2,015 Thread 0x0000775ecc8f8cc0 Exception <a 'java/lang/NoSuchMethodError'{0x0000000529049db8}: 'java.lang.Object java.lang.invoke.DirectMethodHandle$Holder.invokeStatic(java.lang.Object, java.lang.Object, java.lang.Object, java.lang.Object, java.lang.Object, java.lang.Object, java.lang.Object, java.lang.Object, java.lang.Object, java.lang.Object, long)'> (0x0000000529049db8) 
thrown [src/hotspot/share/interpreter/linkResolver.cpp, line 783]
Event: 2,018 Thread 0x0000775ecc8f8cc0 Exception <a 'java/lang/NoSuchMethodError'{0x000000052907e888}: 'java.lang.Object java.lang.invoke.Invokers$Holder.linkToTargetMethod(java.lang.Object, float, java.lang.Object, java.lang.Object, java.lang.Object, java.lang.Object)'> (0x000000052907e888) 
thrown [src/hotspot/share/interpreter/linkResolver.cpp, line 783]
Event: 2,268 Thread 0x0000775d857e7700 Exception <a 'java/lang/NoSuchMethodError'{0x000000052881bcf8}: 'void java.lang.invoke.DirectMethodHandle$Holder.invokeSpecial(java.lang.Object, java.lang.Object, java.lang.Object, java.lang.Object, java.lang.Object)'> (0x000000052881bcf8) 
thrown [src/hotspot/share/interpreter/linkResolver.cpp, line 783]
Event: 2,271 Thread 0x0000775d857e7700 Exception <a 'java/lang/IncompatibleClassChangeError'{0x0000000528824798}: Found class java.lang.Object, but interface was expected> (0x0000000528824798) 
thrown [src/hotspot/share/interpreter/linkResolver.cpp, line 851]
Event: 2,276 Thread 0x0000775ecc8f8cc0 Exception <a 'java/lang/NoSuchMethodError'{0x0000000528b33448}: 'java.lang.Object java.lang.invoke.Invokers$Holder.invokeExact_MT(java.lang.Object, java.lang.Object, java.lang.Object, java.lang.Object, java.lang.Object)'> (0x0000000528b33448) 
thrown [src/hotspot/share/interpreter/linkResolver.cpp, line 783]
Event: 2,277 Thread 0x0000775ecc8f8cc0 Exception <a 'java/lang/NoSuchMethodError'{0x0000000528b4c148}: 'void java.lang.invoke.DirectMethodHandle$Holder.invokeInterface(java.lang.Object, java.lang.Object, java.lang.Object)'> (0x0000000528b4c148) 
thrown [src/hotspot/share/interpreter/linkResolver.cpp, line 783]
Event: 3,772 Thread 0x0000775ecc8f8cc0 Exception <a 'java/lang/NoSuchMethodError'{0x0000000528f44198}: 'java.lang.Object java.lang.invoke.DirectMethodHandle$Holder.invokeSpecial(java.lang.Object, java.lang.Object, java.lang.Object, java.lang.Object, java.lang.Object, java.lang.Object, java.lang.Object, java.lang.Object, int, int)'> (0x0000000528f44198) 
thrown [src/hotspot/share/interpreter/linkResolver.cpp, line 783]
Event: 3,774 Thread 0x0000775ecc8f8cc0 Exception <a 'java/lang/NoSuchMethodError'{0x0000000528f951b0}: 'java.lang.Object java.lang.invoke.DirectMethodHandle$Holder.invokeStatic(java.lang.Object, int, int)'> (0x0000000528f951b0) 
thrown [src/hotspot/share/interpreter/linkResolver.cpp, line 783]
Event: 3,783 Thread 0x0000775ecc8f8cc0 Exception <a 'java/lang/NoSuchMethodError'{0x00000005281660e0}: 'java.lang.Object java.lang.invoke.DirectMethodHandle$Holder.invokeStatic(java.lang.Object, java.lang.Object, java.lang.Object, java.lang.Object, java.lang.Object, java.lang.Object, java.lang.Object, int)'> (0x00000005281660e0) 
thrown [src/hotspot/share/interpreter/linkResolver.cpp, line 783]
Event: 3,821 Thread 0x0000775ecc8f8cc0 Exception <a 'java/lang/NoSuchMethodError'{0x000000052840ca90}: 'java.lang.Object java.lang.invoke.DirectMethodHandle$Holder.invokeSpecial(java.lang.Object, java.lang.Object, int, int, java.lang.Object, java.lang.Object)'> (0x000000052840ca90) 
thrown [src/hotspot/share/interpreter/linkResolver.cpp, line 783]
Event: 3,822 Thread 0x0000775ecc8f8cc0 Exception <a 'java/lang/NoSuchMethodError'{0x0000000528436028}: 'java.lang.Object java.lang.invoke.DirectMethodHandle$Holder.newInvokeSpecial(java.lang.Object, java.lang.Object, long, int, int)'> (0x0000000528436028) 
thrown [src/hotspot/share/interpreter/linkResolver.cpp, line 783]
Event: 3,825 Thread 0x0000775ecc8f8cc0 Exception <a 'java/lang/NoSuchMethodError'{0x000000052848a3f0}: 'java.lang.Object java.lang.invoke.DirectMethodHandle$Holder.newInvokeSpecial(java.lang.Object, java.lang.Object, int, java.lang.Object)'> (0x000000052848a3f0) 
thrown [src/hotspot/share/interpreter/linkResolver.cpp, line 783]
Event: 3,825 Thread 0x0000775ecc8f8cc0 Exception <a 'java/lang/NoSuchMethodError'{0x000000052848e8a0}: 'java.lang.Object java.lang.invoke.DirectMethodHandle$Holder.invokeSpecial(java.lang.Object, java.lang.Object, java.lang.Object, int, java.lang.Object)'> (0x000000052848e8a0) 
thrown [src/hotspot/share/interpreter/linkResolver.cpp, line 783]
Event: 3,825 Thread 0x0000775ecc8f8cc0 Exception <a 'java/lang/NoSuchMethodError'{0x0000000528492578}: 'java.lang.Object java.lang.invoke.Invokers$Holder.linkToTargetMethod(java.lang.Object, int, java.lang.Object, java.lang.Object)'> (0x0000000528492578) 
thrown [src/hotspot/share/interpreter/linkResolver.cpp, line 783]

ZGC Phase Switch (0 events):
No events

VM Operations (20 events):
Event: 2,244 Executing VM operation: HandshakeAllThreads (Deoptimize)
Event: 2,244 Executing VM operation: HandshakeAllThreads (Deoptimize) done
Event: 2,248 Executing VM operation: HandshakeAllThreads (Deoptimize)
Event: 2,248 Executing VM operation: HandshakeAllThreads (Deoptimize) done
Event: 2,249 Executing VM operation: HandshakeAllThreads (Deoptimize)
Event: 2,249 Executing VM operation: HandshakeAllThreads (Deoptimize) done
Event: 2,269 Executing VM operation: HandshakeAllThreads (Deoptimize)
Event: 2,269 Executing VM operation: HandshakeAllThreads (Deoptimize) done
Event: 2,270 Executing VM operation: HandshakeAllThreads (Deoptimize)
Event: 2,270 Executing VM operation: HandshakeAllThreads (Deoptimize) done
Event: 2,283 Executing VM operation: HandshakeAllThreads (Deoptimize)
Event: 2,283 Executing VM operation: HandshakeAllThreads (Deoptimize) done
Event: 2,517 Executing VM operation: HandshakeAllThreads (Deoptimize)
Event: 2,517 Executing VM operation: HandshakeAllThreads (Deoptimize) done
Event: 2,517 Executing VM operation: HandshakeAllThreads (Deoptimize)
Event: 2,517 Executing VM operation: HandshakeAllThreads (Deoptimize) done
Event: 3,517 Executing VM operation: Cleanup
Event: 3,517 Executing VM operation: Cleanup done
Event: 3,780 Executing VM operation: HandshakeAllThreads (Deoptimize)
Event: 3,780 Executing VM operation: HandshakeAllThreads (Deoptimize) done

Memory protections (20 events):
Event: 0,219 Protecting memory [0x0000775e034ff000,0x0000775e03503000] with protection modes 0
Event: 0,231 Protecting memory [0x0000775e03273000,0x0000775e03277000] with protection modes 0
Event: 0,288 Protecting memory [0x0000775e016d1000,0x0000775e016d5000] with protection modes 0
Event: 0,288 Protecting memory [0x0000775e015d1000,0x0000775e015d5000] with protection modes 0
Event: 0,288 Protecting memory [0x0000775e014d1000,0x0000775e014d5000] with protection modes 0
Event: 0,290 Protecting memory [0x0000775e013d1000,0x0000775e013d5000] with protection modes 0
Event: 0,295 Protecting memory [0x0000775e004c3000,0x0000775e004c7000] with protection modes 0
Event: 0,302 Protecting memory [0x0000775e003c3000,0x0000775e003c7000] with protection modes 0
Event: 0,303 Protecting memory [0x0000775e002c3000,0x0000775e002c7000] with protection modes 0
Event: 0,392 Protecting memory [0x0000775e001c3000,0x0000775e001c7000] with protection modes 0
Event: 0,579 Protecting memory [0x0000775d7c180000,0x0000775d7c184000] with protection modes 0
Event: 0,808 Protecting memory [0x0000775d7395f000,0x0000775d73963000] with protection modes 0
Event: 2,229 Protecting memory [0x0000775e51c2f000,0x0000775e51c33000] with protection modes 0
Event: 2,260 Protecting memory [0x0000775e51b2f000,0x0000775e51b33000] with protection modes 0
Event: 2,266 Protecting memory [0x0000775e03273000,0x0000775e03277000] with protection modes 0
Event: 2,269 Protecting memory [0x0000775d737df000,0x0000775d737e3000] with protection modes 0
Event: 2,272 Protecting memory [0x0000775e03273000,0x0000775e03277000] with protection modes 0
Event: 2,273 Protecting memory [0x0000775e51b2f000,0x0000775e51b33000] with protection modes 0
Event: 2,274 Protecting memory [0x0000775d737df000,0x0000775d737e3000] with protection modes 0
Event: 3,837 Protecting memory [0x0000775e51b2f000,0x0000775e51b33000] with protection modes 0

Nmethod flushes (0 events):
No events

Events (20 events):
Event: 1,268 Thread 0x0000775e2020e000 Thread exited: 0x0000775e2020e000
Event: 1,268 Thread 0x0000775e20075f00 Thread exited: 0x0000775e20075f00
Event: 1,268 Thread 0x0000775e20074c20 Thread exited: 0x0000775e20074c20
Event: 2,229 Thread 0x0000775e2c07f2d0 Thread added: 0x0000775e183d7ff0
Event: 2,260 Thread 0x0000775ecc8f8cc0 Thread added: 0x0000775d857e7700
Event: 2,266 Thread 0x0000775ecc8f8cc0 Thread added: 0x0000775d857f5c70
Event: 2,269 Thread 0x0000775d857e7700 Thread added: 0x0000775e100df470
Event: 2,271 Thread 0x0000775e100df470 Thread exited: 0x0000775e100df470
Event: 2,271 Thread 0x0000775d857e7700 Thread exited: 0x0000775d857e7700
Event: 2,271 Thread 0x0000775d857f5c70 Thread exited: 0x0000775d857f5c70
Event: 2,272 Thread 0x0000775ecc8f8cc0 Thread added: 0x0000775d857e7700
Event: 2,273 Thread 0x0000775ecc8f8cc0 Thread added: 0x0000775d857fdb00
Event: 2,274 Thread 0x0000775d857e7700 Thread added: 0x0000775dec009a50
Event: 3,746 Thread 0x0000775e20189b20 Thread exited: 0x0000775e20189b20
Event: 3,746 Thread 0x0000775e201491c0 Thread exited: 0x0000775e201491c0
Event: 3,746 Thread 0x0000775e2c07f2d0 Thread exited: 0x0000775e2c07f2d0
Event: 3,749 Thread 0x0000775d857e7700 Thread exited: 0x0000775d857e7700
Event: 3,749 Thread 0x0000775dec009a50 Thread exited: 0x0000775dec009a50
Event: 3,749 Thread 0x0000775d857fdb00 Thread exited: 0x0000775d857fdb00
Event: 3,837 Thread 0x0000775dd4000fc0 Thread added: 0x0000775dcc000fc0


Dynamic libraries:
40178000-40227000 rw-p 00000000 00:00 0 
41dd8000-41dda000 r-xs 00000000 00:01 12324                              /memfd:/.glXXXXXX (deleted)
527800000-52b000000 rw-p 00000000 00:00 0 
52b000000-553000000 ---p 00000000 00:00 0 
553000000-553800000 rw-p 00000000 00:00 0 
553800000-555000000 ---p 00000000 00:00 0 
555000000-555800000 rw-p 00000000 00:00 0 
555800000-7ff800000 ---p 00000000 00:00 0 
7ff800000-7ffa3a000 rw-p 01d11000 103:06 44190815                        /home/elie-gambache/.jdks/jbrsdk_jcef-21.0.8-1/lib/server/classes.jsa
7ffa3a000-800000000 rw-p 00000000 00:00 0 
5ea9c57af000-5ea9c57b0000 r--p 00000000 103:06 44190180                  /home/elie-gambache/.jdks/jbrsdk_jcef-21.0.8-1/bin/java
5ea9c57b0000-5ea9c57b1000 r-xp 00001000 103:06 44190180                  /home/elie-gambache/.jdks/jbrsdk_jcef-21.0.8-1/bin/java
5ea9c57b1000-5ea9c57b2000 r--p 00002000 103:06 44190180                  /home/elie-gambache/.jdks/jbrsdk_jcef-21.0.8-1/bin/java
5ea9c57b2000-5ea9c57b3000 r--p 00002000 103:06 44190180                  /home/elie-gambache/.jdks/jbrsdk_jcef-21.0.8-1/bin/java
5ea9c57b3000-5ea9c57b4000 rw-p 00003000 103:06 44190180                  /home/elie-gambache/.jdks/jbrsdk_jcef-21.0.8-1/bin/java
5ea9d8dfd000-5ea9d8e46000 rw-p 00000000 00:00 0                          [heap]
775d5c000000-775d5c021000 rw-p 00000000 00:00 0 
775d5c021000-775d60000000 ---p 00000000 00:00 0 
775d64000000-775d64021000 rw-p 00000000 00:00 0 
775d64021000-775d68000000 ---p 00000000 00:00 0 
775d68000000-775d68021000 rw-p 00000000 00:00 0 
775d68021000-775d6c000000 ---p 00000000 00:00 0 
775d6c000000-775d6c021000 rw-p 00000000 00:00 0 
775d6c021000-775d70000000 ---p 00000000 00:00 0 
775d72f9a000-775d73000000 r--p 00000000 103:06 7488087                   /usr/share/fonts/truetype/liberation/LiberationSans-Bold.ttf
775d73000000-775d73280000 r--p 00000000 103:06 42097597                  /home/elie-gambache/.cache/pdfium/native/linux-x86-64/libpdfium.so
775d73280000-775d73606000 r-xp 0027f000 103:06 42097597                  /home/elie-gambache/.cache/pdfium/native/linux-x86-64/libpdfium.so
775d73606000-775d7361b000 r--p 00604000 103:06 42097597                  /home/elie-gambache/.cache/pdfium/native/linux-x86-64/libpdfium.so
775d7361b000-775d7361f000 rw-p 00618000 103:06 42097597                  /home/elie-gambache/.cache/pdfium/native/linux-x86-64/libpdfium.so
775d7361f000-775d73621000 rw-p 00000000 00:00 0 
775d73633000-775d736e1000 r--p 00000000 103:06 7488065                   /usr/share/fonts/truetype/dejavu/DejaVuSans-Bold.ttf
775d736e1000-775d7375f000 r--p 00000000 103:06 7488156                   /usr/share/fonts/truetype/noto/NotoSans-Bold.ttf
775d7375f000-775d737df000 rw-s 00000000 00:06 1158                       /dev/nvidiactl
775d737df000-775d737e3000 ---p 00000000 00:00 0 
775d737e3000-775d738df000 rw-p 00000000 00:00 0 
775d738df000-775d7395f000 rw-s 00000000 00:06 1158                       /dev/nvidiactl
775d7395f000-775d73963000 ---p 00000000 00:00 0 
775d73963000-775d73a5f000 rw-p 00000000 00:00 0 
775d73a5f000-775d73c5f000 rw-s 00000000 00:06 1158                       /dev/nvidiactl
775d73c5f000-775d73cdf000 rw-s 00000000 00:06 1159                       /dev/nvidia0
775d73cdf000-775d73d44000 r--p 00000000 103:06 7488090                   /usr/share/fonts/truetype/liberation/LiberationSans-Regular.ttf
775d73d44000-775d73dfe000 r--p 00000000 103:06 7488070                   /usr/share/fonts/truetype/dejavu/DejaVuSans.ttf
775d73dfe000-775d74000000 rw-p 00000000 00:00 0 
775d74000000-775d74021000 rw-p 00000000 00:00 0 
775d74021000-775d78000000 ---p 00000000 00:00 0 
775d78000000-775d78021000 rw-p 00000000 00:00 0 
775d78021000-775d7c000000 ---p 00000000 00:00 0 
775d7c001000-775d7c07f000 r--p 00000000 103:06 7488159                   /usr/share/fonts/truetype/noto/NotoSans-Regular.ttf
775d7c07f000-775d7c180000 rw-p 00000000 00:00 0 
775d7c180000-775d7c184000 ---p 00000000 00:00 0 
775d7c184000-775d7c280000 rw-p 00000000 00:00 0 
775d7c280000-775d7c300000 rw-s 00000000 00:06 1158                       /dev/nvidiactl
775d7c300000-775d7c400000 rw-s 00000000 00:06 1158                       /dev/nvidiactl
775d7c400000-775d7c712000 r--p 00000000 103:06 7359947                   /usr/lib/x86_64-linux-gnu/libnvidia-gpucomp.so.590.48.01
775d7c712000-775d8040c000 r-xp 00312000 103:06 7359947                   /usr/lib/x86_64-linux-gnu/libnvidia-gpucomp.so.590.48.01
775d8040c000-775d8168a000 r--p 0400c000 103:06 7359947                   /usr/lib/x86_64-linux-gnu/libnvidia-gpucomp.so.590.48.01
775d8168a000-775d8168b000 ---p 0528a000 103:06 7359947                   /usr/lib/x86_64-linux-gnu/libnvidia-gpucomp.so.590.48.01
775d8168b000-775d81894000 r--p 0528a000 103:06 7359947                   /usr/lib/x86_64-linux-gnu/libnvidia-gpucomp.so.590.48.01
775d81894000-775d819a1000 rw-p 05493000 103:06 7359947                   /usr/lib/x86_64-linux-gnu/libnvidia-gpucomp.so.590.48.01
775d819a1000-775d81a45000 rw-p 00000000 00:00 0 
775d81aa0000-775d81b20000 rw-s 00000000 00:06 1158                       /dev/nvidiactl
775d81b20000-775d81b60000 rw-s 00000000 00:06 1158                       /dev/nvidiactl
775d81b60000-775d81b80000 rw-s 00000000 00:06 1158                       /dev/nvidiactl
775d81b80000-775d81c00000 rw-s 00000000 00:06 1159                       /dev/nvidia0
775d81c00000-775d81e4f000 r-xp 00000000 103:06 7359943                   /usr/lib/x86_64-linux-gnu/libnvidia-glcore.so.590.48.01
775d81e4f000-775d81e70000 rwxp 0024f000 103:06 7359943                   /usr/lib/x86_64-linux-gnu/libnvidia-glcore.so.590.48.01
775d81e70000-775d82000000 r-xp 00270000 103:06 7359943                   /usr/lib/x86_64-linux-gnu/libnvidia-glcore.so.590.48.01
775d82000000-775d82c00000 r-xp 00400000 103:06 7359943                   /usr/lib/x86_64-linux-gnu/libnvidia-glcore.so.590.48.01
775d82c00000-775d83c9a000 r-xp 01000000 103:06 7359943                   /usr/lib/x86_64-linux-gnu/libnvidia-glcore.so.590.48.01
775d83c9a000-775d83c9b000 ---p 0209a000 103:06 7359943                   /usr/lib/x86_64-linux-gnu/libnvidia-glcore.so.590.48.01
775d83c9b000-775d83e10000 r--p 0209a000 103:06 7359943                   /usr/lib/x86_64-linux-gnu/libnvidia-glcore.so.590.48.01
775d83e10000-775d83e73000 rw-p 0220f000 103:06 7359943                   /usr/lib/x86_64-linux-gnu/libnvidia-glcore.so.590.48.01
775d83e73000-775d83e92000 rw-p 00000000 00:00 0 
775d83ea4000-775d83ee4000 rw-s 00000000 00:06 1158                       /dev/nvidiactl
775d83ee4000-775d83f04000 rw-s 00000000 00:06 1158                       /dev/nvidiactl
775d83f04000-775d83f44000 rw-s 00000000 00:06 1158                       /dev/nvidiactl
775d83f44000-775d83f64000 rw-s 00000000 00:06 1158                       /dev/nvidiactl
775d83f64000-775d83f74000 r--p 00000000 103:06 7359944                   /usr/lib/x86_64-linux-gnu/libnvidia-glsi.so.590.48.01
775d83f74000-775d83fd4000 r-xp 00010000 103:06 7359944                   /usr/lib/x86_64-linux-gnu/libnvidia-glsi.so.590.48.01
775d83fd4000-775d83ff1000 r--p 00070000 103:06 7359944                   /usr/lib/x86_64-linux-gnu/libnvidia-glsi.so.590.48.01
775d83ff1000-775d83ff7000 r--p 0008c000 103:06 7359944                   /usr/lib/x86_64-linux-gnu/libnvidia-glsi.so.590.48.01
775d83ff7000-775d83ff8000 rw-p 00092000 103:06 7359944                   /usr/lib/x86_64-linux-gnu/libnvidia-glsi.so.590.48.01
775d83ff8000-775d859b0000 rw-p 00000000 00:00 0 
775d859b0000-775d88000000 ---p 00000000 00:00 0 
775d88000000-775d88021000 rw-p 00000000 00:00 0 
775d88021000-775d8c000000 ---p 00000000 00:00 0 
775d8c000000-775d8c021000 rw-p 00000000 00:00 0 
775d8c021000-775d90000000 ---p 00000000 00:00 0 
775d90000000-775d90021000 rw-p 00000000 00:00 0 
775d90021000-775d94000000 ---p 00000000 00:00 0 
775d94000000-775d94021000 rw-p 00000000 00:00 0 
775d94021000-775d98000000 ---p 00000000 00:00 0 
775d98000000-775d98021000 rw-p 00000000 00:00 0 
775d98021000-775d9c000000 ---p 00000000 00:00 0 
775d9c000000-775d9c021000 rw-p 00000000 00:00 0 
775d9c021000-775da0000000 ---p 00000000 00:00 0 
775da0000000-775da0021000 rw-p 00000000 00:00 0 
775da0021000-775da4000000 ---p 00000000 00:00 0 
775da4000000-775da4021000 rw-p 00000000 00:00 0 
775da4021000-775da8000000 ---p 00000000 00:00 0 
775da8000000-775da8021000 rw-p 00000000 00:00 0 
775da8021000-775dac000000 ---p 00000000 00:00 0 
775dac000000-775dac021000 rw-p 00000000 00:00 0 
775dac021000-775db0000000 ---p 00000000 00:00 0 
775db0000000-775db0021000 rw-p 00000000 00:00 0 
775db0021000-775db4000000 ---p 00000000 00:00 0 
775db4000000-775db4021000 rw-p 00000000 00:00 0 
775db4021000-775db8000000 ---p 00000000 00:00 0 
775db8000000-775db8021000 rw-p 00000000 00:00 0 
775db8021000-775dbc000000 ---p 00000000 00:00 0 
775dbc000000-775dbc021000 rw-p 00000000 00:00 0 
775dbc021000-775dc0000000 ---p 00000000 00:00 0 
775dc0000000-775dc0021000 rw-p 00000000 00:00 0 
775dc0021000-775dc4000000 ---p 00000000 00:00 0 
775dc4000000-775dc4021000 rw-p 00000000 00:00 0 
775dc4021000-775dc8000000 ---p 00000000 00:00 0 
775dc8000000-775dc8021000 rw-p 00000000 00:00 0 
775dc8021000-775dcc000000 ---p 00000000 00:00 0 
775dcc000000-775dcc078000 rw-p 00000000 00:00 0 
775dcc078000-775dd0000000 ---p 00000000 00:00 0 
775dd0000000-775dd0021000 rw-p 00000000 00:00 0 
775dd0021000-775dd4000000 ---p 00000000 00:00 0 
775dd4000000-775dd4121000 rw-p 00000000 00:00 0 
775dd4121000-775dd8000000 ---p 00000000 00:00 0 
775dd8000000-775dd8021000 rw-p 00000000 00:00 0 
775dd8021000-775ddc000000 ---p 00000000 00:00 0 
775ddc000000-775ddc021000 rw-p 00000000 00:00 0 
775ddc021000-775de0000000 ---p 00000000 00:00 0 
775de0000000-775de0021000 rw-p 00000000 00:00 0 
775de0021000-775de4000000 ---p 00000000 00:00 0 
775de4000000-775de4021000 rw-p 00000000 00:00 0 
775de4021000-775de8000000 ---p 00000000 00:00 0 
775de8000000-775de8114000 rw-p 00000000 00:00 0 
775de8114000-775dec000000 ---p 00000000 00:00 0 
775dec000000-775dece98000 rw-p 00000000 00:00 0 
775dece98000-775df0000000 ---p 00000000 00:00 0 
775df0000000-775df0021000 rw-p 00000000 00:00 0 
775df0021000-775df4000000 ---p 00000000 00:00 0 
775df4000000-775df4166000 rw-p 00000000 00:00 0 
775df4166000-775df8000000 ---p 00000000 00:00 0 
775df8000000-775df8021000 rw-p 00000000 00:00 0 
775df8021000-775dfc000000 ---p 00000000 00:00 0 
775dfc000000-775dfc021000 rw-p 00000000 00:00 0 
775dfc021000-775e00000000 ---p 00000000 00:00 0 
775e00014000-775e00017000 r--p 00000000 103:06 7342238                   /usr/lib/x86_64-linux-gnu/libnvidia-allocator.so.590.48.01
775e00017000-775e00030000 r-xp 00003000 103:06 7342238                   /usr/lib/x86_64-linux-gnu/libnvidia-allocator.so.590.48.01
775e00030000-775e0003b000 r--p 0001c000 103:06 7342238                   /usr/lib/x86_64-linux-gnu/libnvidia-allocator.so.590.48.01
775e0003b000-775e0003c000 r--p 00026000 103:06 7342238                   /usr/lib/x86_64-linux-gnu/libnvidia-allocator.so.590.48.01
775e0003c000-775e0003d000 rw-p 00027000 103:06 7342238                   /usr/lib/x86_64-linux-gnu/libnvidia-allocator.so.590.48.01
775e0003d000-775e0003e000 rw-p 00000000 00:00 0 
775e0003e000-775e00043000 r--p 00000000 103:06 7348406                   /usr/lib/x86_64-linux-gnu/libdrm.so.2.125.0
775e00043000-775e0004f000 r-xp 00005000 103:06 7348406                   /usr/lib/x86_64-linux-gnu/libdrm.so.2.125.0
775e0004f000-775e00053000 r--p 00011000 103:06 7348406                   /usr/lib/x86_64-linux-gnu/libdrm.so.2.125.0
775e00053000-775e00054000 r--p 00015000 103:06 7348406                   /usr/lib/x86_64-linux-gnu/libdrm.so.2.125.0
775e00054000-775e00055000 rw-p 00016000 103:06 7348406                   /usr/lib/x86_64-linux-gnu/libdrm.so.2.125.0
775e00059000-775e0005b000 r--p 00000000 103:06 42098579                  /home/elie-gambache/.cache/pdfium/native/linux-x86-64/libpdfiumjni.so
775e0005b000-775e0005d000 r-xp 00002000 103:06 42098579                  /home/elie-gambache/.cache/pdfium/native/linux-x86-64/libpdfiumjni.so
775e0005d000-775e0005e000 r--p 00004000 103:06 42098579                  /home/elie-gambache/.cache/pdfium/native/linux-x86-64/libpdfiumjni.so
775e0005e000-775e0005f000 r--p 00004000 103:06 42098579                  /home/elie-gambache/.cache/pdfium/native/linux-x86-64/libpdfiumjni.so
775e0005f000-775e00060000 rw-p 00005000 103:06 42098579                  /home/elie-gambache/.cache/pdfium/native/linux-x86-64/libpdfiumjni.so
775e00060000-775e00073000 rw-s 00000000 00:06 1158                       /dev/nvidiactl
775e00073000-775e00083000 rw-s 00000000 00:06 1159                       /dev/nvidia0
775e00083000-775e00086000 r--p 00000000 103:06 7348519                   /usr/lib/x86_64-linux-gnu/libxcb-xfixes.so.0.0.0
775e00086000-775e00089000 r-xp 00003000 103:06 7348519                   /usr/lib/x86_64-linux-gnu/libxcb-xfixes.so.0.0.0
775e00089000-775e0008c000 r--p 00006000 103:06 7348519                   /usr/lib/x86_64-linux-gnu/libxcb-xfixes.so.0.0.0
775e0008c000-775e0008d000 r--p 00008000 103:06 7348519                   /usr/lib/x86_64-linux-gnu/libxcb-xfixes.so.0.0.0
775e0008d000-775e0008e000 rw-p 00009000 103:06 7348519                   /usr/lib/x86_64-linux-gnu/libxcb-xfixes.so.0.0.0
775e0008e000-775e00091000 r--p 00000000 103:06 7342191                   /usr/lib/x86_64-linux-gnu/libxcb-sync.so.1.0.0
775e00091000-775e00094000 r-xp 00003000 103:06 7342191                   /usr/lib/x86_64-linux-gnu/libxcb-sync.so.1.0.0
775e00094000-775e00096000 r--p 00006000 103:06 7342191                   /usr/lib/x86_64-linux-gnu/libxcb-sync.so.1.0.0
775e00096000-775e00097000 r--p 00008000 103:06 7342191                   /usr/lib/x86_64-linux-gnu/libxcb-sync.so.1.0.0
775e00097000-775e00098000 rw-p 00009000 103:06 7342191                   /usr/lib/x86_64-linux-gnu/libxcb-sync.so.1.0.0
775e00098000-775e000e9000 r--p 00000000 103:06 7359933                   /usr/lib/x86_64-linux-gnu/libGLX_nvidia.so.590.48.01
775e000e9000-775e00146000 r-xp 00051000 103:06 7359933                   /usr/lib/x86_64-linux-gnu/libGLX_nvidia.so.590.48.01
775e00146000-775e0017b000 rwxp 000ae000 103:06 7359933                   /usr/lib/x86_64-linux-gnu/libGLX_nvidia.so.590.48.01
775e0017b000-775e0017c000 r-xp 000e3000 103:06 7359933                   /usr/lib/x86_64-linux-gnu/libGLX_nvidia.so.590.48.01
775e0017c000-775e0019c000 r--p 000e4000 103:06 7359933                   /usr/lib/x86_64-linux-gnu/libGLX_nvidia.so.590.48.01
775e0019c000-775e001bc000 r--p 00103000 103:06 7359933                   /usr/lib/x86_64-linux-gnu/libGLX_nvidia.so.590.48.01
775e001bc000-775e001c1000 rw-p 00123000 103:06 7359933                   /usr/lib/x86_64-linux-gnu/libGLX_nvidia.so.590.48.01
775e001c1000-775e001c3000 rw-p 00000000 00:00 0 
775e001c3000-775e001c7000 ---p 00000000 00:00 0 
775e001c7000-775e002c3000 rw-p 00000000 00:00 0 
775e002c3000-775e002c7000 ---p 00000000 00:00 0 
775e002c7000-775e003c3000 rw-p 00000000 00:00 0 
775e003c3000-775e003c7000 ---p 00000000 00:00 0 
775e003c7000-775e004c3000 rw-p 00000000 00:00 0 
775e004c3000-775e004c7000 ---p 00000000 00:00 0 
775e004c7000-775e013d1000 rw-p 00000000 00:00 0 
775e013d1000-775e013d5000 ---p 00000000 00:00 0 
775e013d5000-775e014d1000 rw-p 00000000 00:00 0 
775e014d1000-775e014d5000 ---p 00000000 00:00 0 
775e014d5000-775e015d1000 rw-p 00000000 00:00 0 
775e015d1000-775e015d5000 ---p 00000000 00:00 0 
775e015d5000-775e016d1000 rw-p 00000000 00:00 0 
775e016d1000-775e016d5000 ---p 00000000 00:00 0 
775e016d5000-775e02fd4000 rw-p 00000000 00:00 0 
775e02fd4000-775e02fe5000 r--p 00000000 103:06 7340316                   /usr/lib/x86_64-linux-gnu/libibus-1.0.so.5.0.532
775e02fe5000-775e0301e000 r-xp 00011000 103:06 7340316                   /usr/lib/x86_64-linux-gnu/libibus-1.0.so.5.0.532
775e0301e000-775e0305f000 r--p 0004a000 103:06 7340316                   /usr/lib/x86_64-linux-gnu/libibus-1.0.so.5.0.532
775e0305f000-775e03062000 r--p 0008a000 103:06 7340316                   /usr/lib/x86_64-linux-gnu/libibus-1.0.so.5.0.532
775e03062000-775e03063000 rw-p 0008d000 103:06 7340316                   /usr/lib/x86_64-linux-gnu/libibus-1.0.so.5.0.532
775e03063000-775e0316b000 r--p 00000000 103:06 7488419                   /usr/share/fonts/truetype/ubuntu/UbuntuSans[wdth,wght].ttf
775e0316b000-775e03273000 r--p 00000000 103:06 7488419                   /usr/share/fonts/truetype/ubuntu/UbuntuSans[wdth,wght].ttf
775e03273000-775e03277000 ---p 00000000 00:00 0 
775e03277000-775e03373000 rw-p 00000000 00:00 0 
775e03376000-775e033ca000 r--p 00000000 103:06 7488074                   /usr/share/fonts/truetype/dejavu/DejaVuSansMono.ttf
775e033ca000-775e03433000 rw-p 00000000 00:00 0 
775e03437000-775e0343e000 r--p 00000000 103:06 7341084                   /usr/lib/x86_64-linux-gnu/libxcb-randr.so.0.1.0
775e0343e000-775e03443000 r-xp 00007000 103:06 7341084                   /usr/lib/x86_64-linux-gnu/libxcb-randr.so.0.1.0
775e03443000-775e03449000 r--p 0000c000 103:06 7341084                   /usr/lib/x86_64-linux-gnu/libxcb-randr.so.0.1.0
775e03449000-775e0344a000 r--p 00011000 103:06 7341084                   /usr/lib/x86_64-linux-gnu/libxcb-randr.so.0.1.0
775e0344a000-775e0344b000 rw-p 00012000 103:06 7341084                   /usr/lib/x86_64-linux-gnu/libxcb-randr.so.0.1.0
775e0344b000-775e034ff000 r--p 00000000 103:06 7770630                   /usr/share/themes/Yaru-blue-dark/gtk-3.0/gtk.gresource
775e034ff000-775e03503000 ---p 00000000 00:00 0 
775e03503000-775e035ff000 rw-p 00000000 00:00 0 
775e035ff000-775e03603000 ---p 00000000 00:00 0 
775e03603000-775e036ff000 rw-p 00000000 00:00 0 
775e036ff000-775e03703000 ---p 00000000 00:00 0 
775e03703000-775e04000000 rw-p 00000000 00:00 0 
775e04000000-775e04021000 rw-p 00000000 00:00 0 
775e04021000-775e08000000 ---p 00000000 00:00 0 
775e08000000-775e0807d000 rw-p 00000000 00:00 0 
775e0807d000-775e0c000000 ---p 00000000 00:00 0 
775e0c000000-775e0c021000 rw-p 00000000 00:00 0 
775e0c021000-775e10000000 ---p 00000000 00:00 0 
775e10000000-775e10fb0000 rw-p 00000000 00:00 0 
775e10fb0000-775e14000000 ---p 00000000 00:00 0 
775e14001000-775e14002000 r--p 00000000 103:06 44190711                  /home/elie-gambache/.jdks/jbrsdk_jcef-21.0.8-1/lib/libextnet.so
775e14002000-775e14003000 r-xp 00001000 103:06 44190711                  /home/elie-gambache/.jdks/jbrsdk_jcef-21.0.8-1/lib/libextnet.so
775e14003000-775e14004000 r--p 00002000 103:06 44190711                  /home/elie-gambache/.jdks/jbrsdk_jcef-21.0.8-1/lib/libextnet.so
775e14004000-775e14005000 r--p 00002000 103:06 44190711                  /home/elie-gambache/.jdks/jbrsdk_jcef-21.0.8-1/lib/libextnet.so
775e14005000-775e14006000 rw-p 00000000 00:00 0 
775e14006000-775e14007000 r--p 00000000 103:06 7342706                   /usr/lib/x86_64-linux-gnu/libxcb-present.so.0.0.0
775e14007000-775e14008000 r-xp 00001000 103:06 7342706                   /usr/lib/x86_64-linux-gnu/libxcb-present.so.0.0.0
775e14008000-775e14009000 r--p 00002000 103:06 7342706                   /usr/lib/x86_64-linux-gnu/libxcb-present.so.0.0.0
775e14009000-775e1400a000 r--p 00002000 103:06 7342706                   /usr/lib/x86_64-linux-gnu/libxcb-present.so.0.0.0
775e1400a000-775e1400b000 rw-p 00003000 103:06 7342706                   /usr/lib/x86_64-linux-gnu/libxcb-present.so.0.0.0
775e1400b000-775e14016000 r--p 00000000 103:06 7340695                   /usr/lib/x86_64-linux-gnu/libxcb-glx.so.0.0.0
775e14016000-775e1401f000 r-xp 0000b000 103:06 7340695                   /usr/lib/x86_64-linux-gnu/libxcb-glx.so.0.0.0
775e1401f000-775e14028000 r--p 00014000 103:06 7340695                   /usr/lib/x86_64-linux-gnu/libxcb-glx.so.0.0.0
775e14028000-775e1402a000 r--p 0001d000 103:06 7340695                   /usr/lib/x86_64-linux-gnu/libxcb-glx.so.0.0.0
775e1402a000-775e1402b000 rw-p 0001f000 103:06 7340695                   /usr/lib/x86_64-linux-gnu/libxcb-glx.so.0.0.0
775e1402c000-775e1402d000 r--p 00000000 103:06 44190689                  /home/elie-gambache/.jdks/jbrsdk_jcef-21.0.8-1/lib/libjaas.so
775e1402d000-775e1402e000 r-xp 00001000 103:06 44190689                  /home/elie-gambache/.jdks/jbrsdk_jcef-21.0.8-1/lib/libjaas.so
775e1402e000-775e1402f000 r--p 00002000 103:06 44190689                  /home/elie-gambache/.jdks/jbrsdk_jcef-21.0.8-1/lib/libjaas.so
775e1402f000-775e14030000 r--p 00002000 103:06 44190689                  /home/elie-gambache/.jdks/jbrsdk_jcef-21.0.8-1/lib/libjaas.so
775e14030000-775e14031000 rw-p 00000000 00:00 0 
775e14031000-775e14035000 rw-s 00000000 00:06 1158                       /dev/nvidiactl
775e14035000-775e14039000 rw-s 00000000 00:06 1158                       /dev/nvidiactl
775e14039000-775e14049000 rw-s 00000000 00:06 1159                       /dev/nvidia0
775e14049000-775e1404f000 r--p 00000000 103:06 7355313                   /usr/lib/x86_64-linux-gnu/libmvec.so.1
775e1404f000-775e14072000 r-xp 00006000 103:06 7355313                   /usr/lib/x86_64-linux-gnu/libmvec.so.1
775e14072000-775e14149000 r--p 00029000 103:06 7355313                   /usr/lib/x86_64-linux-gnu/libmvec.so.1
775e14149000-775e1414a000 r--p 00100000 103:06 7355313                   /usr/lib/x86_64-linux-gnu/libmvec.so.1
775e1414a000-775e1414b000 rw-p 00101000 103:06 7355313                   /usr/lib/x86_64-linux-gnu/libmvec.so.1
775e1414b000-775e1414d000 r--p 00000000 103:06 7372656                   /usr/lib/x86_64-linux-gnu/libogg.so.0.8.5
775e1414d000-775e14150000 r-xp 00002000 103:06 7372656                   /usr/lib/x86_64-linux-gnu/libogg.so.0.8.5
775e14150000-775e14153000 r--p 00005000 103:06 7372656                   /usr/lib/x86_64-linux-gnu/libogg.so.0.8.5
775e14153000-775e14154000 r--p 00007000 103:06 7372656                   /usr/lib/x86_64-linux-gnu/libogg.so.0.8.5
775e14154000-775e14155000 rw-p 00008000 103:06 7372656                   /usr/lib/x86_64-linux-gnu/libogg.so.0.8.5
775e14155000-775e14158000 r--p 00000000 103:06 7343122                   /usr/lib/x86_64-linux-gnu/libvorbis.so.0.4.9
775e14158000-775e14171000 r-xp 00003000 103:06 7343122                   /usr/lib/x86_64-linux-gnu/libvorbis.so.0.4.9
775e14171000-775e14183000 r--p 0001c000 103:06 7343122                   /usr/lib/x86_64-linux-gnu/libvorbis.so.0.4.9
775e14183000-775e14184000 r--p 0002e000 103:06 7343122                   /usr/lib/x86_64-linux-gnu/libvorbis.so.0.4.9
775e14184000-775e14185000 rw-p 0002f000 103:06 7343122                   /usr/lib/x86_64-linux-gnu/libvorbis.so.0.4.9
775e14185000-775e141ee000 rw-p 00000000 00:00 0 
775e141ee000-775e141f1000 rw-s 00000000 00:06 1158                       /dev/nvidiactl
775e141f1000-775e141f3000 r--p 00000000 103:06 7344699                   /usr/lib/x86_64-linux-gnu/libltdl.so.7.3.3
775e141f3000-775e141f8000 r-xp 00002000 103:06 7344699                   /usr/lib/x86_64-linux-gnu/libltdl.so.7.3.3
775e141f8000-775e141fb000 r--p 00007000 103:06 7344699                   /usr/lib/x86_64-linux-gnu/libltdl.so.7.3.3
775e141fb000-775e141fc000 r--p 0000a000 103:06 7344699                   /usr/lib/x86_64-linux-gnu/libltdl.so.7.3.3
775e141fc000-775e141fd000 rw-p 0000b000 103:06 7344699                   /usr/lib/x86_64-linux-gnu/libltdl.so.7.3.3
775e141fd000-775e14201000 r--p 00000000 103:06 7340852                   /usr/lib/x86_64-linux-gnu/libtdb.so.1.4.13
775e14201000-775e1420f000 r-xp 00004000 103:06 7340852                   /usr/lib/x86_64-linux-gnu/libtdb.so.1.4.13
775e1420f000-775e14214000 r--p 00012000 103:06 7340852                   /usr/lib/x86_64-linux-gnu/libtdb.so.1.4.13
775e14214000-775e14215000 r--p 00016000 103:06 7340852                   /usr/lib/x86_64-linux-gnu/libtdb.so.1.4.13
775e14215000-775e14216000 rw-p 00017000 103:06 7340852                   /usr/lib/x86_64-linux-gnu/libtdb.so.1.4.13
775e14216000-775e14219000 r--p 00000000 103:06 7350534                   /usr/lib/x86_64-linux-gnu/libcanberra.so.0.2.5
775e14219000-775e14223000 r-xp 00003000 103:06 7350534                   /usr/lib/x86_64-linux-gnu/libcanberra.so.0.2.5
775e14223000-775e14227000 r--p 0000d000 103:06 7350534                   /usr/lib/x86_64-linux-gnu/libcanberra.so.0.2.5
775e14227000-775e14228000 r--p 00011000 103:06 7350534                   /usr/lib/x86_64-linux-gnu/libcanberra.so.0.2.5
775e14228000-775e14229000 rw-p 00012000 103:06 7350534                   /usr/lib/x86_64-linux-gnu/libcanberra.so.0.2.5
775e14229000-775e1422a000 r--p 00000000 103:06 7348385                   /usr/lib/x86_64-linux-gnu/libX11-xcb.so.1.0.0
775e1422a000-775e1422b000 r-xp 00001000 103:06 7348385                   /usr/lib/x86_64-linux-gnu/libX11-xcb.so.1.0.0
775e1422b000-775e1422c000 r--p 00002000 103:06 7348385                   /usr/lib/x86_64-linux-gnu/libX11-xcb.so.1.0.0
775e1422c000-775e1422d000 r--p 00002000 103:06 7348385                   /usr/lib/x86_64-linux-gnu/libX11-xcb.so.1.0.0
775e1422d000-775e1422e000 rw-p 00003000 103:06 7348385                   /usr/lib/x86_64-linux-gnu/libX11-xcb.so.1.0.0
775e1422e000-775e14230000 r--p 00000000 103:06 7341014                   /usr/lib/x86_64-linux-gnu/libxcb-dri3.so.0.1.0
775e14230000-775e14232000 r-xp 00002000 103:06 7341014                   /usr/lib/x86_64-linux-gnu/libxcb-dri3.so.0.1.0
775e14232000-775e14234000 r--p 00004000 103:06 7341014                   /usr/lib/x86_64-linux-gnu/libxcb-dri3.so.0.1.0
775e14234000-775e14235000 r--p 00005000 103:06 7341014                   /usr/lib/x86_64-linux-gnu/libxcb-dri3.so.0.1.0
775e14235000-775e14236000 rw-p 00006000 103:06 7341014                   /usr/lib/x86_64-linux-gnu/libxcb-dri3.so.0.1.0
775e14236000-775e14237000 r--p 00000000 103:06 7360537                   /usr/lib/x86_64-linux-gnu/libnvidia-tls.so.590.48.01
775e14237000-775e14239000 r-xp 00001000 103:06 7360537                   /usr/lib/x86_64-linux-gnu/libnvidia-tls.so.590.48.01
775e14239000-775e1423a000 r--p 00003000 103:06 7360537                   /usr/lib/x86_64-linux-gnu/libnvidia-tls.so.590.48.01
775e1423a000-775e1423b000 r--p 00003000 103:06 7360537                   /usr/lib/x86_64-linux-gnu/libnvidia-tls.so.590.48.01
775e1423b000-775e1423c000 rw-p 00004000 103:06 7360537                   /usr/lib/x86_64-linux-gnu/libnvidia-tls.so.590.48.01
775e1423c000-775e1423f000 r--p 00000000 103:06 7471261                   /usr/lib/x86_64-linux-gnu/gtk-3.0/3.0.0/immodules/im-ibus.so
775e1423f000-775e14243000 r-xp 00003000 103:06 7471261                   /usr/lib/x86_64-linux-gnu/gtk-3.0/3.0.0/immodules/im-ibus.so
775e14243000-775e14245000 r--p 00007000 103:06 7471261                   /usr/lib/x86_64-linux-gnu/gtk-3.0/3.0.0/immodules/im-ibus.so
775e14245000-775e14246000 r--p 00009000 103:06 7471261                   /usr/lib/x86_64-linux-gnu/gtk-3.0/3.0.0/immodules/im-ibus.so
775e14246000-775e14247000 rw-p 0000a000 103:06 7471261                   /usr/lib/x86_64-linux-gnu/gtk-3.0/3.0.0/immodules/im-ibus.so
775e14247000-775e14288000 rw-p 00000000 00:00 0 
775e14289000-775e1428a000 r--p 00000000 103:06 44190740                  /home/elie-gambache/.jdks/jbrsdk_jcef-21.0.8-1/lib/libjawt.so
775e1428a000-775e1428b000 r-xp 00001000 103:06 44190740                  /home/elie-gambache/.jdks/jbrsdk_jcef-21.0.8-1/lib/libjawt.so
775e1428b000-775e1428c000 r--p 00002000 103:06 44190740                  /home/elie-gambache/.jdks/jbrsdk_jcef-21.0.8-1/lib/libjawt.so
775e1428c000-775e1428d000 r--p 00002000 103:06 44190740                  /home/elie-gambache/.jdks/jbrsdk_jcef-21.0.8-1/lib/libjawt.so
775e1428d000-775e1428e000 rw-p 00000000 00:00 0 
775e1428e000-775e14290000 r--p 00000000 103:06 7343120                   /usr/lib/x86_64-linux-gnu/libvorbisfile.so.3.3.8
775e14290000-775e14296000 r-xp 00002000 103:06 7343120                   /usr/lib/x86_64-linux-gnu/libvorbisfile.so.3.3.8
775e14296000-775e14298000 r--p 00008000 103:06 7343120                   /usr/lib/x86_64-linux-gnu/libvorbisfile.so.3.3.8
775e14298000-775e14299000 r--p 00009000 103:06 7343120                   /usr/lib/x86_64-linux-gnu/libvorbisfile.so.3.3.8
775e14299000-775e1429a000 rw-p 0000a000 103:06 7343120                   /usr/lib/x86_64-linux-gnu/libvorbisfile.so.3.3.8
775e1429a000-775e1429c000 r--p 00000000 103:06 7350536                   /usr/lib/x86_64-linux-gnu/libcanberra-gtk3.so.0.1.9
775e1429c000-775e1429e000 r-xp 00002000 103:06 7350536                   /usr/lib/x86_64-linux-gnu/libcanberra-gtk3.so.0.1.9
775e1429e000-775e1429f000 r--p 00004000 103:06 7350536                   /usr/lib/x86_64-linux-gnu/libcanberra-gtk3.so.0.1.9
775e1429f000-775e142a0000 r--p 00004000 103:06 7350536                   /usr/lib/x86_64-linux-gnu/libcanberra-gtk3.so.0.1.9
775e142a0000-775e142a1000 rw-p 00005000 103:06 7350536                   /usr/lib/x86_64-linux-gnu/libcanberra-gtk3.so.0.1.9
775e142a1000-775e142a3000 r--p 00000000 103:06 7472217                   /usr/lib/x86_64-linux-gnu/gtk-3.0/modules/libcanberra-gtk3-module.so
775e142a3000-775e142a6000 r-xp 00002000 103:06 7472217                   /usr/lib/x86_64-linux-gnu/gtk-3.0/modules/libcanberra-gtk3-module.so
775e142a6000-775e142a7000 r--p 00005000 103:06 7472217                   /usr/lib/x86_64-linux-gnu/gtk-3.0/modules/libcanberra-gtk3-module.so
775e142a7000-775e142a8000 r--p 00006000 103:06 7472217                   /usr/lib/x86_64-linux-gnu/gtk-3.0/modules/libcanberra-gtk3-module.so
775e142a8000-775e142a9000 rw-p 00007000 103:06 7472217                   /usr/lib/x86_64-linux-gnu/gtk-3.0/modules/libcanberra-gtk3-module.so
775e142a9000-775e142bc000 r--p 00000000 103:06 7349382                   /usr/lib/x86_64-linux-gnu/gvfs/libgvfscommon.so
775e142bc000-775e142d8000 r-xp 00013000 103:06 7349382                   /usr/lib/x86_64-linux-gnu/gvfs/libgvfscommon.so
775e142d8000-775e142e4000 r--p 0002f000 103:06 7349382                   /usr/lib/x86_64-linux-gnu/gvfs/libgvfscommon.so
775e142e4000-775e142ea000 r--p 0003a000 103:06 7349382                   /usr/lib/x86_64-linux-gnu/gvfs/libgvfscommon.so
775e142ea000-775e142eb000 rw-p 00040000 103:06 7349382                   /usr/lib/x86_64-linux-gnu/gvfs/libgvfscommon.so
775e142eb000-775e142f9000 r--s 00000000 103:06 34344044                  /var/cache/fontconfig/a4e60e8d1e10d2fdff3fe3037a1845fb-le64.cache-9
775e142f9000-775e14304000 r--p 00000000 103:06 7349377                   /usr/lib/x86_64-linux-gnu/gio/modules/libgvfsdbus.so
775e14304000-775e14322000 r-xp 0000b000 103:06 7349377                   /usr/lib/x86_64-linux-gnu/gio/modules/libgvfsdbus.so
775e14322000-775e1432a000 r--p 00029000 103:06 7349377                   /usr/lib/x86_64-linux-gnu/gio/modules/libgvfsdbus.so
775e1432a000-775e1432c000 r--p 00031000 103:06 7349377                   /usr/lib/x86_64-linux-gnu/gio/modules/libgvfsdbus.so
775e1432c000-775e1432d000 rw-p 00033000 103:06 7349377                   /usr/lib/x86_64-linux-gnu/gio/modules/libgvfsdbus.so
775e1432d000-775e1438b000 r--s 00000000 103:06 34345567                  /var/cache/fontconfig/2300eef321c393bfd76478a5c0e95b23-le64.cache-9
775e1438b000-775e1443f000 r--p 00000000 103:06 7770630                   /usr/share/themes/Yaru-blue-dark/gtk-3.0/gtk.gresource
775e1443f000-775e14464000 r--p 00000000 103:06 7735317                   /usr/share/locale-langpack/fr/LC_MESSAGES/glib20.mo
775e14464000-775e144d9000 r--s 00000000 103:06 34343686                  /var/cache/fontconfig/0bd3dc0958fa2205aaaa8ebb13e2872b-le64.cache-9
775e144d9000-775e144e1000 r--s 00000000 103:06 34345564                  /var/cache/fontconfig/3047814df9a2f067bd2d96a2b9c36e5a-le64.cache-9
775e144e1000-775e144f8000 r--s 00000000 103:06 34345563                  /var/cache/fontconfig/d52a8644073d54c13679302ca1180695-le64.cache-9
775e144f8000-775e14505000 r--s 00000000 103:06 34345560                  /var/cache/fontconfig/d589a48862398ed80a3d6066f4f56f4c-le64.cache-9
775e14505000-775e14515000 r--s 00000000 103:06 34345556                  /var/cache/fontconfig/6cc790b63b123a6a96ee260fcdad32a9-le64.cache-9
775e14515000-775e14526000 r--s 00000000 103:06 34345550                  /var/cache/fontconfig/9b89f8e3dae116d678bbf48e5f21f69b-le64.cache-9
775e14526000-775e14534000 r--s 00000000 103:06 34341322                  /var/cache/fontconfig/e13b20fdb08344e0e664864cc2ede53d-le64.cache-9
775e14534000-775e14547000 r--s 00000000 103:06 34342342                  /var/cache/fontconfig/7ef2298fde41cc6eeb7af42e48b7d293-le64.cache-9
775e14547000-775e15549000 rw-p 00000000 00:00 0 
775e15549000-775e15580000 r--p 00000000 103:06 7735455                   /usr/share/locale-langpack/fr/LC_MESSAGES/gtk30-properties.mo
775e15580000-775e15d81000 rw-p 00000000 00:00 0 
775e15d81000-775e15d82000 r--p 00000000 103:06 7346315                   /usr/lib/x86_64-linux-gnu/libgthread-2.0.so.0.8600.0
775e15d82000-775e15d83000 r-xp 00001000 103:06 7346315                   /usr/lib/x86_64-linux-gnu/libgthread-2.0.so.0.8600.0
775e15d83000-775e15d84000 r--p 00002000 103:06 7346315                   /usr/lib/x86_64-linux-gnu/libgthread-2.0.so.0.8600.0
775e15d84000-775e15d85000 r--p 00002000 103:06 7346315                   /usr/lib/x86_64-linux-gnu/libgthread-2.0.so.0.8600.0
775e15d85000-775e15d86000 rw-p 00003000 103:06 7346315                   /usr/lib/x86_64-linux-gnu/libgthread-2.0.so.0.8600.0
775e15d86000-775e15d89000 r--p 00000000 103:06 7343227                   /usr/lib/x86_64-linux-gnu/libcap.so.2.75
775e15d89000-775e15d8f000 r-xp 00003000 103:06 7343227                   /usr/lib/x86_64-linux-gnu/libcap.so.2.75
775e15d8f000-775e15d92000 r--p 00009000 103:06 7343227                   /usr/lib/x86_64-linux-gnu/libcap.so.2.75
775e15d92000-775e15d93000 r--p 0000c000 103:06 7343227                   /usr/lib/x86_64-linux-gnu/libcap.so.2.75
775e15d93000-775e15d94000 rw-p 0000d000 103:06 7343227                   /usr/lib/x86_64-linux-gnu/libcap.so.2.75
775e15d94000-775e15dae000 r--p 00000000 103:06 7342577                   /usr/lib/x86_64-linux-gnu/libsystemd.so.0.40.0
775e15dae000-775e15e60000 r-xp 0001a000 103:06 7342577                   /usr/lib/x86_64-linux-gnu/libsystemd.so.0.40.0
775e15e60000-775e15e96000 r--p 000cc000 103:06 7342577                   /usr/lib/x86_64-linux-gnu/libsystemd.so.0.40.0
775e15e96000-775e15ea2000 r--p 00102000 103:06 7342577                   /usr/lib/x86_64-linux-gnu/libsystemd.so.0.40.0
775e15ea2000-775e15ea3000 rw-p 0010e000 103:06 7342577                   /usr/lib/x86_64-linux-gnu/libsystemd.so.0.40.0
775e15ea3000-775e15ea4000 rw-p 00000000 00:00 0 
775e15ea4000-775e15eab000 r--p 00000000 103:06 7340126                   /usr/lib/x86_64-linux-gnu/libblkid.so.1.1.0
775e15eab000-775e15ed0000 r-xp 00007000 103:06 7340126                   /usr/lib/x86_64-linux-gnu/libblkid.so.1.1.0
775e15ed0000-775e15ed9000 r--p 0002c000 103:06 7340126                   /usr/lib/x86_64-linux-gnu/libblkid.so.1.1.0
775e15ed9000-775e15edf000 r--p 00034000 103:06 7340126                   /usr/lib/x86_64-linux-gnu/libblkid.so.1.1.0
775e15edf000-775e15ee0000 rw-p 0003a000 103:06 7340126                   /usr/lib/x86_64-linux-gnu/libblkid.so.1.1.0
775e15ee0000-775e15eec000 r--p 00000000 103:06 7340463                   /usr/lib/x86_64-linux-gnu/libdbus-1.so.3.38.3
775e15eec000-775e15f1d000 r-xp 0000c000 103:06 7340463                   /usr/lib/x86_64-linux-gnu/libdbus-1.so.3.38.3
775e15f1d000-775e15f2e000 r--p 0003d000 103:06 7340463                   /usr/lib/x86_64-linux-gnu/libdbus-1.so.3.38.3
775e15f2e000-775e15f2f000 r--p 0004d000 103:06 7340463                   /usr/lib/x86_64-linux-gnu/libdbus-1.so.3.38.3
775e15f2f000-775e15f30000 rw-p 0004e000 103:06 7340463                   /usr/lib/x86_64-linux-gnu/libdbus-1.so.3.38.3
775e15f30000-775e15f41000 r--p 00000000 103:06 7347205                   /usr/lib/x86_64-linux-gnu/libatspi.so.0.0.1
775e15f41000-775e15f5c000 r-xp 00011000 103:06 7347205                   /usr/lib/x86_64-linux-gnu/libatspi.so.0.0.1
775e15f5c000-775e15f69000 r--p 0002c000 103:06 7347205                   /usr/lib/x86_64-linux-gnu/libatspi.so.0.0.1
775e15f69000-775e15f6d000 r--p 00039000 103:06 7347205                   /usr/lib/x86_64-linux-gnu/libatspi.so.0.0.1
775e15f6d000-775e15f6e000 rw-p 0003d000 103:06 7347205                   /usr/lib/x86_64-linux-gnu/libatspi.so.0.0.1
775e15f6e000-775e15f72000 r--p 00000000 103:06 7346242                   /usr/lib/x86_64-linux-gnu/libjpeg.so.8.2.2
775e15f72000-775e15fc2000 r-xp 00004000 103:06 7346242                   /usr/lib/x86_64-linux-gnu/libjpeg.so.8.2.2
775e15fc2000-775e15ff2000 r--p 00054000 103:06 7346242                   /usr/lib/x86_64-linux-gnu/libjpeg.so.8.2.2
775e15ff2000-775e15ff3000 r--p 00084000 103:06 7346242                   /usr/lib/x86_64-linux-gnu/libjpeg.so.8.2.2
775e15ff3000-775e15ff4000 rw-p 00085000 103:06 7346242                   /usr/lib/x86_64-linux-gnu/libjpeg.so.8.2.2
775e15ff4000-775e15fff000 r--p 00000000 103:06 7372700                   /usr/lib/x86_64-linux-gnu/libpixman-1.so.0.44.0
775e15fff000-775e160f2000 r-xp 0000b000 103:06 7372700                   /usr/lib/x86_64-linux-gnu/libpixman-1.so.0.44.0
775e160f2000-775e16102000 r--p 000fe000 103:06 7372700                   /usr/lib/x86_64-linux-gnu/libpixman-1.so.0.44.0
775e16102000-775e1610a000 r--p 0010d000 103:06 7372700                   /usr/lib/x86_64-linux-gnu/libpixman-1.so.0.44.0
775e1610a000-775e1610b000 rw-p 00115000 103:06 7372700                   /usr/lib/x86_64-linux-gnu/libpixman-1.so.0.44.0
775e1610b000-775e16110000 r--p 00000000 103:06 7342716                   /usr/lib/x86_64-linux-gnu/libxcb-render.so.0.0.0
775e16110000-775e16115000 r-xp 00005000 103:06 7342716                   /usr/lib/x86_64-linux-gnu/libxcb-render.so.0.0.0
775e16115000-775e16119000 r--p 0000a000 103:06 7342716                   /usr/lib/x86_64-linux-gnu/libxcb-render.so.0.0.0
775e16119000-775e1611a000 r--p 0000e000 103:06 7342716                   /usr/lib/x86_64-linux-gnu/libxcb-render.so.0.0.0
775e1611a000-775e1611b000 rw-p 0000f000 103:06 7342716                   /usr/lib/x86_64-linux-gnu/libxcb-render.so.0.0.0
775e1611b000-775e1611e000 r--p 00000000 103:06 7372411                   /usr/lib/x86_64-linux-gnu/libgraphite2.so.3.2.1
775e1611e000-775e1613b000 r-xp 00003000 103:06 7372411                   /usr/lib/x86_64-linux-gnu/libgraphite2.so.3.2.1
775e1613b000-775e1613e000 r--p 00020000 103:06 7372411                   /usr/lib/x86_64-linux-gnu/libgraphite2.so.3.2.1
775e1613e000-775e16140000 r--p 00022000 103:06 7372411                   /usr/lib/x86_64-linux-gnu/libgraphite2.so.3.2.1
775e16140000-775e16141000 rw-p 00024000 103:06 7372411                   /usr/lib/x86_64-linux-gnu/libgraphite2.so.3.2.1
775e16141000-775e16143000 r--p 00000000 103:06 7372842                   /usr/lib/x86_64-linux-gnu/libthai.so.0.3.1
775e16143000-775e16147000 r-xp 00002000 103:06 7372842                   /usr/lib/x86_64-linux-gnu/libthai.so.0.3.1
775e16147000-775e1614a000 r--p 00006000 103:06 7372842                   /usr/lib/x86_64-linux-gnu/libthai.so.0.3.1
775e1614a000-775e1614b000 r--p 00008000 103:06 7372842                   /usr/lib/x86_64-linux-gnu/libthai.so.0.3.1
775e1614b000-775e1614c000 rw-p 00009000 103:06 7372842                   /usr/lib/x86_64-linux-gnu/libthai.so.0.3.1
775e1614c000-775e16153000 r--p 00000000 103:06 7343218                   /usr/lib/x86_64-linux-gnu/libselinux.so.1
775e16153000-775e16174000 r-xp 00007000 103:06 7343218                   /usr/lib/x86_64-linux-gnu/libselinux.so.1
775e16174000-775e1617f000 r--p 00028000 103:06 7343218                   /usr/lib/x86_64-linux-gnu/libselinux.so.1
775e1617f000-775e16180000 r--p 00032000 103:06 7343218                   /usr/lib/x86_64-linux-gnu/libselinux.so.1
775e16180000-775e16181000 rw-p 00033000 103:06 7343218                   /usr/lib/x86_64-linux-gnu/libselinux.so.1
775e16181000-775e16183000 rw-p 00000000 00:00 0 
775e16183000-775e16186000 r--p 00000000 103:06 7343212                   /usr/lib/x86_64-linux-gnu/libpcre2-8.so.0.14.0
775e16186000-775e16202000 r-xp 00003000 103:06 7343212                   /usr/lib/x86_64-linux-gnu/libpcre2-8.so.0.14.0
775e16202000-775e16230000 r--p 0007f000 103:06 7343212                   /usr/lib/x86_64-linux-gnu/libpcre2-8.so.0.14.0
775e16230000-775e16231000 r--p 000ac000 103:06 7343212                   /usr/lib/x86_64-linux-gnu/libpcre2-8.so.0.14.0
775e16231000-775e16232000 rw-p 000ad000 103:06 7343212                   /usr/lib/x86_64-linux-gnu/libpcre2-8.so.0.14.0
775e16232000-775e16292000 r--p 00000000 103:06 7372310                   /usr/lib/x86_64-linux-gnu/libepoxy.so.0.0.0
775e16292000-775e162fa000 r-xp 00060000 103:06 7372310                   /usr/lib/x86_64-linux-gnu/libepoxy.so.0.0.0
775e162fa000-775e16348000 r--p 000c8000 103:06 7372310                   /usr/lib/x86_64-linux-gnu/libepoxy.so.0.0.0
775e16348000-775e16350000 r--p 00115000 103:06 7372310                   /usr/lib/x86_64-linux-gnu/libepoxy.so.0.0.0
775e16350000-775e16357000 rw-p 0011d000 103:06 7372310                   /usr/lib/x86_64-linux-gnu/libepoxy.so.0.0.0
775e16357000-775e1636b000 r--p 00000000 103:06 7348157                   /usr/lib/x86_64-linux-gnu/libcairo.so.2.11804.4
775e1636b000-775e16462000 r-xp 00014000 103:06 7348157                   /usr/lib/x86_64-linux-gnu/libcairo.so.2.11804.4
775e16462000-775e164bc000 r--p 0010b000 103:06 7348157                   /usr/lib/x86_64-linux-gnu/libcairo.so.2.11804.4
775e164bc000-775e164c0000 r--p 00165000 103:06 7348157                   /usr/lib/x86_64-linux-gnu/libcairo.so.2.11804.4
775e164c0000-775e164c2000 rw-p 00169000 103:06 7348157                   /usr/lib/x86_64-linux-gnu/libcairo.so.2.11804.4
775e164c2000-775e164c3000 rw-p 00000000 00:00 0 
775e164c3000-775e164cf000 r--p 00000000 103:06 7372458                   /usr/lib/x86_64-linux-gnu/libharfbuzz.so.0.61020.0
775e164cf000-775e165cb000 r-xp 0000c000 103:06 7372458                   /usr/lib/x86_64-linux-gnu/libharfbuzz.so.0.61020.0
775e165cb000-775e165fe000 r--p 00108000 103:06 7372458                   /usr/lib/x86_64-linux-gnu/libharfbuzz.so.0.61020.0
775e165fe000-775e165ff000 r--p 0013b000 103:06 7372458                   /usr/lib/x86_64-linux-gnu/libharfbuzz.so.0.61020.0
775e165ff000-775e16600000 rw-p 0013c000 103:06 7372458                   /usr/lib/x86_64-linux-gnu/libharfbuzz.so.0.61020.0
775e16600000-775e17f48000 r-xp 00000000 103:06 39209582                  /home/elie-gambache/.skiko/1e2ea5fc551f41d82555f34878b5242bb855debcececa6b7ebdeaf0d153a0311/libskiko-linux-x64.so
775e17f48000-775e17f80000 r--p 01947000 103:06 39209582                  /home/elie-gambache/.skiko/1e2ea5fc551f41d82555f34878b5242bb855debcececa6b7ebdeaf0d153a0311/libskiko-linux-x64.so
775e17f80000-775e17f83000 rw-p 0197f000 103:06 39209582                  /home/elie-gambache/.skiko/1e2ea5fc551f41d82555f34878b5242bb855debcececa6b7ebdeaf0d153a0311/libskiko-linux-x64.so
775e17f83000-775e17f8c000 rw-p 00000000 00:00 0 
775e17f8c000-775e17f8e000 r--p 00000000 103:06 7344389                   /usr/lib/x86_64-linux-gnu/libdatrie.so.1.4.0
775e17f8e000-775e17f92000 r-xp 00002000 103:06 7344389                   /usr/lib/x86_64-linux-gnu/libdatrie.so.1.4.0
775e17f92000-775e17f93000 r--p 00006000 103:06 7344389                   /usr/lib/x86_64-linux-gnu/libdatrie.so.1.4.0
775e17f93000-775e17f94000 r--p 00006000 103:06 7344389                   /usr/lib/x86_64-linux-gnu/libdatrie.so.1.4.0
775e17f94000-775e17f95000 rw-p 00007000 103:06 7344389                   /usr/lib/x86_64-linux-gnu/libdatrie.so.1.4.0
775e17f95000-775e17f9f000 r--p 00000000 103:06 7340469                   /usr/lib/x86_64-linux-gnu/libmount.so.1.1.0
775e17f9f000-775e17fd7000 r-xp 0000a000 103:06 7340469                   /usr/lib/x86_64-linux-gnu/libmount.so.1.1.0
775e17fd7000-775e17fe5000 r--p 00042000 103:06 7340469                   /usr/lib/x86_64-linux-gnu/libmount.so.1.1.0
775e17fe5000-775e17fe7000 r--p 00050000 103:06 7340469                   /usr/lib/x86_64-linux-gnu/libmount.so.1.1.0
775e17fe7000-775e17fe8000 rw-p 00052000 103:06 7340469                   /usr/lib/x86_64-linux-gnu/libmount.so.1.1.0
775e17fe8000-775e17fea000 r--p 00000000 103:06 7347901                   /usr/lib/x86_64-linux-gnu/libatomic.so.1.2.0
775e17fea000-775e17fee000 r-xp 00002000 103:06 7347901                   /usr/lib/x86_64-linux-gnu/libatomic.so.1.2.0
775e17fee000-775e17ff0000 r--p 00006000 103:06 7347901                   /usr/lib/x86_64-linux-gnu/libatomic.so.1.2.0
775e17ff0000-775e17ff1000 r--p 00007000 103:06 7347901                   /usr/lib/x86_64-linux-gnu/libatomic.so.1.2.0
775e17ff1000-775e17ff2000 rw-p 00008000 103:06 7347901                   /usr/lib/x86_64-linux-gnu/libatomic.so.1.2.0
775e17ff2000-775e17ff3000 rw-p 00000000 00:00 0 
775e17ff3000-775e17ff5000 r--p 00000000 103:06 7372035                   /usr/lib/x86_64-linux-gnu/libXrandr.so.2.2.0
775e17ff5000-775e17ffc000 r-xp 00002000 103:06 7372035                   /usr/lib/x86_64-linux-gnu/libXrandr.so.2.2.0
775e17ffc000-775e17ffe000 r--p 00009000 103:06 7372035                   /usr/lib/x86_64-linux-gnu/libXrandr.so.2.2.0
775e17ffe000-775e17fff000 r--p 0000a000 103:06 7372035                   /usr/lib/x86_64-linux-gnu/libXrandr.so.2.2.0
775e17fff000-775e18000000 rw-p 0000b000 103:06 7372035                   /usr/lib/x86_64-linux-gnu/libXrandr.so.2.2.0
775e18000000-775e183eb000 rw-p 00000000 00:00 0 
775e183eb000-775e1c000000 ---p 00000000 00:00 0 
775e1c000000-775e1cd4f000 rw-p 00000000 00:00 0 
775e1cd4f000-775e20000000 ---p 00000000 00:00 0 
775e20000000-775e202e2000 rw-p 00000000 00:00 0 
775e202e2000-775e24000000 ---p 00000000 00:00 0 
775e24000000-775e24021000 rw-p 00000000 00:00 0 
775e24021000-775e28000000 ---p 00000000 00:00 0 
775e28000000-775e28021000 rw-p 00000000 00:00 0 
775e28021000-775e2c000000 ---p 00000000 00:00 0 
775e2c000000-775e2cece000 rw-p 00000000 00:00 0 
775e2cece000-775e30000000 ---p 00000000 00:00 0 
775e30000000-775e30021000 rw-p 00000000 00:00 0 
775e30021000-775e34000000 ---p 00000000 00:00 0 
775e34000000-775e34021000 rw-p 00000000 00:00 0 
775e34021000-775e38000000 ---p 00000000 00:00 0 
775e38000000-775e38021000 rw-p 00000000 00:00 0 
775e38021000-775e3c000000 ---p 00000000 00:00 0 
775e3c000000-775e3c021000 rw-p 00000000 00:00 0 
775e3c021000-775e40000000 ---p 00000000 00:00 0 
775e40000000-775e40021000 rw-p 00000000 00:00 0 
775e40021000-775e44000000 ---p 00000000 00:00 0 
775e44000000-775e44021000 rw-p 00000000 00:00 0 
775e44021000-775e48000000 ---p 00000000 00:00 0 
775e48000000-775e48400000 rw-p 00000000 00:00 0 
775e48400000-775e48500000 rw-p 00000000 00:00 0 
775e48500000-775e48600000 rw-p 00000000 00:00 0 
775e48600000-775e48b00000 rw-p 00000000 00:00 0 
775e48b00000-775e48c00000 rw-p 00000000 00:00 0 
775e48c00000-775e48d80000 rw-p 00000000 00:00 0 
775e48d80000-775e48e00000 rw-p 00000000 00:00 0 
775e48e00000-775e49100000 rw-p 00000000 00:00 0 
775e49100000-775e49200000 rw-p 00000000 00:00 0 
775e49200000-775e49900000 rw-p 00000000 00:00 0 
775e49900000-775e49a00000 rw-p 00000000 00:00 0 
775e49a00000-775e49b80000 rw-p 00000000 00:00 0 
775e49b80000-775e49be0000 rw-p 00000000 00:00 0 
775e49be0000-775e49c00000 ---p 00000000 00:00 0 
775e49c00000-775e49e50000 rw-p 00000000 00:00 0 
775e49e50000-775e4c000000 ---p 00000000 00:00 0 
775e4c000000-775e4c021000 rw-p 00000000 00:00 0 
775e4c021000-775e50000000 ---p 00000000 00:00 0 
775e50000000-775e50004000 r--s 00000000 103:06 34345532                  /var/cache/fontconfig/385c0604a188198f04d133e54aba7fe7-le64.cache-9
775e50004000-775e50005000 r--p 00000000 103:06 7348470                   /usr/lib/x86_64-linux-gnu/libxcb-shm.so.0.0.0
775e50005000-775e50006000 r-xp 00001000 103:06 7348470                   /usr/lib/x86_64-linux-gnu/libxcb-shm.so.0.0.0
775e50006000-775e50007000 r--p 00002000 103:06 7348470                   /usr/lib/x86_64-linux-gnu/libxcb-shm.so.0.0.0
775e50007000-775e50008000 r--p 00002000 103:06 7348470                   /usr/lib/x86_64-linux-gnu/libxcb-shm.so.0.0.0
775e50008000-775e50009000 rw-p 00003000 103:06 7348470                   /usr/lib/x86_64-linux-gnu/libxcb-shm.so.0.0.0
775e50009000-775e5000a000 r--p 00000000 103:06 7372022                   /usr/lib/x86_64-linux-gnu/libXcomposite.so.1.0.0
775e5000a000-775e5000b000 r-xp 00001000 103:06 7372022                   /usr/lib/x86_64-linux-gnu/libXcomposite.so.1.0.0
775e5000b000-775e5000c000 r--p 00002000 103:06 7372022                   /usr/lib/x86_64-linux-gnu/libXcomposite.so.1.0.0
775e5000c000-775e5000d000 r--p 00002000 103:06 7372022                   /usr/lib/x86_64-linux-gnu/libXcomposite.so.1.0.0
775e5000d000-775e5000e000 rw-p 00003000 103:06 7372022                   /usr/lib/x86_64-linux-gnu/libXcomposite.so.1.0.0
775e5000e000-775e5000f000 r--p 00000000 103:06 7372024                   /usr/lib/x86_64-linux-gnu/libXdamage.so.1.1.0
775e5000f000-775e50010000 r-xp 00001000 103:06 7372024                   /usr/lib/x86_64-linux-gnu/libXdamage.so.1.1.0
775e50010000-775e50011000 r--p 00002000 103:06 7372024                   /usr/lib/x86_64-linux-gnu/libXdamage.so.1.1.0
775e50011000-775e50012000 r--p 00002000 103:06 7372024                   /usr/lib/x86_64-linux-gnu/libXdamage.so.1.1.0
775e50012000-775e50013000 rw-p 00003000 103:06 7372024                   /usr/lib/x86_64-linux-gnu/libXdamage.so.1.1.0
775e50013000-775e50014000 r--p 00000000 103:06 7348911                   /usr/lib/x86_64-linux-gnu/libwayland-egl.so.1.24.0
775e50014000-775e50015000 r-xp 00001000 103:06 7348911                   /usr/lib/x86_64-linux-gnu/libwayland-egl.so.1.24.0
775e50015000-775e50016000 r--p 00002000 103:06 7348911                   /usr/lib/x86_64-linux-gnu/libwayland-egl.so.1.24.0
775e50016000-775e50017000 r--p 00002000 103:06 7348911                   /usr/lib/x86_64-linux-gnu/libwayland-egl.so.1.24.0
775e50017000-775e50018000 rw-p 00003000 103:06 7348911                   /usr/lib/x86_64-linux-gnu/libwayland-egl.so.1.24.0
775e50018000-775e5001a000 r--p 00000000 103:06 7348908                   /usr/lib/x86_64-linux-gnu/libwayland-cursor.so.0.24.0
775e5001a000-775e5001c000 r-xp 00002000 103:06 7348908                   /usr/lib/x86_64-linux-gnu/libwayland-cursor.so.0.24.0
775e5001c000-775e5001d000 r--p 00004000 103:06 7348908                   /usr/lib/x86_64-linux-gnu/libwayland-cursor.so.0.24.0
775e5001d000-775e5001e000 r--p 00004000 103:06 7348908                   /usr/lib/x86_64-linux-gnu/libwayland-cursor.so.0.24.0
775e5001e000-775e50022000 rw-p 00005000 103:06 7348908                   /usr/lib/x86_64-linux-gnu/libwayland-cursor.so.0.24.0
775e50022000-775e50027000 r--p 00000000 103:06 7348284                   /usr/lib/x86_64-linux-gnu/libxkbcommon.so.0.0.0
775e50027000-775e50049000 r-xp 00005000 103:06 7348284                   /usr/lib/x86_64-linux-gnu/libxkbcommon.so.0.0.0
775e50049000-775e5006d000 r--p 00027000 103:06 7348284                   /usr/lib/x86_64-linux-gnu/libxkbcommon.so.0.0.0
775e5006d000-775e5006f000 r--p 0004a000 103:06 7348284                   /usr/lib/x86_64-linux-gnu/libxkbcommon.so.0.0.0
775e5006f000-775e50070000 rw-p 0004c000 103:06 7348284                   /usr/lib/x86_64-linux-gnu/libxkbcommon.so.0.0.0
775e50070000-775e5007c000 r--p 00000000 103:06 7347192                   /usr/lib/x86_64-linux-gnu/libatk-bridge-2.0.so.0.0.0
775e5007c000-775e50097000 r-xp 0000c000 103:06 7347192                   /usr/lib/x86_64-linux-gnu/libatk-bridge-2.0.so.0.0.0
775e50097000-775e500ab000 r--p 00027000 103:06 7347192                   /usr/lib/x86_64-linux-gnu/libatk-bridge-2.0.so.0.0.0
775e500ab000-775e500ac000 r--p 0003b000 103:06 7347192                   /usr/lib/x86_64-linux-gnu/libatk-bridge-2.0.so.0.0.0
775e500ac000-775e500ae000 rw-p 0003c000 103:06 7347192                   /usr/lib/x86_64-linux-gnu/libatk-bridge-2.0.so.0.0.0
775e500ae000-775e500b9000 r--p 00000000 103:06 7347195                   /usr/lib/x86_64-linux-gnu/libatk-1.0.so.0.25710.1
775e500b9000-775e500c9000 r-xp 0000b000 103:06 7347195                   /usr/lib/x86_64-linux-gnu/libatk-1.0.so.0.25710.1
775e500c9000-775e500d4000 r--p 0001b000 103:06 7347195                   /usr/lib/x86_64-linux-gnu/libatk-1.0.so.0.25710.1
775e500d4000-775e500d7000 r--p 00026000 103:06 7347195                   /usr/lib/x86_64-linux-gnu/libatk-1.0.so.0.25710.1
775e500d7000-775e500d8000 rw-p 00029000 103:06 7347195                   /usr/lib/x86_64-linux-gnu/libatk-1.0.so.0.25710.1
775e500d8000-775e500e0000 r--p 00000000 103:06 7379479                   /usr/lib/x86_64-linux-gnu/libgdk_pixbuf-2.0.so.0.4200.12
775e500e0000-775e500fc000 r-xp 00008000 103:06 7379479                   /usr/lib/x86_64-linux-gnu/libgdk_pixbuf-2.0.so.0.4200.12
775e500fc000-775e50105000 r--p 00024000 103:06 7379479                   /usr/lib/x86_64-linux-gnu/libgdk_pixbuf-2.0.so.0.4200.12
775e50105000-775e50106000 r--p 0002d000 103:06 7379479                   /usr/lib/x86_64-linux-gnu/libgdk_pixbuf-2.0.so.0.4200.12
775e50106000-775e50107000 rw-p 0002e000 103:06 7379479                   /usr/lib/x86_64-linux-gnu/libgdk_pixbuf-2.0.so.0.4200.12
775e50107000-775e5010b000 r--p 00000000 103:06 7348155                   /usr/lib/x86_64-linux-gnu/libcairo-gobject.so.2.11804.4
775e5010b000-775e5010d000 r-xp 00004000 103:06 7348155                   /usr/lib/x86_64-linux-gnu/libcairo-gobject.so.2.11804.4
775e5010d000-775e50110000 r--p 00006000 103:06 7348155                   /usr/lib/x86_64-linux-gnu/libcairo-gobject.so.2.11804.4
775e50110000-775e50112000 r--p 00008000 103:06 7348155                   /usr/lib/x86_64-linux-gnu/libcairo-gobject.so.2.11804.4
775e50112000-775e50113000 rw-p 0000a000 103:06 7348155                   /usr/lib/x86_64-linux-gnu/libcairo-gobject.so.2.11804.4
775e50113000-775e50115000 r--p 00000000 103:06 7372349                   /usr/lib/x86_64-linux-gnu/libfribidi.so.0.4.0
775e50115000-775e50119000 r-xp 00002000 103:06 7372349                   /usr/lib/x86_64-linux-gnu/libfribidi.so.0.4.0
775e50119000-775e50130000 r--p 00006000 103:06 7372349                   /usr/lib/x86_64-linux-gnu/libfribidi.so.0.4.0
775e50130000-775e50131000 r--p 0001c000 103:06 7372349                   /usr/lib/x86_64-linux-gnu/libfribidi.so.0.4.0
775e50131000-775e50132000 rw-p 0001d000 103:06 7372349                   /usr/lib/x86_64-linux-gnu/libfribidi.so.0.4.0
775e50132000-775e50145000 r--p 00000000 103:06 7340538                   /usr/lib/x86_64-linux-gnu/libpango-1.0.so.0.5600.3
775e50145000-775e50184000 r-xp 00013000 103:06 7340538                   /usr/lib/x86_64-linux-gnu/libpango-1.0.so.0.5600.3
775e50184000-775e501a5000 r--p 00052000 103:06 7340538                   /usr/lib/x86_64-linux-gnu/libpango-1.0.so.0.5600.3
775e501a5000-775e501a9000 r--p 00072000 103:06 7340538                   /usr/lib/x86_64-linux-gnu/libpango-1.0.so.0.5600.3
775e501a9000-775e501aa000 rw-p 00076000 103:06 7340538                   /usr/lib/x86_64-linux-gnu/libpango-1.0.so.0.5600.3
775e501aa000-775e501e7000 r--p 00000000 103:06 7346311                   /usr/lib/x86_64-linux-gnu/libgio-2.0.so.0.8600.0
775e501e7000-775e50305000 r-xp 0003d000 103:06 7346311                   /usr/lib/x86_64-linux-gnu/libgio-2.0.so.0.8600.0
775e50305000-775e5037a000 r--p 0015b000 103:06 7346311                   /usr/lib/x86_64-linux-gnu/libgio-2.0.so.0.8600.0
775e5037a000-775e50383000 r--p 001cf000 103:06 7346311                   /usr/lib/x86_64-linux-gnu/libgio-2.0.so.0.8600.0
775e50383000-775e50384000 rw-p 001d8000 103:06 7346311                   /usr/lib/x86_64-linux-gnu/libgio-2.0.so.0.8600.0
775e50384000-775e50386000 rw-p 00000000 00:00 0 
775e50386000-775e503a5000 r--p 00000000 103:06 7346312                   /usr/lib/x86_64-linux-gnu/libglib-2.0.so.0.8600.0
775e503a5000-775e5044b000 r-xp 0001f000 103:06 7346312                   /usr/lib/x86_64-linux-gnu/libglib-2.0.so.0.8600.0
775e5044b000-775e504db000 r--p 000c5000 103:06 7346312                   /usr/lib/x86_64-linux-gnu/libglib-2.0.so.0.8600.0
775e504db000-775e504dc000 r--p 00155000 103:06 7346312                   /usr/lib/x86_64-linux-gnu/libglib-2.0.so.0.8600.0
775e504dc000-775e504dd000 rw-p 00156000 103:06 7346312                   /usr/lib/x86_64-linux-gnu/libglib-2.0.so.0.8600.0
775e504dd000-775e504de000 rw-p 00000000 00:00 0 
775e504de000-775e5050c000 r--p 00000000 103:06 7348286                   /usr/lib/x86_64-linux-gnu/libgdk-3.so.0.2418.32
775e5050c000-775e50599000 r-xp 0002e000 103:06 7348286                   /usr/lib/x86_64-linux-gnu/libgdk-3.so.0.2418.32
775e50599000-775e505f4000 r--p 000bb000 103:06 7348286                   /usr/lib/x86_64-linux-gnu/libgdk-3.so.0.2418.32
775e505f4000-775e505fe000 r--p 00115000 103:06 7348286                   /usr/lib/x86_64-linux-gnu/libgdk-3.so.0.2418.32
775e505fe000-775e50600000 rw-p 0011f000 103:06 7348286                   /usr/lib/x86_64-linux-gnu/libgdk-3.so.0.2418.32
775e50600000-775e5068b000 r--p 00000000 103:06 7348288                   /usr/lib/x86_64-linux-gnu/libgtk-3.so.0.2418.32
775e5068b000-775e50a3f000 r-xp 0008b000 103:06 7348288                   /usr/lib/x86_64-linux-gnu/libgtk-3.so.0.2418.32
775e50a3f000-775e50d96000 r--p 0043f000 103:06 7348288                   /usr/lib/x86_64-linux-gnu/libgtk-3.so.0.2418.32
775e50d96000-775e50da8000 r--p 00795000 103:06 7348288                   /usr/lib/x86_64-linux-gnu/libgtk-3.so.0.2418.32
775e50da8000-775e50daa000 rw-p 007a7000 103:06 7348288                   /usr/lib/x86_64-linux-gnu/libgtk-3.so.0.2418.32
775e50daa000-775e50daf000 rw-p 00000000 00:00 0 
775e50daf000-775e50db7000 r--p 00000000 103:06 7348272                   /usr/lib/x86_64-linux-gnu/libpangoft2-1.0.so.0.5600.3
775e50db7000-775e50dc8000 r-xp 00008000 103:06 7348272                   /usr/lib/x86_64-linux-gnu/libpangoft2-1.0.so.0.5600.3
775e50dc8000-775e50dcf000 r--p 00019000 103:06 7348272                   /usr/lib/x86_64-linux-gnu/libpangoft2-1.0.so.0.5600.3
775e50dcf000-775e50dd0000 r--p 00020000 103:06 7348272                   /usr/lib/x86_64-linux-gnu/libpangoft2-1.0.so.0.5600.3
775e50dd0000-775e50dd1000 rw-p 00021000 103:06 7348272                   /usr/lib/x86_64-linux-gnu/libpangoft2-1.0.so.0.5600.3
775e50dd1000-775e50dd6000 r--p 00000000 103:06 7348270                   /usr/lib/x86_64-linux-gnu/libpangocairo-1.0.so.0.5600.3
775e50dd6000-775e50dde000 r-xp 00005000 103:06 7348270                   /usr/lib/x86_64-linux-gnu/libpangocairo-1.0.so.0.5600.3
775e50dde000-775e50de1000 r--p 0000d000 103:06 7348270                   /usr/lib/x86_64-linux-gnu/libpangocairo-1.0.so.0.5600.3
775e50de1000-775e50de2000 r--p 00010000 103:06 7348270                   /usr/lib/x86_64-linux-gnu/libpangocairo-1.0.so.0.5600.3
775e50de2000-775e50de3000 rw-p 00011000 103:06 7348270                   /usr/lib/x86_64-linux-gnu/libpangocairo-1.0.so.0.5600.3
775e50de3000-775e50df3000 r--p 00000000 103:06 7346314                   /usr/lib/x86_64-linux-gnu/libgobject-2.0.so.0.8600.0
775e50df3000-775e50e2a000 r-xp 00010000 103:06 7346314                   /usr/lib/x86_64-linux-gnu/libgobject-2.0.so.0.8600.0
775e50e2a000-775e50e42000 r--p 00047000 103:06 7346314                   /usr/lib/x86_64-linux-gnu/libgobject-2.0.so.0.8600.0
775e50e42000-775e50e45000 r--p 0005f000 103:06 7346314                   /usr/lib/x86_64-linux-gnu/libgobject-2.0.so.0.8600.0
775e50e45000-775e50e46000 rw-p 00062000 103:06 7346314                   /usr/lib/x86_64-linux-gnu/libgobject-2.0.so.0.8600.0
775e50e46000-775e50e48000 r--p 00000000 103:06 7346313                   /usr/lib/x86_64-linux-gnu/libgmodule-2.0.so.0.8600.0
775e50e48000-775e50e4a000 r-xp 00002000 103:06 7346313                   /usr/lib/x86_64-linux-gnu/libgmodule-2.0.so.0.8600.0
775e50e4a000-775e50e4b000 r--p 00004000 103:06 7346313                   /usr/lib/x86_64-linux-gnu/libgmodule-2.0.so.0.8600.0
775e50e4b000-775e50e4c000 r--p 00004000 103:06 7346313                   /usr/lib/x86_64-linux-gnu/libgmodule-2.0.so.0.8600.0
775e50e4c000-775e50e4d000 rw-p 00005000 103:06 7346313                   /usr/lib/x86_64-linux-gnu/libgmodule-2.0.so.0.8600.0
775e50e4d000-775e50e51000 ---p 00000000 00:00 0 
775e50e51000-775e50f4d000 rw-p 00000000 00:00 0 
775e50f4d000-775e50f51000 ---p 00000000 00:00 0 
775e50f51000-775e5104d000 rw-p 00000000 00:00 0 
775e5104d000-775e5104f000 r--p 00000000 103:06 7372027                   /usr/lib/x86_64-linux-gnu/libXfixes.so.3.1.0
775e5104f000-775e51052000 r-xp 00002000 103:06 7372027                   /usr/lib/x86_64-linux-gnu/libXfixes.so.3.1.0
775e51052000-775e51053000 r--p 00005000 103:06 7372027                   /usr/lib/x86_64-linux-gnu/libXfixes.so.3.1.0
775e51053000-775e51054000 r--p 00005000 103:06 7372027                   /usr/lib/x86_64-linux-gnu/libXfixes.so.3.1.0
775e51054000-775e51055000 rw-p 00006000 103:06 7372027                   /usr/lib/x86_64-linux-gnu/libXfixes.so.3.1.0
775e51055000-775e51058000 r--p 00000000 103:06 7372023                   /usr/lib/x86_64-linux-gnu/libXcursor.so.1.0.2
775e51058000-775e5105f000 r-xp 00003000 103:06 7372023                   /usr/lib/x86_64-linux-gnu/libXcursor.so.1.0.2
775e5105f000-775e51061000 r--p 0000a000 103:06 7372023                   /usr/lib/x86_64-linux-gnu/libXcursor.so.1.0.2
775e51061000-775e51062000 r--p 0000b000 103:06 7372023                   /usr/lib/x86_64-linux-gnu/libXcursor.so.1.0.2
775e51062000-775e51063000 rw-p 0000c000 103:06 7372023                   /usr/lib/x86_64-linux-gnu/libXcursor.so.1.0.2
775e51063000-775e51069000 r--p 00000000 103:06 44190685                  /home/elie-gambache/.jdks/jbrsdk_jcef-21.0.8-1/lib/libfontmanager.so
775e51069000-775e511c5000 r-xp 00006000 103:06 44190685                  /home/elie-gambache/.jdks/jbrsdk_jcef-21.0.8-1/lib/libfontmanager.so
775e511c5000-775e511ff000 r--p 00162000 103:06 44190685                  /home/elie-gambache/.jdks/jbrsdk_jcef-21.0.8-1/lib/libfontmanager.so
775e511ff000-775e51200000 ---p 0019c000 103:06 44190685                  /home/elie-gambache/.jdks/jbrsdk_jcef-21.0.8-1/lib/libfontmanager.so
775e51200000-775e51202000 r--p 0019c000 103:06 44190685                  /home/elie-gambache/.jdks/jbrsdk_jcef-21.0.8-1/lib/libfontmanager.so
775e51202000-775e51203000 rw-p 0019e000 103:06 44190685                  /home/elie-gambache/.jdks/jbrsdk_jcef-21.0.8-1/lib/libfontmanager.so
775e51203000-775e51204000 rw-p 00000000 00:00 0 
775e51204000-775e51206000 r--p 00000000 103:06 7348886                   /usr/lib/x86_64-linux-gnu/libffi.so.8.2.0
775e51206000-775e5120d000 r-xp 00002000 103:06 7348886                   /usr/lib/x86_64-linux-gnu/libffi.so.8.2.0
775e5120d000-775e5120f000 r--p 00009000 103:06 7348886                   /usr/lib/x86_64-linux-gnu/libffi.so.8.2.0
775e5120f000-775e51210000 r--p 0000a000 103:06 7348886                   /usr/lib/x86_64-linux-gnu/libffi.so.8.2.0
775e51210000-775e51211000 rw-p 0000b000 103:06 7348886                   /usr/lib/x86_64-linux-gnu/libffi.so.8.2.0
775e51211000-775e51217000 r--p 00000000 103:06 7348941                   /usr/lib/x86_64-linux-gnu/libwayland-client.so.0.24.0
775e51217000-775e5121e000 r-xp 00006000 103:06 7348941                   /usr/lib/x86_64-linux-gnu/libwayland-client.so.0.24.0
775e5121e000-775e51221000 r--p 0000d000 103:06 7348941                   /usr/lib/x86_64-linux-gnu/libwayland-client.so.0.24.0
775e51221000-775e51223000 r--p 00010000 103:06 7348941                   /usr/lib/x86_64-linux-gnu/libwayland-client.so.0.24.0
775e51223000-775e51224000 rw-p 00012000 103:06 7348941                   /usr/lib/x86_64-linux-gnu/libwayland-client.so.0.24.0
775e51224000-775e51227000 r--p 00000000 103:06 7372030                   /usr/lib/x86_64-linux-gnu/libXi.so.6.1.0
775e51227000-775e51233000 r-xp 00003000 103:06 7372030                   /usr/lib/x86_64-linux-gnu/libXi.so.6.1.0
775e51233000-775e51235000 r--p 0000f000 103:06 7372030                   /usr/lib/x86_64-linux-gnu/libXi.so.6.1.0
775e51235000-775e51236000 r--p 00011000 103:06 7372030                   /usr/lib/x86_64-linux-gnu/libXi.so.6.1.0
775e51236000-775e51237000 rw-p 00012000 103:06 7372030                   /usr/lib/x86_64-linux-gnu/libXi.so.6.1.0
775e51237000-775e51239000 r--p 00000000 103:06 7372039                   /usr/lib/x86_64-linux-gnu/libXtst.so.6.1.0
775e51239000-775e5123c000 r-xp 00002000 103:06 7372039                   /usr/lib/x86_64-linux-gnu/libXtst.so.6.1.0
775e5123c000-775e5123d000 r--p 00005000 103:06 7372039                   /usr/lib/x86_64-linux-gnu/libXtst.so.6.1.0
775e5123d000-775e5123e000 r--p 00005000 103:06 7372039                   /usr/lib/x86_64-linux-gnu/libXtst.so.6.1.0
775e5123e000-775e5123f000 rw-p 00006000 103:06 7372039                   /usr/lib/x86_64-linux-gnu/libXtst.so.6.1.0
775e5123f000-775e51241000 r--p 00000000 103:06 7347211                   /usr/lib/x86_64-linux-gnu/libXrender.so.1.3.0
775e51241000-775e51248000 r-xp 00002000 103:06 7347211                   /usr/lib/x86_64-linux-gnu/libXrender.so.1.3.0
775e51248000-775e51249000 r--p 00009000 103:06 7347211                   /usr/lib/x86_64-linux-gnu/libXrender.so.1.3.0
775e51249000-775e5124a000 r--p 00009000 103:06 7347211                   /usr/lib/x86_64-linux-gnu/libXrender.so.1.3.0
775e5124a000-775e5124b000 rw-p 0000a000 103:06 7347211                   /usr/lib/x86_64-linux-gnu/libXrender.so.1.3.0
775e5124b000-775e5124f000 r--p 00000000 103:06 7372026                   /usr/lib/x86_64-linux-gnu/libXext.so.6.4.0
775e5124f000-775e5125a000 r-xp 00004000 103:06 7372026                   /usr/lib/x86_64-linux-gnu/libXext.so.6.4.0
775e5125a000-775e5125d000 r--p 0000f000 103:06 7372026                   /usr/lib/x86_64-linux-gnu/libXext.so.6.4.0
775e5125d000-775e5125e000 r--p 00011000 103:06 7372026                   /usr/lib/x86_64-linux-gnu/libXext.so.6.4.0
775e5125e000-775e5125f000 rw-p 00012000 103:06 7372026                   /usr/lib/x86_64-linux-gnu/libXext.so.6.4.0
775e5125f000-775e51272000 r--p 00000000 103:06 44190719                  /home/elie-gambache/.jdks/jbrsdk_jcef-21.0.8-1/lib/libawt_xawt.so
775e51272000-775e512bd000 r-xp 00013000 103:06 44190719                  /home/elie-gambache/.jdks/jbrsdk_jcef-21.0.8-1/lib/libawt_xawt.so
775e512bd000-775e512d7000 r--p 0005e000 103:06 44190719                  /home/elie-gambache/.jdks/jbrsdk_jcef-21.0.8-1/lib/libawt_xawt.so
775e512d7000-775e512dd000 r--p 00077000 103:06 44190719                  /home/elie-gambache/.jdks/jbrsdk_jcef-21.0.8-1/lib/libawt_xawt.so
775e512dd000-775e512df000 rw-p 0007d000 103:06 44190719                  /home/elie-gambache/.jdks/jbrsdk_jcef-21.0.8-1/lib/libawt_xawt.so
775e512df000-775e512e1000 rw-p 00000000 00:00 0 
775e512e1000-775e51300000 r--p 00000000 103:06 44190682                  /home/elie-gambache/.jdks/jbrsdk_jcef-21.0.8-1/lib/libawt.so
775e51300000-775e513a0000 r-xp 0001f000 103:06 44190682                  /home/elie-gambache/.jdks/jbrsdk_jcef-21.0.8-1/lib/libawt.so
775e513a0000-775e513b9000 r--p 000bf000 103:06 44190682                  /home/elie-gambache/.jdks/jbrsdk_jcef-21.0.8-1/lib/libawt.so
775e513b9000-775e513ba000 r--p 000d7000 103:06 44190682                  /home/elie-gambache/.jdks/jbrsdk_jcef-21.0.8-1/lib/libawt.so
775e513ba000-775e513c8000 rw-p 000d8000 103:06 44190682                  /home/elie-gambache/.jdks/jbrsdk_jcef-21.0.8-1/lib/libawt.so
775e513c8000-775e513ec000 rw-p 00000000 00:00 0 
775e513ec000-775e513ed000 r--p 00000000 103:06 7348953                   /usr/lib/x86_64-linux-gnu/libbrotlicommon.so.1.1.0
775e513ed000-775e513ee000 r-xp 00001000 103:06 7348953                   /usr/lib/x86_64-linux-gnu/libbrotlicommon.so.1.1.0
775e513ee000-775e5140d000 r--p 00002000 103:06 7348953                   /usr/lib/x86_64-linux-gnu/libbrotlicommon.so.1.1.0
775e5140d000-775e5140e000 r--p 00021000 103:06 7348953                   /usr/lib/x86_64-linux-gnu/libbrotlicommon.so.1.1.0
775e5140e000-775e5140f000 rw-p 00022000 103:06 7348953                   /usr/lib/x86_64-linux-gnu/libbrotlicommon.so.1.1.0
775e5140f000-775e51414000 r--p 00000000 103:06 7343051                   /usr/lib/x86_64-linux-gnu/libpng16.so.16.50.0
775e51414000-775e5143e000 r-xp 00005000 103:06 7343051                   /usr/lib/x86_64-linux-gnu/libpng16.so.16.50.0
775e5143e000-775e51447000 r--p 0002f000 103:06 7343051                   /usr/lib/x86_64-linux-gnu/libpng16.so.16.50.0
775e51447000-775e51448000 r--p 00037000 103:06 7343051                   /usr/lib/x86_64-linux-gnu/libpng16.so.16.50.0
775e51448000-775e51449000 rw-p 00038000 103:06 7343051                   /usr/lib/x86_64-linux-gnu/libpng16.so.16.50.0
775e51449000-775e5144d000 r--p 00000000 103:06 7347893                   /usr/lib/x86_64-linux-gnu/libgcc_s.so.1
775e5144d000-775e51470000 r-xp 00004000 103:06 7347893                   /usr/lib/x86_64-linux-gnu/libgcc_s.so.1
775e51470000-775e51474000 r--p 00027000 103:06 7347893                   /usr/lib/x86_64-linux-gnu/libgcc_s.so.1
775e51474000-775e51475000 r--p 0002a000 103:06 7347893                   /usr/lib/x86_64-linux-gnu/libgcc_s.so.1
775e51475000-775e51476000 rw-p 0002b000 103:06 7347893                   /usr/lib/x86_64-linux-gnu/libgcc_s.so.1
775e51476000-775e51483000 r--p 00000000 103:06 7347213                   /usr/lib/x86_64-linux-gnu/libfreetype.so.6.20.2
775e51483000-775e51518000 r-xp 0000d000 103:06 7347213                   /usr/lib/x86_64-linux-gnu/libfreetype.so.6.20.2
775e51518000-775e5153e000 r--p 000a2000 103:06 7347213                   /usr/lib/x86_64-linux-gnu/libfreetype.so.6.20.2
775e5153e000-775e51546000 r--p 000c7000 103:06 7347213                   /usr/lib/x86_64-linux-gnu/libfreetype.so.6.20.2
775e51546000-775e51547000 rw-p 000cf000 103:06 7347213                   /usr/lib/x86_64-linux-gnu/libfreetype.so.6.20.2
775e51547000-775e51588000 r--p 00000000 103:06 7342277                   /usr/lib/x86_64-linux-gnu/libGLdispatch.so.0.0.0
775e51588000-775e5158b000 r-xp 00041000 103:06 7342277                   /usr/lib/x86_64-linux-gnu/libGLdispatch.so.0.0.0
775e5158b000-775e515c6000 r-xp 00044000 103:06 7342277                   /usr/lib/x86_64-linux-gnu/libGLdispatch.so.0.0.0
775e515c6000-775e515c7000 r-xp 0007f000 103:06 7342277                   /usr/lib/x86_64-linux-gnu/libGLdispatch.so.0.0.0
775e515c7000-775e515db000 r--p 00080000 103:06 7342277                   /usr/lib/x86_64-linux-gnu/libGLdispatch.so.0.0.0
775e515db000-775e515f7000 r--p 00094000 103:06 7342277                   /usr/lib/x86_64-linux-gnu/libGLdispatch.so.0.0.0
775e515f7000-775e515f8000 rw-p 000b0000 103:06 7342277                   /usr/lib/x86_64-linux-gnu/libGLdispatch.so.0.0.0
775e515f8000-775e51600000 rw-p 00000000 00:00 0 
775e51600000-775e516a2000 r--p 00000000 103:06 7347905                   /usr/lib/x86_64-linux-gnu/libstdc++.so.6.0.34
775e516a2000-775e517ef000 r-xp 000a2000 103:06 7347905                   /usr/lib/x86_64-linux-gnu/libstdc++.so.6.0.34
775e517ef000-775e51877000 r--p 001ef000 103:06 7347905                   /usr/lib/x86_64-linux-gnu/libstdc++.so.6.0.34
775e51877000-775e51886000 r--p 00276000 103:06 7347905                   /usr/lib/x86_64-linux-gnu/libstdc++.so.6.0.34
775e51886000-775e51889000 rw-p 00285000 103:06 7347905                   /usr/lib/x86_64-linux-gnu/libstdc++.so.6.0.34
775e51889000-775e5188d000 rw-p 00000000 00:00 0 
775e5188d000-775e5188f000 rw-s 00000000 00:01 12324                      /memfd:/.glXXXXXX (deleted)
775e5188f000-775e51890000 r--p 00000000 103:06 7348955                   /usr/lib/x86_64-linux-gnu/libbrotlidec.so.1.1.0
775e51890000-775e51898000 r-xp 00001000 103:06 7348955                   /usr/lib/x86_64-linux-gnu/libbrotlidec.so.1.1.0
775e51898000-775e5189b000 r--p 00009000 103:06 7348955                   /usr/lib/x86_64-linux-gnu/libbrotlidec.so.1.1.0
775e5189b000-775e5189c000 r--p 0000b000 103:06 7348955                   /usr/lib/x86_64-linux-gnu/libbrotlidec.so.1.1.0
775e5189c000-775e5189d000 rw-p 0000c000 103:06 7348955                   /usr/lib/x86_64-linux-gnu/libbrotlidec.so.1.1.0
775e5189d000-775e518a9000 r--p 00000000 103:06 7348367                   /usr/lib/x86_64-linux-gnu/libxcb.so.1.1.0
775e518a9000-775e518bd000 r-xp 0000c000 103:06 7348367                   /usr/lib/x86_64-linux-gnu/libxcb.so.1.1.0
775e518bd000-775e518cc000 r--p 00020000 103:06 7348367                   /usr/lib/x86_64-linux-gnu/libxcb.so.1.1.0
775e518cc000-775e518cd000 r--p 0002e000 103:06 7348367                   /usr/lib/x86_64-linux-gnu/libxcb.so.1.1.0
775e518cd000-775e518ce000 rw-p 0002f000 103:06 7348367                   /usr/lib/x86_64-linux-gnu/libxcb.so.1.1.0
775e518ce000-775e518d1000 r--p 00000000 103:06 7342261                   /usr/lib/x86_64-linux-gnu/libGLX.so.0.0.0
775e518d1000-775e518ec000 r-xp 00003000 103:06 7342261                   /usr/lib/x86_64-linux-gnu/libGLX.so.0.0.0
775e518ec000-775e518f0000 r--p 0001e000 103:06 7342261                   /usr/lib/x86_64-linux-gnu/libGLX.so.0.0.0
775e518f0000-775e518f1000 r--p 00022000 103:06 7342261                   /usr/lib/x86_64-linux-gnu/libGLX.so.0.0.0
775e518f1000-775e518f2000 rw-p 00023000 103:06 7342261                   /usr/lib/x86_64-linux-gnu/libGLX.so.0.0.0
775e518f2000-775e51902000 rw-p 00000000 00:00 0 
775e51902000-775e5190a000 r--p 00000000 103:06 7347222                   /usr/lib/x86_64-linux-gnu/libfontconfig.so.1.12.1
775e5190a000-775e5193a000 r-xp 00008000 103:06 7347222                   /usr/lib/x86_64-linux-gnu/libfontconfig.so.1.12.1
775e5193a000-775e51951000 r--p 00038000 103:06 7347222                   /usr/lib/x86_64-linux-gnu/libfontconfig.so.1.12.1
775e51951000-775e51953000 r--p 0004e000 103:06 7347222                   /usr/lib/x86_64-linux-gnu/libfontconfig.so.1.12.1
775e51953000-775e51954000 rw-p 00050000 103:06 7347222                   /usr/lib/x86_64-linux-gnu/libfontconfig.so.1.12.1
775e51954000-775e5196d000 r--p 00000000 103:06 7348383                   /usr/lib/x86_64-linux-gnu/libX11.so.6.4.0
775e5196d000-775e51a02000 r-xp 00019000 103:06 7348383                   /usr/lib/x86_64-linux-gnu/libX11.so.6.4.0
775e51a02000-775e51aa2000 r--p 000ae000 103:06 7348383                   /usr/lib/x86_64-linux-gnu/libX11.so.6.4.0
775e51aa2000-775e51aa3000 r--p 0014e000 103:06 7348383                   /usr/lib/x86_64-linux-gnu/libX11.so.6.4.0
775e51aa3000-775e51aa7000 rw-p 0014f000 103:06 7348383                   /usr/lib/x86_64-linux-gnu/libX11.so.6.4.0
775e51aa7000-775e51aea000 r--p 00000000 103:06 7348391                   /usr/lib/x86_64-linux-gnu/libGL.so.1.7.0
775e51aea000-775e51aed000 r-xp 00043000 103:06 7348391                   /usr/lib/x86_64-linux-gnu/libGL.so.1.7.0
775e51aed000-775e51b08000 r-xp 00046000 103:06 7348391                   /usr/lib/x86_64-linux-gnu/libGL.so.1.7.0
775e51b08000-775e51b09000 r-xp 00061000 103:06 7348391                   /usr/lib/x86_64-linux-gnu/libGL.so.1.7.0
775e51b09000-775e51b1f000 r--p 00062000 103:06 7348391                   /usr/lib/x86_64-linux-gnu/libGL.so.1.7.0
775e51b1f000-775e51b2d000 r--p 00077000 103:06 7348391                   /usr/lib/x86_64-linux-gnu/libGL.so.1.7.0
775e51b2d000-775e51b2e000 rw-p 00085000 103:06 7348391                   /usr/lib/x86_64-linux-gnu/libGL.so.1.7.0
775e51b2e000-775e51b2f000 rw-p 00000000 00:00 0 
775e51b2f000-775e51b33000 ---p 00000000 00:00 0 
775e51b33000-775e51c2f000 rw-p 00000000 00:00 0 
775e51c2f000-775e51c33000 ---p 00000000 00:00 0 
775e51c33000-775e51d2f000 rw-p 00000000 00:00 0 
775e51d2f000-775e51d33000 ---p 00000000 00:00 0 
775e51d33000-775e51e2f000 rw-p 00000000 00:00 0 
775e51e2f000-775e51e33000 ---p 00000000 00:00 0 
775e51e33000-775e51f2f000 rw-p 00000000 00:00 0 
775e51f2f000-775e51f34000 r--p 00000000 103:06 44190690                  /home/elie-gambache/.jdks/jbrsdk_jcef-21.0.8-1/lib/libjsvml.so
775e51f34000-775e51f75000 r-xp 00005000 103:06 44190690                  /home/elie-gambache/.jdks/jbrsdk_jcef-21.0.8-1/lib/libjsvml.so
775e51f75000-775e51ffe000 r--p 00046000 103:06 44190690                  /home/elie-gambache/.jdks/jbrsdk_jcef-21.0.8-1/lib/libjsvml.so
775e51ffe000-775e51fff000 r--p 000ce000 103:06 44190690                  /home/elie-gambache/.jdks/jbrsdk_jcef-21.0.8-1/lib/libjsvml.so
775e51fff000-775e52000000 rw-p 000cf000 103:06 44190690                  /home/elie-gambache/.jdks/jbrsdk_jcef-21.0.8-1/lib/libjsvml.so
775e52000000-775e53c84000 rw-p 00001000 103:06 44190815                  /home/elie-gambache/.jdks/jbrsdk_jcef-21.0.8-1/lib/server/classes.jsa
775e53c84000-775e54000000 ---p 00000000 00:00 0 
775e54000000-775e54040000 rw-p 00000000 00:00 0 
775e54040000-775e540c0000 rw-p 00000000 00:00 0 
775e540c0000-775e54100000 rw-p 00000000 00:00 0 
775e54100000-775e541e0000 rw-p 00000000 00:00 0 
775e541e0000-775e54200000 rw-p 00000000 00:00 0 
775e54200000-775e542f0000 rw-p 00000000 00:00 0 
775e542f0000-775e54300000 ---p 00000000 00:00 0 
775e54300000-775e543a0000 rw-p 00000000 00:00 0 
775e543a0000-775e94000000 ---p 00000000 00:00 0 
775e94000000-775e94021000 rw-p 00000000 00:00 0 
775e94021000-775e98000000 ---p 00000000 00:00 0 
775e98000000-775e98021000 rw-p 00000000 00:00 0 
775e98021000-775e9c000000 ---p 00000000 00:00 0 
775e9c000000-775e9c021000 rw-p 00000000 00:00 0 
775e9c021000-775ea0000000 ---p 00000000 00:00 0 
775ea0000000-775ea0021000 rw-p 00000000 00:00 0 
775ea0021000-775ea4000000 ---p 00000000 00:00 0 
775ea4000000-775ea4021000 rw-p 00000000 00:00 0 
775ea4021000-775ea8004000 ---p 00000000 00:00 0 
775ea8004000-775ea8100000 rw-p 00000000 00:00 0 
775ea8100000-775ea8104000 ---p 00000000 00:00 0 
775ea8104000-775ea8200000 rw-p 00000000 00:00 0 
775ea8200000-775ea8204000 ---p 00000000 00:00 0 
775ea8204000-775ea8300000 rw-p 00000000 00:00 0 
775ea8300000-775ea8304000 ---p 00000000 00:00 0 
775ea8304000-775ea8400000 rw-p 00000000 00:00 0 
775ea8400000-775ea8404000 ---p 00000000 00:00 0 
775ea8404000-775ea8500000 rw-p 00000000 00:00 0 
775ea8500000-775ea8504000 ---p 00000000 00:00 0 
775ea8504000-775ea8600000 rw-p 00000000 00:00 0 
775ea8600000-775ea8604000 ---p 00000000 00:00 0 
775ea8604000-775ea8700000 rw-p 00000000 00:00 0 
775ea8700000-775ea8704000 ---p 00000000 00:00 0 
775ea8704000-775ea8800000 rw-p 00000000 00:00 0 
775ea8800000-775ea8d69000 r--p 00000000 103:06 7341745                   /usr/lib/locale/locale-archive
775ea8d69000-775ea8d6d000 r--p 00000000 103:06 7342345                   /usr/lib/x86_64-linux-gnu/libexpat.so.1.10.2
775ea8d6d000-775ea8d8b000 r-xp 00004000 103:06 7342345                   /usr/lib/x86_64-linux-gnu/libexpat.so.1.10.2
775ea8d8b000-775ea8d93000 r--p 00022000 103:06 7342345                   /usr/lib/x86_64-linux-gnu/libexpat.so.1.10.2
775ea8d93000-775ea8d95000 r--p 0002a000 103:06 7342345                   /usr/lib/x86_64-linux-gnu/libexpat.so.1.10.2
775ea8d95000-775ea8d96000 rw-p 0002c000 103:06 7342345                   /usr/lib/x86_64-linux-gnu/libexpat.so.1.10.2
775ea8d96000-775ea8d98000 rw-s 00000000 00:06 1158                       /dev/nvidiactl
775ea8d98000-775ea8db4000 r--p 00000000 103:06 7735457                   /usr/share/locale-langpack/fr/LC_MESSAGES/gtk30.mo
775ea8db4000-775ea8dd9000 r--p 00000000 103:06 7764476                   /usr/share/locale-langpack/fr/LC_MESSAGES/libc.mo
775ea8dd9000-775ea8fdb000 rw-p 00000000 00:00 0 
775ea90f5000-775ea92f7000 rw-p 00000000 00:00 0 
775ea92f7000-775eabc00000 rw-p 00000000 00:00 0 
775eabc00000-775eabc01000 rw-s 00000000 00:06 1158                       /dev/nvidiactl
775eabc01000-775eabc02000 r--p 00000000 103:06 44190804                  /home/elie-gambache/.jdks/jbrsdk_jcef-21.0.8-1/lib/libfontmanager_xawt.so
775eabc02000-775eabc03000 r-xp 00001000 103:06 44190804                  /home/elie-gambache/.jdks/jbrsdk_jcef-21.0.8-1/lib/libfontmanager_xawt.so
775eabc03000-775eabc04000 r--p 00002000 103:06 44190804                  /home/elie-gambache/.jdks/jbrsdk_jcef-21.0.8-1/lib/libfontmanager_xawt.so
775eabc04000-775eabc05000 r--p 00002000 103:06 44190804                  /home/elie-gambache/.jdks/jbrsdk_jcef-21.0.8-1/lib/libfontmanager_xawt.so
775eabc05000-775eabc06000 rw-p 00000000 00:00 0 
775eabc06000-775eabc08000 r--p 00000000 103:06 7340062                   /usr/lib/x86_64-linux-gnu/libbz2.so.1.0.4
775eabc08000-775eabc17000 r-xp 00002000 103:06 7340062                   /usr/lib/x86_64-linux-gnu/libbz2.so.1.0.4
775eabc17000-775eabc19000 r--p 00011000 103:06 7340062                   /usr/lib/x86_64-linux-gnu/libbz2.so.1.0.4
775eabc19000-775eabc1a000 r--p 00012000 103:06 7340062                   /usr/lib/x86_64-linux-gnu/libbz2.so.1.0.4
775eabc1a000-775eabc1b000 rw-p 00013000 103:06 7340062                   /usr/lib/x86_64-linux-gnu/libbz2.so.1.0.4
775eabc1b000-775eabdfc000 rw-p 00000000 00:00 0 
775eabdfc000-775eac7fc000 ---p 00000000 00:00 0 
775eac7fc000-775eac81c000 rw-p 00000000 00:00 0 
775eac81c000-775eac87c000 ---p 00000000 00:00 0 
775eac87c000-775eac89c000 rw-p 00000000 00:00 0 
775eac89c000-775eb731c000 ---p 00000000 00:00 0 
775eb731c000-775eb7358000 rw-p 00000000 00:00 0 
775eb7358000-775eb7498000 ---p 00000000 00:00 0 
775eb7498000-775eb749c000 rw-p 00000000 00:00 0 
775eb749c000-775eb74a8000 ---p 00000000 00:00 0 
775eb74a8000-775eb74ac000 rw-p 00000000 00:00 0 
775eb74ac000-775eb89fc000 ---p 00000000 00:00 0 
775eb89fc000-775eb8a00000 rw-p 00000000 00:00 0 
775eb8a00000-775eb92e0000 rwxp 00000000 00:00 0 
775eb92e0000-775ebfe5f000 ---p 00000000 00:00 0 
775ebfe5f000-775ec02cf000 rwxp 00000000 00:00 0 
775ec02cf000-775ec05a0000 ---p 00000000 00:00 0 
775ec05a0000-775ec0810000 rwxp 00000000 00:00 0 
775ec0810000-775ec7a00000 ---p 00000000 00:00 0 
775ec7a00000-775ecbe6f000 r--s 00000000 103:06 44190705                  /home/elie-gambache/.jdks/jbrsdk_jcef-21.0.8-1/lib/modules
775ecbe6f000-775ecbe70000 rw-s 00000000 00:06 1159                       /dev/nvidia0
775ecbe70000-775ecbe71000 rw-s 00000000 00:06 1158                       /dev/nvidiactl
775ecbe71000-775ecbe72000 r--p 00000000 103:06 7372031                   /usr/lib/x86_64-linux-gnu/libXinerama.so.1.0.0
775ecbe72000-775ecbe73000 r-xp 00001000 103:06 7372031                   /usr/lib/x86_64-linux-gnu/libXinerama.so.1.0.0
775ecbe73000-775ecbe74000 r--p 00002000 103:06 7372031                   /usr/lib/x86_64-linux-gnu/libXinerama.so.1.0.0
775ecbe74000-775ecbe75000 r--p 00002000 103:06 7372031                   /usr/lib/x86_64-linux-gnu/libXinerama.so.1.0.0
775ecbe75000-775ecbe76000 rw-p 00003000 103:06 7372031                   /usr/lib/x86_64-linux-gnu/libXinerama.so.1.0.0
775ecbe76000-775ecbe78000 r--p 00000000 103:06 7348362                   /usr/lib/x86_64-linux-gnu/libXdmcp.so.6.0.0
775ecbe78000-775ecbe7a000 r-xp 00002000 103:06 7348362                   /usr/lib/x86_64-linux-gnu/libXdmcp.so.6.0.0
775ecbe7a000-775ecbe7c000 r--p 00004000 103:06 7348362                   /usr/lib/x86_64-linux-gnu/libXdmcp.so.6.0.0
775ecbe7c000-775ecbe7d000 r--p 00006000 103:06 7348362                   /usr/lib/x86_64-linux-gnu/libXdmcp.so.6.0.0
775ecbe7d000-775ecbe7e000 rw-p 00007000 103:06 7348362                   /usr/lib/x86_64-linux-gnu/libXdmcp.so.6.0.0
775ecbe7e000-775eccb73000 rw-p 00000000 00:00 0 
775eccb73000-775ed0000000 ---p 00000000 00:00 0 
775ed0000000-775ed0001000 rw-s 00000000 00:06 1158                       /dev/nvidiactl
775ed0001000-775ed0002000 r--s 00000000 00:06 1158                       /dev/nvidiactl
775ed0002000-775ed0004000 r--s 00000000 103:06 34343043                  /var/cache/fontconfig/246184dc75a16901ca37d96895904249-le64.cache-9
775ed0004000-775ed0005000 r--p 00000000 103:06 7348350                   /usr/lib/x86_64-linux-gnu/libXau.so.6.0.0
775ed0005000-775ed0007000 r-xp 00001000 103:06 7348350                   /usr/lib/x86_64-linux-gnu/libXau.so.6.0.0
775ed0007000-775ed0008000 r--p 00003000 103:06 7348350                   /usr/lib/x86_64-linux-gnu/libXau.so.6.0.0
775ed0008000-775ed0009000 r--p 00003000 103:06 7348350                   /usr/lib/x86_64-linux-gnu/libXau.so.6.0.0
775ed0009000-775ed000a000 rw-p 00004000 103:06 7348350                   /usr/lib/x86_64-linux-gnu/libXau.so.6.0.0
775ed000a000-775ed0011000 r--s 00000000 103:06 7355281                   /usr/lib/x86_64-linux-gnu/gconv/gconv-modules.cache
775ed0011000-775ed0013000 r--p 00000000 103:06 44190729                  /home/elie-gambache/.jdks/jbrsdk_jcef-21.0.8-1/lib/libzip.so
775ed0013000-775ed0017000 r-xp 00002000 103:06 44190729                  /home/elie-gambache/.jdks/jbrsdk_jcef-21.0.8-1/lib/libzip.so
775ed0017000-775ed0019000 r--p 00006000 103:06 44190729                  /home/elie-gambache/.jdks/jbrsdk_jcef-21.0.8-1/lib/libzip.so
775ed0019000-775ed001a000 r--p 00007000 103:06 44190729                  /home/elie-gambache/.jdks/jbrsdk_jcef-21.0.8-1/lib/libzip.so
775ed001a000-775ed001b000 rw-p 00000000 00:00 0 
775ed001b000-775ed0022000 r--p 00000000 103:06 44190742                  /home/elie-gambache/.jdks/jbrsdk_jcef-21.0.8-1/lib/libnio.so
775ed0022000-775ed002b000 r-xp 00007000 103:06 44190742                  /home/elie-gambache/.jdks/jbrsdk_jcef-21.0.8-1/lib/libnio.so
775ed002b000-775ed002f000 r--p 00010000 103:06 44190742                  /home/elie-gambache/.jdks/jbrsdk_jcef-21.0.8-1/lib/libnio.so
775ed002f000-775ed0030000 ---p 00014000 103:06 44190742                  /home/elie-gambache/.jdks/jbrsdk_jcef-21.0.8-1/lib/libnio.so
775ed0030000-775ed0031000 r--p 00014000 103:06 44190742                  /home/elie-gambache/.jdks/jbrsdk_jcef-21.0.8-1/lib/libnio.so
775ed0031000-775ed0032000 rw-p 00015000 103:06 44190742                  /home/elie-gambache/.jdks/jbrsdk_jcef-21.0.8-1/lib/libnio.so
775ed0032000-775ed0491000 rw-p 00000000 00:00 0 
775ed0491000-775ed0794000 rw-p 00000000 00:00 0 
775ed0794000-775ed086a000 rw-p 00000000 00:00 0 
775ed086a000-775ed09aa000 ---p 00000000 00:00 0 
775ed09aa000-775ed09ae000 rw-p 00000000 00:00 0 
775ed09ae000-775ed09ba000 ---p 00000000 00:00 0 
775ed09ba000-775ed09be000 rw-p 00000000 00:00 0 
775ed09be000-775ed1f0e000 ---p 00000000 00:00 0 
775ed1f0e000-775ed2e26000 rw-p 00000000 00:00 0 
775ed2e26000-775ed2f0a000 ---p 00000000 00:00 0 
775ed2f0a000-775ed2f1c000 rw-p 00000000 00:00 0 
775ed2f1c000-775ed2ff3000 ---p 00000000 00:00 0 
775ed2ff3000-775ed2ff7000 ---p 00000000 00:00 0 
775ed2ff7000-775ed30f3000 rw-p 00000000 00:00 0 
775ed30f3000-775ed3104000 r--p 00000000 103:06 7355309                   /usr/lib/x86_64-linux-gnu/libm.so.6
775ed3104000-775ed318f000 r-xp 00011000 103:06 7355309                   /usr/lib/x86_64-linux-gnu/libm.so.6
775ed318f000-775ed31fe000 r--p 0009c000 103:06 7355309                   /usr/lib/x86_64-linux-gnu/libm.so.6
775ed31fe000-775ed31ff000 r--p 0010a000 103:06 7355309                   /usr/lib/x86_64-linux-gnu/libm.so.6
775ed31ff000-775ed3200000 rw-p 0010b000 103:06 7355309                   /usr/lib/x86_64-linux-gnu/libm.so.6
775ed3200000-775ed34a4000 r--p 00000000 103:06 44190716                  /home/elie-gambache/.jdks/jbrsdk_jcef-21.0.8-1/lib/server/libjvm.so
775ed34a4000-775ed431e000 r-xp 002a4000 103:06 44190716                  /home/elie-gambache/.jdks/jbrsdk_jcef-21.0.8-1/lib/server/libjvm.so
775ed431e000-775ed4605000 r--p 0111e000 103:06 44190716                  /home/elie-gambache/.jdks/jbrsdk_jcef-21.0.8-1/lib/server/libjvm.so
775ed4605000-775ed46da000 r--p 01404000 103:06 44190716                  /home/elie-gambache/.jdks/jbrsdk_jcef-21.0.8-1/lib/server/libjvm.so
775ed46da000-775ed470a000 rw-p 014d9000 103:06 44190716                  /home/elie-gambache/.jdks/jbrsdk_jcef-21.0.8-1/lib/server/libjvm.so
775ed470a000-775ed4780000 rw-p 00000000 00:00 0 
775ed4780000-775ed4781000 r--s 00000000 103:06 34345561                  /var/cache/fontconfig/3f7329c5293ffd510edef78f73874cfd-le64.cache-9
775ed4781000-775ed4784000 r--p 00000000 103:06 44190745                  /home/elie-gambache/.jdks/jbrsdk_jcef-21.0.8-1/lib/libnet.so
775ed4784000-775ed478c000 r-xp 00003000 103:06 44190745                  /home/elie-gambache/.jdks/jbrsdk_jcef-21.0.8-1/lib/libnet.so
775ed478c000-775ed478e000 r--p 0000b000 103:06 44190745                  /home/elie-gambache/.jdks/jbrsdk_jcef-21.0.8-1/lib/libnet.so
775ed478e000-775ed478f000 ---p 0000d000 103:06 44190745                  /home/elie-gambache/.jdks/jbrsdk_jcef-21.0.8-1/lib/libnet.so
775ed478f000-775ed4790000 r--p 0000d000 103:06 44190745                  /home/elie-gambache/.jdks/jbrsdk_jcef-21.0.8-1/lib/libnet.so
775ed4790000-775ed4800000 rw-p 00000000 00:00 0 
775ed4800000-775ed4828000 r--p 00000000 103:06 7355303                   /usr/lib/x86_64-linux-gnu/libc.so.6
775ed4828000-775ed49c1000 r-xp 00028000 103:06 7355303                   /usr/lib/x86_64-linux-gnu/libc.so.6
775ed49c1000-775ed4a30000 r--p 001c1000 103:06 7355303                   /usr/lib/x86_64-linux-gnu/libc.so.6
775ed4a30000-775ed4a34000 r--p 0022f000 103:06 7355303                   /usr/lib/x86_64-linux-gnu/libc.so.6
775ed4a34000-775ed4a36000 rw-p 00233000 103:06 7355303                   /usr/lib/x86_64-linux-gnu/libc.so.6
775ed4a36000-775ed4a9f000 rw-p 00000000 00:00 0 
775ed4a9f000-775ed4aac000 r--p 00000000 103:06 44190683                  /home/elie-gambache/.jdks/jbrsdk_jcef-21.0.8-1/lib/libjava.so
775ed4aac000-775ed4aba000 r-xp 0000d000 103:06 44190683                  /home/elie-gambache/.jdks/jbrsdk_jcef-21.0.8-1/lib/libjava.so
775ed4aba000-775ed4abf000 r--p 0001b000 103:06 44190683                  /home/elie-gambache/.jdks/jbrsdk_jcef-21.0.8-1/lib/libjava.so
775ed4abf000-775ed4ac0000 ---p 00020000 103:06 44190683                  /home/elie-gambache/.jdks/jbrsdk_jcef-21.0.8-1/lib/libjava.so
775ed4ac0000-775ed4ac1000 r--p 00020000 103:06 44190683                  /home/elie-gambache/.jdks/jbrsdk_jcef-21.0.8-1/lib/libjava.so
775ed4ac1000-775ed4ac2000 rw-p 00021000 103:06 44190683                  /home/elie-gambache/.jdks/jbrsdk_jcef-21.0.8-1/lib/libjava.so
775ed4ac2000-775ed4ac3000 rw-p 00000000 00:00 0 
775ed4ac3000-775ed4ac6000 r--p 00000000 103:06 44190805                  /home/elie-gambache/.jdks/jbrsdk_jcef-21.0.8-1/lib/libjimage.so
775ed4ac6000-775ed4ada000 r-xp 00003000 103:06 44190805                  /home/elie-gambache/.jdks/jbrsdk_jcef-21.0.8-1/lib/libjimage.so
775ed4ada000-775ed4ae0000 r--p 00017000 103:06 44190805                  /home/elie-gambache/.jdks/jbrsdk_jcef-21.0.8-1/lib/libjimage.so
775ed4ae0000-775ed4ae1000 ---p 0001d000 103:06 44190805                  /home/elie-gambache/.jdks/jbrsdk_jcef-21.0.8-1/lib/libjimage.so
775ed4ae1000-775ed4ae3000 r--p 0001d000 103:06 44190805                  /home/elie-gambache/.jdks/jbrsdk_jcef-21.0.8-1/lib/libjimage.so
775ed4ae3000-775ed4ae4000 rw-p 0001f000 103:06 44190805                  /home/elie-gambache/.jdks/jbrsdk_jcef-21.0.8-1/lib/libjimage.so
775ed4ae4000-775ed4ae5000 r--p 00000000 103:06 7355331                   /usr/lib/x86_64-linux-gnu/librt.so.1
775ed4ae5000-775ed4ae6000 r-xp 00001000 103:06 7355331                   /usr/lib/x86_64-linux-gnu/librt.so.1
775ed4ae6000-775ed4ae7000 r--p 00002000 103:06 7355331                   /usr/lib/x86_64-linux-gnu/librt.so.1
775ed4ae7000-775ed4ae8000 r--p 00002000 103:06 7355331                   /usr/lib/x86_64-linux-gnu/librt.so.1
775ed4ae8000-775ed4ae9000 rw-p 00003000 103:06 7355331                   /usr/lib/x86_64-linux-gnu/librt.so.1
775ed4ae9000-775ed4aed000 rw-p 00000000 00:00 0 
775ed4aed000-775ed4aee000 r--p 00000000 103:06 7355307                   /usr/lib/x86_64-linux-gnu/libdl.so.2
775ed4aee000-775ed4aef000 r-xp 00001000 103:06 7355307                   /usr/lib/x86_64-linux-gnu/libdl.so.2
775ed4aef000-775ed4af0000 r--p 00002000 103:06 7355307                   /usr/lib/x86_64-linux-gnu/libdl.so.2
775ed4af0000-775ed4af1000 r--p 00002000 103:06 7355307                   /usr/lib/x86_64-linux-gnu/libdl.so.2
775ed4af1000-775ed4af2000 rw-p 00003000 103:06 7355307                   /usr/lib/x86_64-linux-gnu/libdl.so.2
775ed4af2000-775ed4af3000 r--p 00000000 103:06 7355327                   /usr/lib/x86_64-linux-gnu/libpthread.so.0
775ed4af3000-775ed4af4000 r-xp 00001000 103:06 7355327                   /usr/lib/x86_64-linux-gnu/libpthread.so.0
775ed4af4000-775ed4af5000 r--p 00002000 103:06 7355327                   /usr/lib/x86_64-linux-gnu/libpthread.so.0
775ed4af5000-775ed4af6000 r--p 00002000 103:06 7355327                   /usr/lib/x86_64-linux-gnu/libpthread.so.0
775ed4af6000-775ed4af7000 rw-p 00003000 103:06 7355327                   /usr/lib/x86_64-linux-gnu/libpthread.so.0
775ed4af7000-775ed4af9000 r--p 00000000 103:06 44190714                  /home/elie-gambache/.jdks/jbrsdk_jcef-21.0.8-1/lib/libjli.so
775ed4af9000-775ed4b03000 r-xp 00002000 103:06 44190714                  /home/elie-gambache/.jdks/jbrsdk_jcef-21.0.8-1/lib/libjli.so
775ed4b03000-775ed4b06000 r--p 0000c000 103:06 44190714                  /home/elie-gambache/.jdks/jbrsdk_jcef-21.0.8-1/lib/libjli.so
775ed4b06000-775ed4b07000 ---p 0000f000 103:06 44190714                  /home/elie-gambache/.jdks/jbrsdk_jcef-21.0.8-1/lib/libjli.so
775ed4b07000-775ed4b08000 r--p 0000f000 103:06 44190714                  /home/elie-gambache/.jdks/jbrsdk_jcef-21.0.8-1/lib/libjli.so
775ed4b08000-775ed4b09000 rw-p 00010000 103:06 44190714                  /home/elie-gambache/.jdks/jbrsdk_jcef-21.0.8-1/lib/libjli.so
775ed4b09000-775ed4b0c000 r--p 00000000 103:06 7348924                   /usr/lib/x86_64-linux-gnu/libz.so.1.3.1
775ed4b0c000-775ed4b1f000 r-xp 00003000 103:06 7348924                   /usr/lib/x86_64-linux-gnu/libz.so.1.3.1
775ed4b1f000-775ed4b27000 r--p 00016000 103:06 7348924                   /usr/lib/x86_64-linux-gnu/libz.so.1.3.1
775ed4b27000-775ed4b28000 r--p 0001d000 103:06 7348924                   /usr/lib/x86_64-linux-gnu/libz.so.1.3.1
775ed4b28000-775ed4b29000 rw-p 0001e000 103:06 7348924                   /usr/lib/x86_64-linux-gnu/libz.so.1.3.1
775ed4b29000-775ed4b2a000 r--p 00000000 103:06 7758524                   /usr/share/locale-langpack/he/LC_MESSAGES/at-spi2-core.mo
775ed4b2a000-775ed4b2b000 r--p 00000000 103:06 7758317                   /usr/share/locale-langpack/fr/LC_MESSAGES/at-spi2-core.mo
775ed4b2b000-775ed4b2c000 rw-p 00000000 00:00 0 
775ed4b2c000-775ed4b2d000 rw-p 00000000 00:00 0 
775ed4b2d000-775ed4b36000 rw-p 00000000 00:00 0 
775ed4b36000-775ed4b3c000 ---p 00000000 00:00 0 
775ed4b3c000-775ed4b44000 rw-s 00000000 00:31 1634                       /tmp/hsperfdata_elie-gambache/38401
775ed4b44000-775ed4b45000 ---p 00000000 00:00 0 
775ed4b45000-775ed4b46000 r--p 00000000 00:00 0 
775ed4b46000-775ed4b47000 ---p 00000000 00:00 0 
775ed4b47000-775ed4b49000 rw-p 00000000 00:00 0 
775ed4b49000-775ed4b4d000 r--p 00000000 00:00 0                          [vvar]
775ed4b4d000-775ed4b4f000 r--p 00000000 00:00 0                          [vvar_vclock]
775ed4b4f000-775ed4b51000 r-xp 00000000 00:00 0                          [vdso]
775ed4b51000-775ed4b52000 r--p 00000000 103:06 7355297                   /usr/lib/x86_64-linux-gnu/ld-linux-x86-64.so.2
775ed4b52000-775ed4b80000 r-xp 00001000 103:06 7355297                   /usr/lib/x86_64-linux-gnu/ld-linux-x86-64.so.2
775ed4b80000-775ed4b8e000 r--p 0002f000 103:06 7355297                   /usr/lib/x86_64-linux-gnu/ld-linux-x86-64.so.2
775ed4b8e000-775ed4b90000 r--p 0003d000 103:06 7355297                   /usr/lib/x86_64-linux-gnu/ld-linux-x86-64.so.2
775ed4b90000-775ed4b91000 rw-p 0003f000 103:06 7355297                   /usr/lib/x86_64-linux-gnu/ld-linux-x86-64.so.2
775ed4b91000-775ed4b92000 rw-p 00000000 00:00 0 
7ffe771a4000-7ffe771c8000 rw-p 00000000 00:00 0                          [stack]
ffffffffff600000-ffffffffff601000 --xp 00000000 00:00 0                  [vsyscall]
Total number of mappings: 960

JVMTI agents: none


VM Arguments:
jvm_args: -Dcompose.application.configure.swing.globals=true -Dcompose.application.resources.dir=/home/elie-gambache/IdeaProjects/pdf/composeApp/build/compose/tmp/prepareAppResources -Dfile.encoding=UTF-8 -Duser.country=FR -Duser.language=fr -Duser.variant -Dawt.toolkit.name=XToolkit 
java_command: dev.nucleusframework.pdf.MainKt
java_class_path (initial): /home/elie-gambache/IdeaProjects/pdf/composeApp/build/libs/composeApp-jvm.jar:/home/elie-gambache/IdeaProjects/pdf/pdfium/build/libs/pdfium-jvm-0.1.0.jar:/home/elie-gambache/.gradle/caches/modules-2/files-2.1/org.jetbrains.compose.material3/material3-desktop/1.10.0-alpha05/ebcf3065e9f7d408f8be2854b6542fb1dd51356f/material3-desktop-1.10.0-alpha05.jar:/home/elie-gambache/.gradle/caches/modules-2/files-2.1/org.jetbrains.compose.components/components-resources-desktop/1.10.3/c6115b607f77e9d033de360f989850d3824bf112/library-desktop-1.10.3.jar:/home/elie-gambache/.gradle/caches/modules-2/files-2.1/org.jetbrains.compose.desktop/desktop-jvm/1.10.3/42facd9840309ac4eb841a986c5d1b97d2780471/desktop-jvm-1.10.3.jar:/home/elie-gambache/.gradle/caches/modules-2/files-2.1/org.jetbrains.compose.material/material-desktop/1.10.3/63e1c3c6705d111bf84e41110e7729df5b85163e/material-desktop-1.10.3.jar:/home/elie-gambache/.gradle/caches/modules-2/files-2.1/org.jetbrains.compose.material/material-ripple-desktop/1.10.3/74a14824f086339703264689c5a7cf4ceb39ed40/material-ripple-desktop-1.10.3.jar:/home/elie-gambache/.gradle/caches/modules-2/files-2.1/org.jetbrains.compose.foundation/foundation-desktop/1.10.3/d9ba57abee3527886ea640d3b390a70ba9e28af/foundation-desktop-1.10.3.jar:/home/elie-gambache/.gradle/caches/modules-2/files-2.1/org.jetbrains.androidx.lifecycle/lifecycle-viewmodel-compose-desktop/2.10.0/a59cd3cec34b5b7519ca3245b0d160dfd12a5891/lifecycle-viewmodel-compose-desktop-2.10.0.jar:/home/elie-gambache/.gradle/caches/modules-2/files-2.1/io.github.vinceglb/filekit-dialogs-compose-jvm/0.13.0/f66b678d40c57c60b96d565155471749451048ca/filekit-dialogs-compose-jvm.jar:/home/elie-gambache/.gradle/caches/modules-2/files-2.1/org.jetbrains.compose.animation/animation-desktop/1.10.3/52a17b8bd5f608cdb60f01c64eee2830b8484ca7/animation-desktop-1.10.3.jar:/home/elie-gambache/.gradle/caches/modules-2/files-2.1/org.jetbrains.compose.foundation/foundation-layout-desktop/1.10.3/149192cb271d4c11905104b9180d5d648b3591f2/foundation-layout-desktop-1.10.3.jar:/home/elie-gambache/.gradle/caches/modules-2/files-2.1/org.jetbrains.compose.animation/animation-core-desktop/1.10.3/5dd98c5745e548644b7657901bbcc4c2c8f9ec59/animation-core-desktop-1.10.3.jar:/home/elie-gambache/.gradle/caches/modules-2/files-2.1/org.jetbrains.compose.ui/ui-desktop/1.10.3/73a6b1e10434fb11bae82daa68c205c71af03c55/ui-desktop-1.10.3.jar:/home/elie-gambache/.gradle/caches/modules-2/files-2.1/io.github.vinceglb/filekit-dialogs-jvm/0.13.0/7acfe4d2fb2b13d45e7b8f742260b63140c2703c/filekit-dialogs-jvm.jar:/home/elie-gambache/.gradle/caches/modules-2/files-2.1/io.github.vinceglb/filekit-core-jvm/0.13.0/e4defbb12d4d603f7513d469eea926960de14d1b/filekit-core-jvm.jar:/home/elie-gambache/.gradle/caches/modules-2/files-2.1/org.jetbrains.skiko/skiko-awt-runtime-linux-x64/0.9.37.4/7f7f2e1ba05576c36fe488ed59c1f09aa302b497/skiko-awt-runtime-linux-x64-0.9.37.4.jar:/home/elie-gambache/.gradle/caches/modules-2/files-2.1/org.jetbrains.compose.ui/ui-text-desktop/1.10.3/7babd6e2dea601e74bed24b4017350e1acf4569c/ui-text-desktop-1.10.3.jar:/home/elie-gambache/.gradle/caches/modules-2/files-2.1/org.jetbrains.compose.ui/ui-graphics-desktop/1.10.3/1fd5d0189d75eca10163a1f07842627519399337/ui-graphics-desktop-1.10.3.jar:/home/elie-gambache/.gradle/caches/modules-2/files-2.1/org.jetbrains.skiko/skiko-awt/0.9.37.4/fc7470cca1041a52b182a921205c5c224e7709ad/skiko-awt-0.9.37.4.jar:/home/elie-gambache/.gradle/caches/modules-2/files-2.1/org.jetbrains.compose.ui/ui-tooling-preview-desktop/1.10.3/6d464d6c6d654d45aecdfaff7a08d64af62217e2/ui-tooling-preview-desktop-1.10.3.jar:/home/elie-gambache/.gradle/caches/modules-2/files-2.1/org.jetbrains.compose.ui/ui-backhandler-desktop/1.10.3/ed725f86a0fdff73fb37561ffb606166725e4b6f/ui-backhandler-desktop-1.10.3.jar:/home/elie-gambache/.gradle/caches/modules-2/files-2.1/androidx.navigationevent/navigationevent-desktop/1.0.2/ddb1e7fe97ed51c3d35bba493f97fcf12398719/navigationevent-desktop-1.0.2.jar:/home/elie-gambache/.gradle/caches/modules-2/files-2.1/androidx.compose.runtime/runtime-annotation-jvm/1.10.5/ea491da34ba40ae9bd340c393566753ddfd95a76/runtime-annotation-jvm-1.10.5.jar:/home/elie-gambache/.gradle/caches/modules-2/files-2.1/androidx.compose.runtime/runtime-retain-desktop/1.10.5/879812e3cd2c6151f5d91f515a35952b1be07a76/runtime-retain-desktop-1.10.5.jar:/home/elie-gambache/.gradle/caches/modules-2/files-2.1/androidx.compose.runtime/runtime-saveable-desktop/1.10.5/f6903c683c07ba479659ba4eb55bc7c80a7c433e/runtime-saveable-desktop-1.10.5.jar:/home/elie-gambache/.gradle/caches/modules-2/files-2.1/org.jetbrains.compose.runtime/runtime-saveable-desktop/1.10.3/9b0e2a8ce3ae7d2b1a40307bc9271933b238cfd4/runtime-saveable-desktop-1.10.3.jar:/home/elie-gambache/.gradle/caches/modules-2/files-2.1/androidx.lifecycle/lifecycle-viewmodel-savedstate-desktop/2.10.0/ec55d21af7e860f55e1797163df33737473f211a/lifecycle-viewmodel-savedstate-desktop-2.10.0.jar:/home/elie-gambache/.gradle/caches/modules-2/files-2.1/androidx.lifecycle/lifecycle-viewmodel-desktop/2.10.0/8ff3a014a8c7e901085b76191cdbdfb4d9322cc2/lifecycle-viewmodel-desktop-2.10.0.jar:/home/elie-gambache/.gradle/caches/modules-2/files-2.1/androidx.lifecycle/lifecycle-runtime-desktop/2.10.0/fe39fe8e677652fd188c3cf1b1089a4c31bccd14/lifecycle-runtime-desktop-2.10.0.jar:/home/elie-gambache/.gradle/caches/modules-2/files-2.1/org.jetbrains.androidx.savedstate/savedstate-compose-desktop/1.3.6/63692375ffe667f12cb3ea8aa1e605d659ed2add/savedstate-compose-desktop-1.3.6.jar:/home/elie-gambache/.gradle/caches/modules-2/files-2.1/androidx.savedstate/savedstate-compose-desktop/1.4.0/d3d6e0e2108528eb6080dc250da925a572be4202/savedstate-compose-desktop-1.4.0.jar:/home/elie-gambache/.gradle/caches/modules-2/files-2.1/androidx.savedstate/savedstate-desktop/1.4.0/3b049a0f81643d6b4b900de95bc23efc085c32d5/savedstate-desktop-1.4.0.jar:/home/elie-gambache/.gradle/caches/modules-2/files-2.1/androidx.lifecycle/lifecycle-common-jvm/2.10.0/2b7a92c746f3339efc533a2da0024e596760f816/lifecycle-common-jvm-2.10.0.jar:/home/elie-gambache/.gradle/caches/modules-2/files-2.1/androidx.lifecycle/lifecycle-runtime-compose-desktop/2.10.0/c277d78d334495bc70c976007a6fddb4c39ff65c/lifecycle-runtime-compose-desktop-2.10.0.jar:/home/elie-gambache/.gradle/caches/modules-2/files-2.1/org.jetbrains.androidx.lifecycle/lifecycle-runtime-compose-desktop/2.10.0/7b6b6793f3c4c5996b20d1d99cf728e5fac00364/lifecycle-runtime-compose-desktop-2.10.0.jar:/home/elie-gambache/.gradle/caches/modules-2/files-2.1/org.jetbrains.compose.ui/ui-unit-desktop/1.10.3/aeeb2f31358ab5abf0bafa0828de2faba7189db5/ui-unit-desktop-1.10.3.jar:/home/elie-gambache/.gradle/caches/modules-2/files-2.1/org.jetbrains.compose.ui/ui-geometry-desktop/1.10.3/779ddaadbc03720f7bb2507f6ed6dc4ffc9e7f3e/ui-geometry-desktop-1.10.3.jar:/home/elie-gambache/.gradle/caches/modules-2/files-2.1/org.jetbrains.compose.runtime/runtime-desktop/1.10.3/edbd39fc9691f4ba1e29c6690341148db4272752/runtime-desktop-1.10.3.jar:/home/elie-gambache/.gradle/caches/modules-2/files-2.1/androidx.compose.runtime/runtime-desktop/1.10.5/b1705e2087f06395622b784aa88e2e738043459/runtime-desktop-1.10.5.jar:/home/elie-gambache/.gradle/caches/modules-2/files-2.1/org.jetbrains.kotlinx/kotlinx-coroutines-core-jvm/1.10.2/4a9f78ef49483748e2c129f3d124b8fa249dafbf/kotlinx-coroutines-core-jvm-1.10.2.jar:/home/elie-gambache/.gradle/caches/modules-2/files-2.1/org.jetbrains.kotlinx/kotlinx-coroutines-swing/1.10.2/ccb5a2e7c83fa76da0ba4677f05678d3bd3eed57/kotlinx-coroutines-swing-1.10.2.jar:/home/elie-gambache/.gradle/caches/modules-2/files-2.1/org.jetbrains.kotlin/kotlin-stdlib-jdk8/2.2.20/57c4d839a6e5ad105d61ffc5cc0bf4de649c1714/kotlin-stdlib-jdk8-2.2.20.jar:/home/elie-gambache/.gradle/caches/modules-2/files-2.1/com.squareup.okio/okio-jvm/3.9.1/79696e3f4ff05d41ba2b3dc68adb5808a2e5dc53/okio-jvm-3.9.1.jar:/home/elie-gambache/.gradle/caches/modules-2/files-2.1/org.jetbrains.compose.ui/ui-util-desktop/1.10.3/fe41825dccacb792ded7df579736a0ed919ee270/ui-util-desktop-1.10.3.jar:/home/elie-gambache/.gradle/caches/modules-2/files-2.1/org.jetbrains.kotlinx/atomicfu-jvm/0.23.2/a4601dc42dceb031a586058e8356ff778a57dea0/atomicfu-jvm-0.23.2.jar:/home/elie-gambache/.gradle/caches/modules-2/files-2.1/androidx.graphics/graphics-shapes-desktop/1.1.0/a5d2198960bdc0915f74c6b2954d3323f35f40ea/graphics-shapes-desktop-1.1.0.jar:/home/elie-gambache/.gradle/caches/modules-2/files-2.1/androidx.collection/collection-jvm/1.5.0/7ba2c69414d46ebc2dd76598bdd0a75c54281a57/collection-jvm-1.5.0.jar:/home/elie-gambache/.gradle/caches/modules-2/files-2.1/androidx.arch.core/core-common/2.2.0/5e1b8b81dfd5f52c56a8d53b18ca759c19a301f3/core-common-2.2.0.jar:/home/elie-gambache/.gradle/caches/modules-2/files-2.1/androidx.annotation/annotation-jvm/1.9.1/b17951747e38bf3986a24431b9ba0d039958aa5f/annotation-jvm-1.9.1.jar:/home/elie-gambache/.gradle/caches/modules-2/files-2.1/org.jetbrains.kotlinx/kotlinx-datetime-jvm/0.7.1/81c2e0246bd28cc2dcbdf0ab53628322e66a9de9/kotlinx-datetime-jvm-0.7.1.jar:/home/elie-gambache/.gradle/caches/modules-2/files-2.1/org.jetbrains.kotlinx/kotlinx-serialization-core-jvm/1.10.0/9400c03c056953bbbf30e861e63735c90e9eb320/kotlinx-serialization-core-jvm-1.10.0.jar:/home/elie-gambache/.gradle/caches/modules-2/files-2.1/org.jetbrains.kotlinx/kotlinx-io-core-jvm/0.9.0/7f7536f8f057ffc7f79375714e9730c4b8bdd7c9/kotlinx-io-core-jvm-0.9.0.jar:/home/elie-gambache/.gradle/caches/modules-2/files-2.1/org.jetbrains.kotlin/kotlin-stdlib-jdk7/2.2.20/bdbe3b5d872fa3b74d8fcd4e7ca3193f4abc9cc8/kotlin-stdlib-jdk7-2.2.20.jar:/home/elie-gambache/.gradle/caches/modules-2/files-2.1/org.jetbrains.kotlinx/kotlinx-io-bytestring-jvm/0.9.0/e73a7915234a8ea7954f32b715ef8e42b02f66a3/kotlinx-io-bytestring-jvm-0.9.0.jar:/home/elie-gambache/.gradle/caches/modules-2/files-2.1/org.jetbrains.kotlin/kotlin-stdlib/2.3.20/ed866de74ad3d49086a27bbd75952cd186479436/kotlin-stdlib-2.3.20.jar:/home/elie-gambache/.gradle/caches/modules-2/files-2.1/org.jetbrains/annotations/23.0.0/8cc20c07506ec18e0834947b84a864bfc094484e/annotations-23.0.0.jar:/home/elie-gambache/.gradle/caches/modules-2/files-2.1/net.java.dev.jna/jna-platform/5.18.1/dd817f391efc492041c9ae91127527c13750a789/jna-platform-5.18.1.jar:/home/elie-gambache/.gradle/caches/modules-2/files-2.1/net.java.dev.jna/jna/5.18.1/b27ba04287cc4abe769642fe8318d39fc89bf937/jna-5.18.1.jar:/home/elie-gambache/.gradle/caches/modules-2/files-2.1/org.jetbrains.runtime/jbr-api/1.5.0/4158e485a7a4ecfd521e03095d81e0225529e8d2/jbr-api-1.5.0.jar:/home/elie-gambache/.gradle/caches/modules-2/files-2.1/com.github.hypfvieh/dbus-java-transport-native-unixsocket/5.2.0/6ef0e26cd6b1c1cf8046e1cc0949821d29e4f487/dbus-java-transport-native-unixsocket-5.2.0.jar:/home/elie-gambache/.gradle/caches/modules-2/files-2.1/com.github.hypfvieh/dbus-java-core/5.2.0/32a76bec4c9e6576b6e049a90d8ad9384253e7f1/dbus-java-core-5.2.0.jar:/home/elie-gambache/.gradle/caches/modules-2/files-2.1/org.jspecify/jspecify/1.0.0/7425a601c1c7ec76645a78d22b8c6a627edee507/jspecify-1.0.0.jar:/home/elie-gambache/.gradle/caches/modules-2/files-2.1/org.slf4j/slf4j-api/2.0.17/d9e58ac9c7779ba3bf8142aff6c830617a7fe60f/slf4j-api-2.0.17.jar
Launcher Type: SUN_STANDARD

[Global flags]
     intx CICompilerCount                          = 12                                        {product} {ergonomic}
     uint ConcGCThreads                            = 4                                         {product} {ergonomic}
     uint G1ConcRefinementThreads                  = 15                                        {product} {ergonomic}
   size_t G1HeapRegionSize                         = 8388608                                   {product} {ergonomic}
    uintx GCDrainStackTargetSize                   = 64                                        {product} {ergonomic}
   size_t InitialHeapSize                          = 771751936                                 {product} {ergonomic}
   size_t MarkStackSize                            = 4194304                                   {product} {ergonomic}
   size_t MaxHeapSize                              = 12222201856                               {product} {ergonomic}
   size_t MaxNewSize                               = 7331643392                                {product} {ergonomic}
   size_t MinHeapDeltaBytes                        = 8388608                                   {product} {ergonomic}
   size_t MinHeapSize                              = 8388608                                   {product} {ergonomic}
    uintx NonNMethodCodeHeapSize                   = 7602480                                {pd product} {ergonomic}
    uintx NonProfiledCodeHeapSize                  = 122027880                              {pd product} {ergonomic}
    uintx ProfiledCodeHeapSize                     = 122027880                              {pd product} {ergonomic}
    uintx ReservedCodeCacheSize                    = 251658240                              {pd product} {ergonomic}
     bool SegmentedCodeCache                       = true                                      {product} {ergonomic}
   size_t SoftMaxHeapSize                          = 12222201856                            {manageable} {ergonomic}
     bool UseCompressedOops                        = true                           {product lp64_product} {ergonomic}
     bool UseG1GC                                  = true                                      {product} {ergonomic}

Logging:
Log output configuration:
 #0: stdout all=warning uptime,level,tags foldmultilines=false
 #1: stderr all=off uptime,level,tags foldmultilines=false

Environment Variables:
JAVA_HOME=/home/elie-gambache/.jdks/jbrsdk_jcef-21.0.8-1
PATH=/home/elie-gambache/.cargo/bin:/home/elie-gambache/.local/bin:/home/elie-gambache/.jdks/jbrsdk_jcef-21.0.8-1/bin:/usr/local/sbin:/usr/local/bin:/usr/sbin:/usr/bin:/sbin:/bin:/usr/games:/usr/local/games:/snap/bin:/home/elie-gambache/.local/share/JetBrains/Toolbox/scripts
USERNAME=elie-gambache
SHELL=/bin/bash
DISPLAY=:0
LANG=fr_FR.UTF-8
LC_NUMERIC=fr_FR.UTF-8
LC_TIME=fr_FR.UTF-8

Active Locale:
LC_ALL=fr_FR.UTF-8
LC_COLLATE=fr_FR.UTF-8
LC_CTYPE=fr_FR.UTF-8
LC_MESSAGES=fr_FR.UTF-8
LC_MONETARY=fr_FR.UTF-8
LC_NUMERIC=fr_FR.UTF-8
LC_TIME=fr_FR.UTF-8

Signal Handlers:
   SIGSEGV: crash_handler in libjvm.so, mask=11100100010111111101111111111110, flags=SA_RESTART|SA_SIGINFO, unblocked
    SIGBUS: crash_handler in libjvm.so, mask=11100100010111111101111111111110, flags=SA_RESTART|SA_SIGINFO, unblocked
    SIGFPE: crash_handler in libjvm.so, mask=11100100010111111101111111111110, flags=SA_RESTART|SA_SIGINFO, unblocked
   SIGPIPE: SIG_IGN, mask=00000000000010000000000000000000, flags=SA_RESTART, blocked
  *** Handler was modified!
  *** Expected: javaSignalHandler in libjvm.so, mask=11100100110111111111111111111110, flags=SA_RESTART|SA_SIGINFO
   SIGXFSZ: javaSignalHandler in libjvm.so, mask=11100100010111111101111111111110, flags=SA_RESTART|SA_SIGINFO, blocked
    SIGILL: crash_handler in libjvm.so, mask=11100100010111111101111111111110, flags=SA_RESTART|SA_SIGINFO, unblocked
   SIGUSR2: SR_handler in libjvm.so, mask=00000000000000000000000000000000, flags=SA_RESTART|SA_SIGINFO, blocked
    SIGHUP: UserHandler in libjvm.so, mask=11100100010111111101111111111110, flags=SA_RESTART|SA_SIGINFO, blocked
    SIGINT: UserHandler in libjvm.so, mask=11100100010111111101111111111110, flags=SA_RESTART|SA_SIGINFO, blocked
   SIGTERM: UserHandler in libjvm.so, mask=11100100010111111101111111111110, flags=SA_RESTART|SA_SIGINFO, blocked
   SIGQUIT: UserHandler in libjvm.so, mask=11100100010111111101111111111110, flags=SA_RESTART|SA_SIGINFO, blocked
   SIGTRAP: crash_handler in libjvm.so, mask=11100100010111111101111111111110, flags=SA_RESTART|SA_SIGINFO, unblocked


Periodic native trim disabled

JNI global refs:
JNI global refs: 131, weak refs: 9

JNI global refs memory usage: 2123, weak refs: 857

Process memory usage:
Resident Set Size: 366480K (0% of 47728268K total physical memory with 27262524K free physical memory)

OOME stack traces (most recent first):
Classloader memory used:
Loader jdk.internal.loader.ClassLoaders$AppClassLoader                                 : 23458K
Loader bootstrap                                                                       : 10540K
Loader jdk.internal.loader.ClassLoaders$PlatformClassLoader                            : 14448B

---------------  S Y S T E M  ---------------

OS:
DISTRIB_ID=Ubuntu
DISTRIB_RELEASE=25.10
DISTRIB_CODENAME=questing
DISTRIB_DESCRIPTION="Ubuntu 25.10"
uname: Linux 6.17.0-22-generic #22-Ubuntu SMP PREEMPT_DYNAMIC Fri Mar 13 12:04:44 UTC 2026 x86_64
OS uptime: 0 days 0:42 hours
libc: glibc 2.42 NPTL 2.42 
rlimit (soft/hard): STACK 8192k/infinity , CORE 0k/infinity , NPROC 185320/185320 , NOFILE 524288/524288 , AS infinity/infinity , CPU infinity/infinity , DATA infinity/infinity , FSIZE infinity/infinity , MEMLOCK 8192k/8192k
load average: 3,50 4,69 3,02

/proc/meminfo:
MemTotal:       47728268 kB
MemFree:         5985192 kB
MemAvailable:   27262524 kB
Buffers:         2176736 kB
Cached:         18896896 kB
SwapCached:            0 kB
Active:         25629652 kB
Inactive:       13247400 kB
Active(anon):   18198076 kB
Inactive(anon):        0 kB
Active(file):    7431576 kB
Inactive(file): 13247400 kB
Unevictable:         224 kB
Mlocked:             224 kB
SwapTotal:       8388604 kB
SwapFree:        8388604 kB
Zswap:                 0 kB
Zswapped:              0 kB
Dirty:            337188 kB
Writeback:             0 kB
AnonPages:      17804984 kB
Mapped:          4968620 kB
Shmem:            394620 kB
KReclaimable:    1187780 kB
Slab:            1681576 kB
SReclaimable:    1187780 kB
SUnreclaim:       493796 kB
KernelStack:       45792 kB
PageTables:       127096 kB
SecPageTables:         0 kB
NFS_Unstable:          0 kB
Bounce:                0 kB
WritebackTmp:          0 kB
CommitLimit:    32252736 kB
Committed_AS:   49604348 kB
VmallocTotal:   34359738367 kB
VmallocUsed:      153916 kB
VmallocChunk:          0 kB
Percpu:            22320 kB
HardwareCorrupted:     0 kB
AnonHugePages:         0 kB
ShmemHugePages:        0 kB
ShmemPmdMapped:        0 kB
FileHugePages:     61440 kB
FilePmdMapped:      2048 kB
CmaTotal:              0 kB
CmaFree:               0 kB
Unaccepted:            0 kB
Balloon:               0 kB
HugePages_Total:       0
HugePages_Free:        0
HugePages_Rsvd:        0
HugePages_Surp:        0
Hugepagesize:       2048 kB
Hugetlb:               0 kB
DirectMap4k:     1337144 kB
DirectMap2M:    42414080 kB
DirectMap1G:     6291456 kB

/sys/kernel/mm/transparent_hugepage/enabled: always [madvise] never
/sys/kernel/mm/transparent_hugepage/hpage_pmd_size: 2097152
/sys/kernel/mm/transparent_hugepage/defrag (defrag/compaction efforts parameter): always defer defer+madvise [madvise] never

Process Memory:
Virtual Size: 17993084K (peak: 18051304K)
Resident Set Size: 366480K (peak: 366480K) (anon: 255540K, file: 110900K, shmem: 40K)
Swapped out: 0K
C-Heap outstanding allocations: 108720K, retained: 39635K
glibc malloc tunables: (default)

/proc/sys/kernel/threads-max (system-wide limit on the number of threads): 370641
/proc/sys/vm/max_map_count (maximum number of memory map areas a process may have): 1048576
/proc/sys/vm/swappiness (control to define how aggressively the kernel swaps out anonymous memory): 60
/proc/sys/kernel/pid_max (system-wide limit on number of process identifiers): 4194304

container information not found.
Steal ticks since vm start: 0
Steal ticks percentage since vm start:  0,000

CPU: total 20 (initial active 20) (20 cores per cpu, 1 threads per core) family 6 model 183 stepping 1 microcode 0x133, cx8, cmov, fxsr, mmx, 3dnowpref, sse, sse2, sse3, ssse3, sse4.1, sse4.2, popcnt, lzcnt, tsc, tscinvbit, avx, avx2, aes, erms, clmul, bmi1, bmi2, adx, sha, fma, vzeroupper, clflush, clflushopt, clwb, serialize, rdtscp, rdpid, fsrm, f16c, pku, ospke, cet_ibt, cet_ss
CPU Model and flags from /proc/cpuinfo:
model name	: Intel(R) Core(TM) i5-14600
flags		: fpu vme de pse tsc msr pae mce cx8 apic sep mtrr pge mca cmov pat pse36 clflush dts acpi mmx fxsr sse sse2 ss ht tm pbe syscall nx pdpe1gb rdtscp lm constant_tsc art arch_perfmon pebs bts rep_good nopl xtopology nonstop_tsc cpuid aperfmperf tsc_known_freq pni pclmulqdq dtes64 monitor ds_cpl vmx smx est tm2 ssse3 sdbg fma cx16 xtpr pdcm pcid sse4_1 sse4_2 x2apic movbe popcnt tsc_deadline_timer aes xsave avx f16c rdrand lahf_lm abm 3dnowprefetch cpuid_fault epb ssbd ibrs ibpb stibp ibrs_enhanced tpr_shadow flexpriority ept vpid ept_ad fsgsbase tsc_adjust bmi1 avx2 smep bmi2 erms invpcid rdseed adx smap clflushopt clwb intel_pt sha_ni xsaveopt xsavec xgetbv1 xsaves split_lock_detect user_shstk avx_vnni dtherm ida arat pln pts hwp hwp_notify hwp_act_window hwp_epp hwp_pkg_req hfi vnmi umip pku ospke waitpkg gfni vaes vpclmulqdq rdpid movdiri movdir64b fsrm md_clear serialize pconfig arch_lbr ibt flush_l1d arch_capabilities

Online cpus: 0-19
Offline cpus: 
BIOS frequency limitation: <Not Available>
Frequency switch latency (ns): 0
Available cpu frequencies: <Not Available>
Current governor: powersave
Core performance/turbo boost: <Not Available>

Memory: 4k page, physical 47728268k(27262524k free), swap 8388604k(8388604k free)
Page Sizes: 4k

vm_info: OpenJDK 64-Bit Server VM (21.0.8+9-b1097.42) for linux-amd64 JRE (21.0.8+9-b1097.42), built on 2025-08-30 by "builduser" with gcc 10.3.1 20210422 (Red Hat 10.3.1-1.2.0.1)

END.
