#
# A fatal error has been detected by the Java Runtime Environment:
#
#  SIGSEGV (0xb) at pc=0x000076db462d34c3, pid=37132, tid=37167
#
# JRE version: OpenJDK Runtime Environment JBR-21.0.8+9-1097.42-jcef (21.0.8+9) (build 21.0.8+9-b1097.42)
# Java VM: OpenJDK 64-Bit Server VM JBR-21.0.8+9-1097.42-jcef (21.0.8+9-b1097.42, mixed mode, sharing, tiered, compressed oops, compressed class ptrs, g1 gc, linux-amd64)
# Problematic frame:
# C  [libpdfium.so+0x2d34c3]  CPDF_Dictionary::GetDictFor(fxcrt::StringViewTemplate<char>) const+0xa3
#
# Core dump will be written. Default location: Core dumps may be processed with "/usr/share/apport/apport -p%p -s%s -c%c -d%d -P%P -u%u -g%g -F%F -- %E" (or dumping to /home/elie-gambache/IdeaProjects/pdf/composeApp/core.37132)
#
# If you would like to submit a bug report, please visit:
#   https://youtrack.jetbrains.com/issues/JBR
# The crash happened outside the Java Virtual Machine in native code.
# See problematic frame for where to report the bug.
#

---------------  S U M M A R Y ------------

Command Line: -Dcompose.application.configure.swing.globals=true -Dcompose.application.resources.dir=/home/elie-gambache/IdeaProjects/pdf/composeApp/build/compose/tmp/prepareAppResources -Dfile.encoding=UTF-8 -Duser.country=FR -Duser.language=fr -Duser.variant -Dawt.toolkit.name=XToolkit dev.nucleusframework.pdf.MainKt

Host: Intel(R) Core(TM) i5-14600, 20 cores, 45G, Ubuntu 25.10
Time: Sun Apr 19 18:57:14 2026 IDT elapsed time: 5.077760 seconds (0d 0h 0m 5s)

---------------  T H R E A D  ---------------

Current thread (0x000076dca0920b70):  JavaThread "DefaultDispatcher-worker-1" daemon [_thread_in_native, id=37167, stack(0x000076dbd09a7000,0x000076dbd0aa7000) (1024K)]

Stack: [0x000076dbd09a7000,0x000076dbd0aa7000],  sp=0x000076dbd0aa5150,  free space=1016k
Native frames: (J=compiled Java code, j=interpreted, Vv=VM code, C=native code)
C  [libpdfium.so+0x2d34c3]  CPDF_Dictionary::GetDictFor(fxcrt::StringViewTemplate<char>) const+0xa3
C  [libpdfium.so+0x2c0af8]  CPDF_StreamContentParser::FindResourceObj(fxcrt::StringViewTemplate<char>, fxcrt::ByteString const&)+0x28
C  [libpdfium.so+0x2c2205]  CPDF_StreamContentParser::FindFont(fxcrt::ByteString const&)+0x25
C  [libpdfium.so+0x2bc1c5]  CPDF_StreamContentParser::Handle_SetFont()+0xf5
C  [libpdfium.so+0x2c2b72]  CPDF_StreamContentParser::Parse(pdfium::span<unsigned char const, 18446744073709551615ul, unsigned char const*>, unsigned int, unsigned int, std::__Cr::vector<unsigned int, std::__Cr::allocator<unsigned int> > const&)+0x392
C  [libpdfium.so+0x29a478]  CPDF_ContentParser::Parse()+0x188
C  [libpdfium.so+0x299dc8]  CPDF_ContentParser::Continue(PauseIndicatorIface*)+0x58
C  [libpdfium.so+0x2b2498]  CPDF_PageObjectHolder::ContinueParse(PauseIndicatorIface*)+0x28
C  [libpdfium.so+0x39cd0c]  FPDF_LoadPage+0xac
C  [libpdfiumjni.so+0x2a10]  Java_dev_nucleusframework_pdfium_jvm_PdfiumBridge_nLoadPage+0x10
j  dev.nucleusframework.pdfium.PdfDocument$pageSize$2.invokeSuspend(Ljava/lang/Object;)Ljava/lang/Object;+43
J 2927 c1 kotlin.coroutines.jvm.internal.BaseContinuationImpl.resumeWith(Ljava/lang/Object;)V (124 bytes) @ 0x000076dc8cf097bc [0x000076dc8cf093a0+0x000000000000041c]
J 2945 c1 kotlinx.coroutines.DispatchedTask.run()V (387 bytes) @ 0x000076dc8cf1778c [0x000076dc8cf161a0+0x00000000000015ec]
j  kotlinx.coroutines.internal.LimitedDispatcher$Worker.run()V+9
j  kotlinx.coroutines.scheduling.TaskImpl.run()V+4
j  kotlinx.coroutines.scheduling.CoroutineScheduler.runSafely(Lkotlinx/coroutines/scheduling/Task;)V+2
j  kotlinx.coroutines.scheduling.CoroutineScheduler$Worker.executeTask(Lkotlinx/coroutines/scheduling/Task;)V+84
j  kotlinx.coroutines.scheduling.CoroutineScheduler$Worker.runWorker()V+44
j  kotlinx.coroutines.scheduling.CoroutineScheduler$Worker.run()V+1
v  ~StubRoutines::call_stub 0x000076dc93e5fcc6
V  [libjvm.so+0x91a1d5]  JavaCalls::call_helper(JavaValue*, methodHandle const&, JavaCallArguments*, JavaThread*)+0x2e5
V  [libjvm.so+0x91bb1b]  JavaCalls::call_virtual(JavaValue*, Handle, Klass*, Symbol*, Symbol*, JavaThread*)+0x1cb
V  [libjvm.so+0x9eb97a]  thread_entry(JavaThread*, JavaThread*)+0x8a
V  [libjvm.so+0x930a0f]  JavaThread::thread_main_inner() [clone .part.0]+0xaf
V  [libjvm.so+0xf85f48]  Thread::call_run()+0xa8
V  [libjvm.so+0xd116aa]  thread_native_entry(Thread*)+0xda
C  [libc.so.6+0xa3d64]
Java frames: (J=compiled Java code, j=interpreted, Vv=VM code)
j  dev.nucleusframework.pdfium.jvm.PdfiumBridge.nLoadPage(JI)J+0
j  dev.nucleusframework.pdfium.PdfDocument$pageSize$2.invokeSuspend(Ljava/lang/Object;)Ljava/lang/Object;+43
J 2927 c1 kotlin.coroutines.jvm.internal.BaseContinuationImpl.resumeWith(Ljava/lang/Object;)V (124 bytes) @ 0x000076dc8cf097bc [0x000076dc8cf093a0+0x000000000000041c]
J 2945 c1 kotlinx.coroutines.DispatchedTask.run()V (387 bytes) @ 0x000076dc8cf1778c [0x000076dc8cf161a0+0x00000000000015ec]
j  kotlinx.coroutines.internal.LimitedDispatcher$Worker.run()V+9
j  kotlinx.coroutines.scheduling.TaskImpl.run()V+4
j  kotlinx.coroutines.scheduling.CoroutineScheduler.runSafely(Lkotlinx/coroutines/scheduling/Task;)V+2
j  kotlinx.coroutines.scheduling.CoroutineScheduler$Worker.executeTask(Lkotlinx/coroutines/scheduling/Task;)V+84
j  kotlinx.coroutines.scheduling.CoroutineScheduler$Worker.runWorker()V+44
j  kotlinx.coroutines.scheduling.CoroutineScheduler$Worker.run()V+1
v  ~StubRoutines::call_stub 0x000076dc93e5fcc6

siginfo: si_signo: 11 (SIGSEGV), si_code: 1 (SEGV_MAPERR), si_addr: 0x000076dcadbb58ac

Registers:
RAX=0x000076dcadbb5804, RBX=0x000076dba4054630, RCX=0x000076dba4054630, RDX=0x0000000000000000
RSP=0x000076dbd0aa5150, RBP=0x000076dbd0aa5180, RSI=0x000076db46034336, RDI=0x000076dba4054100
R8 =0x0000000000000002, R9 =0x0000001100000000, R10=0x0000000000000057, R11=0x000076dba4000030
R12=0x000076db46034336, R13=0x000076dba4054650, R14=0x000076dba40539c0, R15=0x0000000000000004
RIP=0x000076db462d34c3, EFLAGS=0x0000000000010206, CSGSFS=0x002b000000000033, ERR=0x0000000000000004
  TRAPNO=0x000000000000000e

XMM[0]=0x0000000000000000 0x0000000041880000
XMM[1]=0x0000000000000000 0x0000000041880000
XMM[2]=0x0000000000000000 0x000000ffffffffff
XMM[3]=0x43d4251e43977587 0x43d10bf74394d6c6
XMM[4]=0x43d10bf743977587 0x43d10bf74394d6c6
XMM[5]=0x43d4251e43977587 0x43d10bf74394d6c6
XMM[6]=0x43d4251e4394d6c6 0x43d10bf74394d6c6
XMM[7]=0x0000000000000000 0x43d115c243949a64
XMM[8]=0x00003c2700005345 0x00006a630000795e
XMM[9]=0x0000000000000a71 0x0000000000000a9a
XMM[10]=0x0000000000000000 0x000000005a71fffc
XMM[11]=0xbf7a4e8dbf7a4e8d 0xbf7a4e8d6405b979
XMM[12]=0x0000000000000000 0x00000000a48b6aec
XMM[13]=0x0000000000000000 0x000000005fd8ec28
XMM[14]=0x0000000000000000 0x000076dbe2049a2c
XMM[15]=0x0000000000000000 0x0000000000000000
  MXCSR=0x00001fa2


Register to memory mapping:

RAX=0x000076dcadbb5804 is an unknown value
RBX=0x000076dba4054630 points into unknown readable memory: 0x000076dba40540c0 | c0 40 05 a4 db 76 00 00
RCX=0x000076dba4054630 points into unknown readable memory: 0x000076dba40540c0 | c0 40 05 a4 db 76 00 00
RDX=0x0 is null
RSP=0x000076dbd0aa5150 is pointing into the stack for thread: 0x000076dca0920b70
RBP=0x000076dbd0aa5180 is pointing into the stack for thread: 0x000076dca0920b70
RSI=0x000076db46034336: <offset 0x0000000000034336> in /home/elie-gambache/.cache/pdfium/native/linux-x86-64/libpdfium.so at 0x000076db46000000
RDI=0x000076dba4054100 points into unknown readable memory: 0x000076dcadbb5804 | 04 58 bb ad dc 76 00 00
R8 =0x0000000000000002 is an unknown value
R9 =0x0000001100000000 is an unknown value
R10=0x0000000000000057 is an unknown value
R11=0x000076dba4000030 points into unknown readable memory: 0x0000000200000000 | 00 00 00 00 02 00 00 00
R12=0x000076db46034336: <offset 0x0000000000034336> in /home/elie-gambache/.cache/pdfium/native/linux-x86-64/libpdfium.so at 0x000076db46000000
R13=0x000076dba4054650 points into unknown readable memory: 0x000076dba4053e10 | 10 3e 05 a4 db 76 00 00
R14=0x000076dba40539c0 points into unknown readable memory: 0x000076dba4054630 | 30 46 05 a4 db 76 00 00
R15=0x0000000000000004 is an unknown value

Top of Stack: (sp=0x000076dbd0aa5150)
0x000076dbd0aa5150:   000076dba40539c0 000076dba401c930
0x000076dbd0aa5160:   000076db46034336 000076dba401c930
0x000076dbd0aa5170:   000076dbd0aa5208 0000000000000004
0x000076dbd0aa5180:   000076dbd0aa51c0 000076db462c0af8
0x000076dbd0aa5190:   000076dba4154d10 000076dba401c930
0x000076dbd0aa51a0:   000076dba401c990 0000000000000000
0x000076dbd0aa51b0:   000076dba4054fe8 000076dbd0aa5208
0x000076dbd0aa51c0:   000076dbd0aa51f0 000076db462c2205
0x000076dbd0aa51d0:   000076dba401c930 000076dba401c990
0x000076dbd0aa51e0:   000076dba4054fe8 000076dba401c930
0x000076dbd0aa51f0:   000076dbd0aa5220 000076db462bc1c5
0x000076dbd0aa5200:   000076dba401ca60 000076dba4154d10
0x000076dbd0aa5210:   000076dba401ca60 0000000000000063
0x000076dbd0aa5220:   000076dbd0aa5280 000076db462c2b72
0x000076dbd0aa5230:   000076dba4054ca0 000076dba404ec00
0x000076dbd0aa5240:   000000000000012c 000000634629aa7d
0x000076dbd0aa5250:   0000000000000000 000076dba4054c30
0x000076dbd0aa5260:   0000000000000000 000076dc1dcc02c8
0x000076dbd0aa5270:   000076dba4054c68 000076dba4052f00
0x000076dbd0aa5280:   000076dbd0aa52f0 000076db4629a478
0x000076dbd0aa5290:   000076dbd0aa52c0 000076dbd0aa52bc
0x000076dbd0aa52a0:   000076dba4054c68 000076dba404e3d0
0x000076dbd0aa52b0:   000076dba4054ac8 000000001dcc02c8
0x000076dbd0aa52c0:   000076dba4058274 000076dba4054c30
0x000076dbd0aa52d0:   0000000000000000 000076dc1dcc02c8
0x000076dbd0aa52e0:   0000000000000000 000076dba4052f00
0x000076dbd0aa52f0:   000076dbd0aa5310 000076db46299dc8
0x000076dbd0aa5300:   000076dba4054a80 000076dba4054a70
0x000076dbd0aa5310:   000076dbd0aa5360 000076db462b2498
0x000076dbd0aa5320:   000076dba4054a80 000076dba4054a70
0x000076dbd0aa5330:   000076dbd0aa5360 000076db462ae621
0x000076dbd0aa5340:   000076dba404e3d0 0000000000000000 

Instructions: (pc=0x000076db462d34c3)
0x000076db462d33c3:   15 49 8b 45 08 49 83 c5 08 4c 89 eb 49 89 c5 48
0x000076db462d33d3:   85 c0 75 c5 eb 2b 48 8b 03 48 85 c0 74 23 48 3b
0x000076db462d33e3:   45 d0 74 1d 48 8b 78 28 48 85 ff 74 14 48 8b 07
0x000076db462d33f3:   48 83 c4 08 5b 41 5c 41 5d 41 5e 41 5f 5d ff 60
0x000076db462d3403:   30 0f 57 c0 48 83 c4 08 5b 41 5c 41 5d 41 5e 41
0x000076db462d3413:   5f 5d c3 cc cc cc cc cc cc cc cc cc cc 55 48 89
0x000076db462d3423:   e5 41 57 41 56 41 55 41 54 53 50 48 8b 5f 30 48
0x000076db462d3433:   85 db 74 5f 49 89 d7 49 89 f4 48 83 c7 30 48 89
0x000076db462d3443:   7d d0 49 89 fe eb 11 66 0f 1f 44 00 00 49 89 de
0x000076db462d3453:   48 8b 1b 48 85 db 74 3b 4c 8d 6b 20 4c 89 ef 4c
0x000076db462d3463:   89 e6 4c 89 fa e8 e3 df fa ff 85 c0 7f df 4c 89
0x000076db462d3473:   ef 4c 89 e6 4c 89 fa e8 71 df fa ff 84 c0 74 24
0x000076db462d3483:   48 8b 43 08 48 83 c3 08 49 89 de 48 89 c3 48 85
0x000076db462d3493:   c0 75 c5 31 c0 48 83 c4 08 5b 41 5c 41 5d 41 5e
0x000076db462d34a3:   41 5f 5d c3 49 8b 0e 31 c0 48 85 c9 74 e7 48 3b
0x000076db462d34b3:   4d d0 74 e1 48 8b 79 28 48 85 ff 74 d6 48 8b 07
0x000076db462d34c3:   ff 90 a8 00 00 00 48 85 c0 74 c8 48 8b 08 48 89
0x000076db462d34d3:   c7 ff 91 b0 00 00 00 48 85 c0 74 b7 48 ff 40 08
0x000076db462d34e3:   75 b3 cc 0f 0b cc cc cc cc cc cc cc cc 55 48 89
0x000076db462d34f3:   e5 41 57 41 56 41 54 53 48 83 ec 10 49 89 d7 49
0x000076db462d3503:   89 f4 48 89 fb e8 13 ff ff ff 49 89 c6 48 85 c0
0x000076db462d3513:   0f 85 93 00 00 00 48 8d 7d d8 4c 89 e6 4c 89 fa
0x000076db462d3523:   e8 e8 d9 fa ff bf 40 00 00 00 e8 5e 1a 33 00 0f
0x000076db462d3533:   57 c0 0f 11 40 08 48 8d 0d 48 57 33 00 48 89 08
0x000076db462d3543:   c7 40 18 00 00 00 00 48 8b 4b 20 48 89 48 20 48
0x000076db462d3553:   85 c9 74 03 48 ff 01 48 8d 48 30 0f 11 40 30 48
0x000076db462d3563:   89 48 28 48 85 c0 74 0e 48 89 c1 48 83 c1 08 48
0x000076db462d3573:   c7 01 01 00 00 00 48 8d 75 d8 48 89 df 48 89 c2
0x000076db462d3583:   e8 c8 07 00 00 49 89 c6 48 85 c0 74 06 49 ff 46
0x000076db462d3593:   08 74 26 48 8b 7d d8 48 c7 45 d8 00 00 00 00 48
0x000076db462d35a3:   85 ff 74 05 e8 c4 6b fb ff 4c 89 f0 48 83 c4 10
0x000076db462d35b3:   5b 41 5c 41 5e 41 5f 5d c3 cc 0f 0b cc 55 48 89 


Stack slot to memory mapping:

stack at sp + 0 slots: 0x000076dba40539c0 points into unknown readable memory: 0x000076dba4054630 | 30 46 05 a4 db 76 00 00
stack at sp + 1 slots: 0x000076dba401c930 points into unknown readable memory: 0x000076dba404e3d0 | d0 e3 04 a4 db 76 00 00
stack at sp + 2 slots: 0x000076db46034336: <offset 0x0000000000034336> in /home/elie-gambache/.cache/pdfium/native/linux-x86-64/libpdfium.so at 0x000076db46000000
stack at sp + 3 slots: 0x000076dba401c930 points into unknown readable memory: 0x000076dba404e3d0 | d0 e3 04 a4 db 76 00 00
stack at sp + 4 slots: 0x000076dbd0aa5208 is pointing into the stack for thread: 0x000076dca0920b70
stack at sp + 5 slots: 0x0000000000000004 is an unknown value
stack at sp + 6 slots: 0x000076dbd0aa51c0 is pointing into the stack for thread: 0x000076dca0920b70
stack at sp + 7 slots: 0x000076db462c0af8: <offset 0x00000000002c0af8> in /home/elie-gambache/.cache/pdfium/native/linux-x86-64/libpdfium.so at 0x000076db46000000


Compiled method (c1) 5084 2927   !   3       kotlin.coroutines.jvm.internal.BaseContinuationImpl::resumeWith (124 bytes)
 total in heap  [0x000076dc8cf08f90,0x000076dc8cf0baf8] = 11112
 relocation     [0x000076dc8cf090e8,0x000076dc8cf093a0] = 696
 main code      [0x000076dc8cf093a0,0x000076dc8cf0afd0] = 7216
 stub code      [0x000076dc8cf0afd0,0x000076dc8cf0b080] = 176
 oops           [0x000076dc8cf0b080,0x000076dc8cf0b0a0] = 32
 metadata       [0x000076dc8cf0b0a0,0x000076dc8cf0b108] = 104
 scopes data    [0x000076dc8cf0b108,0x000076dc8cf0b5f8] = 1264
 scopes pcs     [0x000076dc8cf0b5f8,0x000076dc8cf0ba68] = 1136
 dependencies   [0x000076dc8cf0ba68,0x000076dc8cf0ba88] = 32
 handler table  [0x000076dc8cf0ba88,0x000076dc8cf0baa0] = 24
 nul chk table  [0x000076dc8cf0baa0,0x000076dc8cf0baf8] = 88

[Constant Pool (empty)]

[MachCode]
[Entry Point]
  # {method} {0x000076dc1c4f3638} 'resumeWith' '(Ljava/lang/Object;)V' in 'kotlin/coroutines/jvm/internal/BaseContinuationImpl'
  # this:     rsi:rsi   = 'kotlin/coroutines/jvm/internal/BaseContinuationImpl'
  # parm0:    rdx:rdx   = 'java/lang/Object'
  #           [sp+0x120]  (sp of caller)
  0x000076dc8cf093a0: 448b 5608 | 49bb 0000 | 0026 dc76 | 0000 4d03 | d34c 3bd0 

  0x000076dc8cf093b4: ;   {runtime_call ic_miss_stub}
  0x000076dc8cf093b4: 0f85 c63c | fa06 660f | 1f44 0000 
[Verified Entry Point]
  0x000076dc8cf093c0: 8984 2400 | c0fe ff55 | 4881 ec10 | 0100 0090 | 4181 7f20 | 0300 0000 

  0x000076dc8cf093d8: ;   {runtime_call StubRoutines (final stubs)}
  0x000076dc8cf093d8: 7405 e8c1 

  0x000076dc8cf093dc: ;   {metadata(method data for {method} {0x000076dc1c4f3638} 'resumeWith' '(Ljava/lang/Object;)V' in 'kotlin/coroutines/jvm/internal/BaseContinuationImpl')}
  0x000076dc8cf093dc: a0f8 0648 | bf08 d88c | 1ddc 7600 | 008b 9ff4 | 0000 0083 | c302 899f | f400 0000 | 81e3 fe07 
  0x000076dc8cf093fc: 0000 85db | 0f84 f116 | 0000 6690 | 4885 f675 

  0x000076dc8cf0940c: ;   {metadata(method data for {method} {0x000076dc1c4f3638} 'resumeWith' '(Ljava/lang/Object;)V' in 'kotlin/coroutines/jvm/internal/BaseContinuationImpl')}
  0x000076dc8cf0940c: 1648 b808 | d88c 1ddc | 7600 0080 | 8831 0100 | 0001 e9e7 

  0x000076dc8cf09420: ;   {metadata('kotlin/coroutines/Continuation')}
  0x000076dc8cf09420: 0000 0048 | b930 2208 | 28dc 7600 | 008b 4608 | 49ba 0000 | 0026 dc76 | 0000 4903 | c248 3b48 
  0x000076dc8cf09440: 200f 841a | 0000 0048 | 3bc1 0f84 | 1100 0000 

  0x000076dc8cf09450: ;   {runtime_call slow_subtype_check Runtime1 stub}
  0x000076dc8cf09450: 5051 e829 | a006 0758 | 5885 c00f | 848d 0000 

  0x000076dc8cf09460: ;   {metadata(method data for {method} {0x000076dc1c4f3638} 'resumeWith' '(Ljava/lang/Object;)V' in 'kotlin/coroutines/jvm/internal/BaseContinuationImpl')}
  0x000076dc8cf09460: 0048 b808 | d88c 1ddc | 7600 008b | 4e08 49ba | 0000 0026 | dc76 0000 | 4903 ca48 | 3b88 4801 
  0x000076dc8cf09480: 0000 750d | 4883 8050 | 0100 0001 | e979 0000 | 0048 3b88 | 5801 0000 | 750d 4883 | 8060 0100 
  0x000076dc8cf094a0: 0001 e963 | 0000 0048 | 83b8 4801 | 0000 0075 | 1748 8988 | 4801 0000 | 48c7 8050 | 0100 0001 
  0x000076dc8cf094c0: 0000 00e9 | 4200 0000 | 4883 b858 | 0100 0000 | 7517 4889 | 8858 0100 | 0048 c780 | 6001 0000 
  0x000076dc8cf094e0: 0100 0000 | e921 0000 | 00e9 1c00 

  0x000076dc8cf094ec: ;   {metadata(method data for {method} {0x000076dc1c4f3638} 'resumeWith' '(Ljava/lang/Object;)V' in 'kotlin/coroutines/jvm/internal/BaseContinuationImpl')}
  0x000076dc8cf094ec: 0000 48b8 | 08d8 8c1d | dc76 0000 | 4883 a838 | 0100 0001 | e913 1600 | 00e9 0000 | 0000 488b 
  0x000076dc8cf0950c: ;   {metadata(method data for {method} {0x000076dc1c4f3638} 'resumeWith' '(Ljava/lang/Object;)V' in 'kotlin/coroutines/jvm/internal/BaseContinuationImpl')}
  0x000076dc8cf0950c: fe48 bb08 | d88c 1ddc | 7600 0048 | 8383 7001 

  0x000076dc8cf0951c: ;   {metadata(method data for {method} {0x000076dc1c61d220} 'probeCoroutineResumed' '(Lkotlin/coroutines/Continuation;)V' in 'kotlin/coroutines/jvm/internal/DebugProbesKt')}
  0x000076dc8cf0951c: 0000 0148 | bb68 ab8c | 1ddc 7600 | 008b 83f4 | 0000 0083 | c002 8983 | f400 0000 | 25fe ff1f 
  0x000076dc8cf0953c: 0085 c00f | 84dc 1500 

  0x000076dc8cf09544: ;   {metadata(method data for {method} {0x000076dc1c61d220} 'probeCoroutineResumed' '(Lkotlin/coroutines/Continuation;)V' in 'kotlin/coroutines/jvm/internal/DebugProbesKt')}
  0x000076dc8cf09544: 0048 bb68 | ab8c 1ddc | 7600 0048 | 8383 3801 

  0x000076dc8cf09554: ;   {metadata(method data for {method} {0x000076dc1c41bd20} 'checkNotNullParameter' '(Ljava/lang/Object;Ljava/lang/String;)V' in 'kotlin/jvm/internal/Intrinsics')}
  0x000076dc8cf09554: 0000 0148 | bb00 806e | 1cdc 7600 | 008b 83f4 | 0000 0083 | c002 8983 | f400 0000 | 25fe ff1f 
  0x000076dc8cf09574: 0085 c00f | 84c5 1500 | 0048 85ff 

  0x000076dc8cf09580: ;   {metadata(method data for {method} {0x000076dc1c41bd20} 'checkNotNullParameter' '(Ljava/lang/Object;Ljava/lang/String;)V' in 'kotlin/jvm/internal/Intrinsics')}
  0x000076dc8cf09580: 48bf 0080 | 6e1c dc76 | 0000 48c7 | c348 0100 | 0074 0748 | c7c3 3801 | 0000 488b | 041f 488d 
  0x000076dc8cf095a0: 4001 4889 | 041f 0f84 | a00d 0000 | 4885 f675 

  0x000076dc8cf095b0: ;   {metadata(method data for {method} {0x000076dc1c4f3638} 'resumeWith' '(Ljava/lang/Object;)V' in 'kotlin/coroutines/jvm/internal/BaseContinuationImpl')}
  0x000076dc8cf095b0: 1648 bb08 | d88c 1ddc | 7600 0080 | 8b79 0100 | 0001 e9cd 

  0x000076dc8cf095c4: ;   {metadata('kotlin/coroutines/jvm/internal/BaseContinuationImpl')}
  0x000076dc8cf095c4: 0000 0048 | b890 2608 | 28dc 7600 | 008b 5e08 | 49ba 0000 | 0026 dc76 | 0000 4903 | da48 3b43 
  0x000076dc8cf095e4: 380f 858d 

  0x000076dc8cf095e8: ;   {metadata(method data for {method} {0x000076dc1c4f3638} 'resumeWith' '(Ljava/lang/Object;)V' in 'kotlin/coroutines/jvm/internal/BaseContinuationImpl')}
  0x000076dc8cf095e8: 0000 0048 | bb08 d88c | 1ddc 7600 | 008b 4608 | 49ba 0000 | 0026 dc76 | 0000 4903 | c248 3b83 
  0x000076dc8cf09608: 9001 0000 | 750d 4883 | 8398 0100 | 0001 e979 | 0000 0048 | 3b83 a001 | 0000 750d | 4883 83a8 
  0x000076dc8cf09628: 0100 0001 | e963 0000 | 0048 83bb | 9001 0000 | 0075 1748 | 8983 9001 | 0000 48c7 | 8398 0100 
  0x000076dc8cf09648: 0001 0000 | 00e9 4200 | 0000 4883 | bba0 0100 | 0000 7517 | 4889 83a0 | 0100 0048 | c783 a801 
  0x000076dc8cf09668: 0000 0100 | 0000 e921 | 0000 00e9 | 1c00 0000 

  0x000076dc8cf09678: ;   {metadata(method data for {method} {0x000076dc1c4f3638} 'resumeWith' '(Ljava/lang/Object;)V' in 'kotlin/coroutines/jvm/internal/BaseContinuationImpl')}
  0x000076dc8cf09678: 48bb 08d8 | 8c1d dc76 | 0000 4883 | ab80 0100 | 0001 e9d4 | 1400 00e9 | 0000 0000 | 488b fe8b 
  0x000076dc8cf09698: 5f0c 48c1 | e303 4889 | 9c24 b000 

  0x000076dc8cf096a4: ;   {metadata(method data for {method} {0x000076dc1c4f3638} 'resumeWith' '(Ljava/lang/Object;)V' in 'kotlin/coroutines/jvm/internal/BaseContinuationImpl')}
  0x000076dc8cf096a4: 0000 48be | 08d8 8c1d | dc76 0000 | 4883 86b8 | 0100 0001 

  0x000076dc8cf096b8: ;   {metadata(method data for {method} {0x000076dc1c41aae0} 'checkNotNull' '(Ljava/lang/Object;)V' in 'kotlin/jvm/internal/Intrinsics')}
  0x000076dc8cf096b8: 48be 70d1 | 471d dc76 | 0000 8b86 | f400 0000 | 83c0 0289 | 86f4 0000 | 0025 feff | 1f00 85c0 
  0x000076dc8cf096d8: 0f84 9314 | 0000 4885 

  0x000076dc8cf096e0: ;   {metadata(method data for {method} {0x000076dc1c41aae0} 'checkNotNull' '(Ljava/lang/Object;)V' in 'kotlin/jvm/internal/Intrinsics')}
  0x000076dc8cf096e0: db48 be70 | d147 1ddc | 7600 0048 | c7c0 4801 | 0000 7407 | 48c7 c038 | 0100 0048 | 8b0c 0648 
  0x000076dc8cf09700: 8d49 0148 | 890c 060f | 8457 0a00 | 0048 8bf7 

  0x000076dc8cf09710: ;   {metadata(method data for {method} {0x000076dc1c4f3638} 'resumeWith' '(Ljava/lang/Object;)V' in 'kotlin/coroutines/jvm/internal/BaseContinuationImpl')}
  0x000076dc8cf09710: 48b8 08d8 | 8c1d dc76 | 0000 8b76 | 0849 ba00 | 0000 26dc | 7600 0049 | 03f2 483b | b0d8 0100 
  0x000076dc8cf09730: 0075 0d48 | 8380 e001 | 0000 01e9 | 6000 0000 | 483b b0e8 | 0100 0075 | 0d48 8380 | f001 0000 
  0x000076dc8cf09750: 01e9 4a00 | 0000 4883 | b8d8 0100 | 0000 7517 | 4889 b0d8 | 0100 0048 | c780 e001 | 0000 0100 
  0x000076dc8cf09770: 0000 e929 | 0000 0048 | 83b8 e801 | 0000 0075 | 1748 89b0 | e801 0000 | 48c7 80f0 | 0100 0001 
  0x000076dc8cf09790: 0000 00e9 | 0800 0000 | 4883 80c8 | 0100 0001 | 488b f748 | 89bc 24a8 | 0000 0066 | 9048 b8ff 
  0x000076dc8cf097b0: ffff ffff 

  0x000076dc8cf097b4: ;   {virtual_call}
  0x000076dc8cf097b4: ffff ffe8 

  0x000076dc8cf097b8: ; ImmutableOopMap {[168]=Oop [176]=Oop }
                      ;*invokevirtual invokeSuspend {reexecute=0 rethrow=0 return_oop=0}
                      ; - kotlin.coroutines.jvm.internal.BaseContinuationImpl::resumeWith@40 (line 34)
  0x000076dc8cf097b8: bc3f 1a07 

  0x000076dc8cf097bc: ;   {other}
  0x000076dc8cf097bc: 0f1f 8400 | 2c08 0000 

  0x000076dc8cf097c4: ;   {metadata(method data for {method} {0x000076dc1c4f3638} 'resumeWith' '(Ljava/lang/Object;)V' in 'kotlin/coroutines/jvm/internal/BaseContinuationImpl')}
  0x000076dc8cf097c4: 48ba 08d8 | 8c1d dc76 | 0000 4883 | 8200 0200 

  0x000076dc8cf097d4: ;   {metadata(method data for {method} {0x000076dc1c61b140} 'getCOROUTINE_SUSPENDED' '()Ljava/lang/Object;' in 'kotlin/coroutines/intrinsics/IntrinsicsKt__IntrinsicsKt')}
  0x000076dc8cf097d4: 0001 48ba | e02e 811d | dc76 0000 | 8bb2 f400 | 0000 83c6 | 0289 b2f4 | 0000 0081 | e6fe ff1f 
  0x000076dc8cf097f4: 0085 f60f | 8495 1300 

  0x000076dc8cf097fc: ;   {oop(a 'kotlin/coroutines/intrinsics/CoroutineSingletons'{0x00000005278afe48})}
  0x000076dc8cf097fc: 0049 ba48 | fe8a 2705 | 0000 0049 

  0x000076dc8cf09808: ;   {metadata(method data for {method} {0x000076dc1c4f3638} 'resumeWith' '(Ljava/lang/Object;)V' in 'kotlin/coroutines/jvm/internal/BaseContinuationImpl')}
  0x000076dc8cf09808: 3bc2 48ba | 08d8 8c1d | dc76 0000 | 48c7 c620 | 0200 0074 | 0748 c7c6 | 1002 0000 | 488b 3c32 
  0x000076dc8cf09828: 488d 7f01 | 4889 3c32 | 0f84 140e 

  0x000076dc8cf09834: ;   {metadata(method data for {method} {0x000076dc1c4f3638} 'resumeWith' '(Ljava/lang/Object;)V' in 'kotlin/coroutines/jvm/internal/BaseContinuationImpl')}
  0x000076dc8cf09834: 0000 48ba | 08d8 8c1d | dc76 0000 | 4883 8230 | 0200 0001 

  0x000076dc8cf09848: ;   {metadata(method data for {method} {0x000076dc1c6298a8} 'constructor-impl' '(Ljava/lang/Object;)Ljava/lang/Object;' in 'kotlin/Result')}
  0x000076dc8cf09848: 48ba d00c | 871d dc76 | 0000 8bb2 | f400 0000 | 83c6 0289 | b2f4 0000 | 0081 e6fe | ff1f 0085 
  0x000076dc8cf09868: f60f 8444 

  0x000076dc8cf0986c: ;   {metadata(method data for {method} {0x000076dc1c4f3638} 'resumeWith' '(Ljava/lang/Object;)V' in 'kotlin/coroutines/jvm/internal/BaseContinuationImpl')}
  0x000076dc8cf0986c: 1300 0048 | ba08 d88c | 1ddc 7600 | 00ff 8240 | 0200 00e9 | 5002 0000 | 498b 87f8 | 0400 004d 
  0x000076dc8cf0988c: 33d2 4d89 | 97f8 0400 | 004d 33d2 | 4d89 9700 

  0x000076dc8cf0989c: ;   {metadata(method data for {method} {0x000076dc1c4f3638} 'resumeWith' '(Ljava/lang/Object;)V' in 'kotlin/coroutines/jvm/internal/BaseContinuationImpl')}
  0x000076dc8cf0989c: 0500 0048 | ba08 d88c | 1ddc 7600 | 0048 8382 | 5802 0000 

  0x000076dc8cf098b0: ;   {metadata(method data for {method} {0x000076dc1c646b28} 'createFailure' '(Ljava/lang/Throwable;)Ljava/lang/Object;' in 'kotlin/ResultKt')}
  0x000076dc8cf098b0: 0148 ba80 | dd8c 1ddc | 7600 008b | b2f4 0000 | 0083 c602 | 89b2 f400 | 0000 81e6 | feff 1f00 
  0x000076dc8cf098d0: 85f6 0f84 | fc12 0000 

  0x000076dc8cf098d8: ;   {metadata(method data for {method} {0x000076dc1c646b28} 'createFailure' '(Ljava/lang/Throwable;)Ljava/lang/Object;' in 'kotlin/ResultKt')}
  0x000076dc8cf098d8: 48ba 80dd | 8c1d dc76 | 0000 4883 | 8238 0100 

  0x000076dc8cf098e8: ;   {metadata(method data for {method} {0x000076dc1c41bd20} 'checkNotNullParameter' '(Ljava/lang/Object;Ljava/lang/String;)V' in 'kotlin/jvm/internal/Intrinsics')}
  0x000076dc8cf098e8: 0001 48ba | 0080 6e1c | dc76 0000 | 8bb2 f400 | 0000 83c6 | 0289 b2f4 | 0000 0081 | e6fe ff1f 
  0x000076dc8cf09908: 0085 f60f | 84e4 1200 | 0048 85c0 

  0x000076dc8cf09914: ;   {metadata(method data for {method} {0x000076dc1c41bd20} 'checkNotNullParameter' '(Ljava/lang/Object;Ljava/lang/String;)V' in 'kotlin/jvm/internal/Intrinsics')}
  0x000076dc8cf09914: 48ba 0080 | 6e1c dc76 | 0000 48c7 | c648 0100 | 0074 0748 | c7c6 3801 | 0000 488b | 3c32 488d 
  0x000076dc8cf09934: 7f01 4889 | 3c32 0f84 | 0406 0000 

  0x000076dc8cf09940: ;   {metadata('kotlin/Result$Failure')}
  0x000076dc8cf09940: 48ba 68d8 | 0828 dc76 | 0000 488b | d849 8b87 | b801 0000 | 488d 7810 | 493b bfc8 | 0100 000f 
  0x000076dc8cf09960: 87b1 1200 | 0049 89bf | b801 0000 | 48c7 0001 | 0000 0048 | 8bca 49ba | 0000 0026 | dc76 0000 
  0x000076dc8cf09980: 492b ca89 | 4808 4833 | c989 480c | 4833 c948 

  0x000076dc8cf09990: ;   {metadata(method data for {method} {0x000076dc1c646b28} 'createFailure' '(Ljava/lang/Throwable;)Ljava/lang/Object;' in 'kotlin/ResultKt')}
  0x000076dc8cf09990: 8bf0 48bf | 80dd 8c1d | dc76 0000 | 4883 8748 | 0100 0001 

  0x000076dc8cf099a4: ;   {metadata(method data for {method} {0x000076dc1c62b958} '<init>' '(Ljava/lang/Throwable;)V' in 'kotlin/Result$Failure')}
  0x000076dc8cf099a4: 48be 18df | 8c1d dc76 | 0000 8bbe | f400 0000 | 83c7 0289 | bef4 0000 | 0081 e7fe | ff1f 0085 
  0x000076dc8cf099c4: ff0f 8458 

  0x000076dc8cf099c8: ;   {metadata(method data for {method} {0x000076dc1c62b958} '<init>' '(Ljava/lang/Throwable;)V' in 'kotlin/Result$Failure')}
  0x000076dc8cf099c8: 1200 0048 | be18 df8c | 1ddc 7600 | 0048 8386 | 3801 0000 

  0x000076dc8cf099dc: ;   {metadata(method data for {method} {0x000076dc1c41bd20} 'checkNotNullParameter' '(Ljava/lang/Object;Ljava/lang/String;)V' in 'kotlin/jvm/internal/Intrinsics')}
  0x000076dc8cf099dc: 0148 be00 | 806e 1cdc | 7600 008b | bef4 0000 | 0083 c702 | 89be f400 | 0000 81e7 | feff 1f00 
  0x000076dc8cf099fc: 85ff 0f84 | 4012 0000 

  0x000076dc8cf09a04: ;   {metadata(method data for {method} {0x000076dc1c41bd20} 'checkNotNullParameter' '(Ljava/lang/Object;Ljava/lang/String;)V' in 'kotlin/jvm/internal/Intrinsics')}
  0x000076dc8cf09a04: 4885 db48 | be00 806e | 1cdc 7600 | 0048 c7c7 | 4801 0000 | 7407 48c7 | c738 0100 | 0048 8b14 
  0x000076dc8cf09a24: 3e48 8d52 | 0148 8914 | 3e0f 84ec | 0200 0048 

  0x000076dc8cf09a34: ;   {metadata(method data for {method} {0x000076dc1c62b958} '<init>' '(Ljava/lang/Throwable;)V' in 'kotlin/Result$Failure')}
  0x000076dc8cf09a34: 8bf0 48bf | 18df 8c1d | dc76 0000 | 4883 8748 | 0100 0001 

  0x000076dc8cf09a48: ;   {metadata(method data for {method} {0x000076dc26b55e08} '<init>' '()V' in 'java/lang/Object')}
  0x000076dc8cf09a48: 48be e089 | 001c dc76 | 0000 8bbe | f400 0000 | 83c7 0289 | bef4 0000 | 0081 e7fe | ff1f 0085 
  0x000076dc8cf09a68: ff0f 84f6 | 1100 0041 | 0fbe 7740 | 85f6 0f85 | 0a12 0000 | 4c8b d349 | c1ea 0344 | 8950 0c48 
  0x000076dc8cf09a88: 8bf0 4833 | f348 c1ee | 1748 83fe | 000f 850a 

  0x000076dc8cf09a98: ;   {metadata(method data for {method} {0x000076dc1c4f3638} 'resumeWith' '(Ljava/lang/Object;)V' in 'kotlin/coroutines/jvm/internal/BaseContinuationImpl')}
  0x000076dc8cf09a98: 1200 0048 | be08 d88c | 1ddc 7600 | 0048 8386 | 6802 0000 

  0x000076dc8cf09aac: ;   {metadata(method data for {method} {0x000076dc1c6298a8} 'constructor-impl' '(Ljava/lang/Object;)Ljava/lang/Object;' in 'kotlin/Result')}
  0x000076dc8cf09aac: 0148 bed0 | 0c87 1ddc | 7600 008b | bef4 0000 | 0083 c702 | 89be f400 | 0000 81e7 | feff 1f00 
  0x000076dc8cf09acc: 85ff 0f84 | e911 0000 | 4889 8424 | b800 0000 | 488b bc24 | a800 0000 

  0x000076dc8cf09ae4: ;   {metadata(method data for {method} {0x000076dc1c4f3638} 'resumeWith' '(Ljava/lang/Object;)V' in 'kotlin/coroutines/jvm/internal/BaseContinuationImpl')}
  0x000076dc8cf09ae4: 48be 08d8 | 8c1d dc76 | 0000 8b7f | 0849 ba00 | 0000 26dc | 7600 0049 | 03fa 483b | be88 0200 
  0x000076dc8cf09b04: 0075 0d48 | 8386 9002 | 0000 01e9 | 6000 0000 | 483b be98 | 0200 0075 | 0d48 8386 | a002 0000 
  0x000076dc8cf09b24: 01e9 4a00 | 0000 4883 | be88 0200 | 0000 7517 | 4889 be88 | 0200 0048 | c786 9002 | 0000 0100 
  0x000076dc8cf09b44: 0000 e929 | 0000 0048 | 83be 9802 | 0000 0075 | 1748 89be | 9802 0000 | 48c7 86a0 | 0200 0001 
  0x000076dc8cf09b64: 0000 00e9 | 0800 0000 | 4883 8678 | 0200 0001 | 488b b424 | a800 0000 | 9048 b8ff | ffff ffff 
  0x000076dc8cf09b84: ;   {virtual_call}
  0x000076dc8cf09b84: ffff ffe8 

  0x000076dc8cf09b88: ; ImmutableOopMap {[176]=Oop [184]=Oop }
                      ;*invokevirtual releaseIntercepted {reexecute=0 rethrow=0 return_oop=0}
                      ; - kotlin.coroutines.jvm.internal.BaseContinuationImpl::resumeWith@90 (line 40)
  0x000076dc8cf09b88: 143a 1a07 

  0x000076dc8cf09b8c: ;   {other}
  0x000076dc8cf09b8c: 0f1f 8400 | fc0b 0001 | 488b 9c24 | b000 0000 | 4885 db75 

  0x000076dc8cf09ba0: ;   {metadata(method data for {method} {0x000076dc1c4f3638} 'resumeWith' '(Ljava/lang/Object;)V' in 'kotlin/coroutines/jvm/internal/BaseContinuationImpl')}
  0x000076dc8cf09ba0: 1648 bf08 | d88c 1ddc | 7600 0080 | 8fa9 0200 | 0001 e9cd 

  0x000076dc8cf09bb4: ;   {metadata('kotlin/coroutines/jvm/internal/BaseContinuationImpl')}
  0x000076dc8cf09bb4: 0000 0048 | b890 2608 | 28dc 7600 | 008b 7b08 | 49ba 0000 | 0026 dc76 | 0000 4903 | fa48 3b47 
  0x000076dc8cf09bd4: 380f 858d 

  0x000076dc8cf09bd8: ;   {metadata(method data for {method} {0x000076dc1c4f3638} 'resumeWith' '(Ljava/lang/Object;)V' in 'kotlin/coroutines/jvm/internal/BaseContinuationImpl')}
  0x000076dc8cf09bd8: 0000 0048 | bf08 d88c | 1ddc 7600 | 008b 4308 | 49ba 0000 | 0026 dc76 | 0000 4903 | c248 3b87 
  0x000076dc8cf09bf8: c002 0000 | 750d 4883 | 87c8 0200 | 0001 e97e | 0000 0048 | 3b87 d002 | 0000 750d | 4883 87d8 
  0x000076dc8cf09c18: 0200 0001 | e968 0000 | 0048 83bf | c002 0000 | 0075 1748 | 8987 c002 | 0000 48c7 | 87c8 0200 
  0x000076dc8cf09c38: 0001 0000 | 00e9 4700 | 0000 4883 | bfd0 0200 | 0000 7517 | 4889 87d0 | 0200 0048 | c787 d802 
  0x000076dc8cf09c58: 0000 0100 | 0000 e926 | 0000 00e9 | 2100 0000 

  0x000076dc8cf09c68: ;   {metadata(method data for {method} {0x000076dc1c4f3638} 'resumeWith' '(Ljava/lang/Object;)V' in 'kotlin/coroutines/jvm/internal/BaseContinuationImpl')}
  0x000076dc8cf09c68: 48bf 08d8 | 8c1d dc76 | 0000 4883 | afb0 0200 | 0001 e905 | 0000 00e9 | 0500 0000 | 4833 d2eb 
  0x000076dc8cf09c88: 0748 c7c2 | 0100 0000 

  0x000076dc8cf09c90: ;   {metadata(method data for {method} {0x000076dc1c4f3638} 'resumeWith' '(Ljava/lang/Object;)V' in 'kotlin/coroutines/jvm/internal/BaseContinuationImpl')}
  0x000076dc8cf09c90: 85d2 48ba | 08d8 8c1d | dc76 0000 | 48c7 c6e8 | 0200 0074 | 0748 c7c6 | f802 0000 | 488b 3c32 
  0x000076dc8cf09cb0: 488d 7f01 | 4889 3c32 | 0f84 b608 

  0x000076dc8cf09cbc: ;   {metadata(method data for {method} {0x000076dc1c4f3638} 'resumeWith' '(Ljava/lang/Object;)V' in 'kotlin/coroutines/jvm/internal/BaseContinuationImpl')}
  0x000076dc8cf09cbc: 0000 48ba | 08d8 8c1d | dc76 0000 | ff82 0803 

  0x000076dc8cf09ccc: ;   {metadata(method data for {method} {0x000076dc1c4f3638} 'resumeWith' '(Ljava/lang/Object;)V' in 'kotlin/coroutines/jvm/internal/BaseContinuationImpl')}
  0x000076dc8cf09ccc: 0000 48ba | 08d8 8c1d | dc76 0000 | 8bb2 f800 | 0000 83c6 | 0289 b2f8 | 0000 0081 | e6fe 3f00 
  0x000076dc8cf09cec: 0085 f60f | 84e9 0f00 | 004d 8b97 

  0x000076dc8cf09cf8: ; ImmutableOopMap {rbx=Oop [176]=Oop [184]=Oop }
                      ;*goto {reexecute=1 rethrow=0 return_oop=0}
                      ; - (reexecute) kotlin.coroutines.jvm.internal.BaseContinuationImpl::resumeWith@121 (line 30)
  0x000076dc8cf09cf8: 5004 0000 

  0x000076dc8cf09cfc: ;   {poll}
  0x000076dc8cf09cfc: 4185 0248 | ba08 d88c | 1ddc 7600 | 00ff 8258 | 0300 0048 | 8b94 24b8 | 0000 0048 | 8bf3 e9e9 
  0x000076dc8cf09d1c: f6ff ff48 | 8984 24c8 | 0000 0048 | 899c 24d0 

  0x000076dc8cf09d2c: ;   {metadata(method data for {method} {0x000076dc1c41bd20} 'checkNotNullParameter' '(Ljava/lang/Object;Ljava/lang/String;)V' in 'kotlin/jvm/internal/Intrinsics')}
  0x000076dc8cf09d2c: 0000 0048 | ba00 806e | 1cdc 7600 | 0048 8382 | 5801 0000 

  0x000076dc8cf09d40: ;   {metadata(method data for {method} {0x000076dc1c41bed0} 'throwParameterIsNullNPE' '(Ljava/lang/String;)V' in 'kotlin/jvm/internal/Intrinsics')}
  0x000076dc8cf09d40: 0148 bab0 | 816e 1cdc | 7600 008b | b2f4 0000 | 0083 c602 | 89b2 f400 | 0000 81e6 | feff 1f00 
  0x000076dc8cf09d60: 85f6 0f84 | 970f 0000 

  0x000076dc8cf09d68: ;   {no_reloc}
  0x000076dc8cf09d68: e9c2 0f00 | 0000 0000 | 0000 498b | 87b8 0100 | 0048 8d78 | 3049 3bbf | c801 0000 | 0f87 af0f 
  0x000076dc8cf09d88: 0000 4989 | bfb8 0100 | 0048 c700 | 0100 0000 | 488b ca49 | ba00 0000 | 26dc 7600 | 0049 2bca 
  0x000076dc8cf09da8: 8948 0848 | 33c9 8948 | 0c48 33c9 | 4889 4810 | 4889 4818 | 4889 4820 | 4889 4828 

  0x000076dc8cf09dc4: ;   {metadata(method data for {method} {0x000076dc1c41bed0} 'throwParameterIsNullNPE' '(Ljava/lang/String;)V' in 'kotlin/jvm/internal/Intrinsics')}
  0x000076dc8cf09dc4: 48be b081 | 6e1c dc76 | 0000 4883 | 8638 0100 

  0x000076dc8cf09dd4: ;   {oop("exception"{0x00000007ff89d6c0})}
  0x000076dc8cf09dd4: 0001 48be | c0d6 89ff | 0700 0000 | 4889 8424 | c000 0000 | 0f1f 8000 

  0x000076dc8cf09dec: ;   {static_call}
  0x000076dc8cf09dec: 0000 00e8 

  0x000076dc8cf09df0: ; ImmutableOopMap {[168]=Oop [176]=Oop [192]=Oop [200]=Oop [208]=Oop }
                      ;*invokestatic createParameterIsNullExceptionMessage {reexecute=0 rethrow=0 return_oop=0}
                      ; - kotlin.jvm.internal.Intrinsics::throwParameterIsNullNPE@5 (line 140)
                      ; - kotlin.jvm.internal.Intrinsics::checkNotNullParameter@5 (line 131)
                      ; - kotlin.Result$Failure::<init>@3
                      ; - kotlin.ResultKt::createFailure@11 (line 122)
                      ; - kotlin.coroutines.jvm.internal.BaseContinuationImpl::resumeWith@76 (line 38)
  0x000076dc8cf09df0: 8c3b fa06 

  0x000076dc8cf09df4: ;   {other}
  0x000076dc8cf09df4: 0f1f 8400 | 640e 0003 | 488b 9424 | c000 0000 

  0x000076dc8cf09e04: ;   {metadata(method data for {method} {0x000076dc1c41bed0} 'throwParameterIsNullNPE' '(Ljava/lang/String;)V' in 'kotlin/jvm/internal/Intrinsics')}
  0x000076dc8cf09e04: 48be b081 | 6e1c dc76 | 0000 4883 | 8648 0100 | 0001 488b | d048 8bb4 | 24c0 0000 | 0066 0f1f 
  0x000076dc8cf09e24: ;   {optimized virtual_call}
  0x000076dc8cf09e24: 4400 00e8 

  0x000076dc8cf09e28: ; ImmutableOopMap {[168]=Oop [176]=Oop [192]=Oop [200]=Oop [208]=Oop }
                      ;*invokespecial <init> {reexecute=0 rethrow=0 return_oop=0}
                      ; - kotlin.jvm.internal.Intrinsics::throwParameterIsNullNPE@8 (line 140)
                      ; - kotlin.jvm.internal.Intrinsics::checkNotNullParameter@5 (line 131)
                      ; - kotlin.Result$Failure::<init>@3
                      ; - kotlin.ResultKt::createFailure@11 (line 122)
                      ; - kotlin.coroutines.jvm.internal.BaseContinuationImpl::resumeWith@76 (line 38)
  0x000076dc8cf09e28: 5435 fa06 

  0x000076dc8cf09e2c: ;   {other}
  0x000076dc8cf09e2c: 0f1f 8400 | 9c0e 0004 

  0x000076dc8cf09e34: ;   {metadata(method data for {method} {0x000076dc1c41bed0} 'throwParameterIsNullNPE' '(Ljava/lang/String;)V' in 'kotlin/jvm/internal/Intrinsics')}
  0x000076dc8cf09e34: 48be b081 | 6e1c dc76 | 0000 4883 | 8658 0100 

  0x000076dc8cf09e44: ;   {metadata(method data for {method} {0x000076dc1c41d110} 'sanitizeStackTrace' '(Ljava/lang/Throwable;)Ljava/lang/Throwable;' in 'kotlin/jvm/internal/Intrinsics')}
  0x000076dc8cf09e44: 0001 48be | e088 6e1c | dc76 0000 | 8bbe f400 | 0000 83c7 | 0289 bef4 | 0000 0081 | e7fe ff1f 
  0x000076dc8cf09e64: 0085 ff0f | 84d9 0e00 

  0x000076dc8cf09e6c: ;   {oop(a 'java/lang/Class'{0x00000005278031f8} = 'kotlin/jvm/internal/Intrinsics')}
  0x000076dc8cf09e6c: 0048 bef8 | 3180 2705 | 0000 0048 

  0x000076dc8cf09e78: ;   {metadata(method data for {method} {0x000076dc1c41d110} 'sanitizeStackTrace' '(Ljava/lang/Throwable;)Ljava/lang/Throwable;' in 'kotlin/jvm/internal/Intrinsics')}
  0x000076dc8cf09e78: 8bfe 48bb | e088 6e1c | dc76 0000 | 4883 8338 | 0100 0001 

  0x000076dc8cf09e8c: ;   {metadata(method data for {method} {0x000076dc26b49be0} 'getName' '()Ljava/lang/String;' in 'java/lang/Class')}
  0x000076dc8cf09e8c: 48bf 0816 | 041c dc76 | 0000 8b9f | f400 0000 | 83c3 0289 | 9ff4 0000 | 0081 e3fe | ff1f 0085 
  0x000076dc8cf09eac: db0f 84b4 | 0e00 008b | 762c 48c1 | e603 4885 

  0x000076dc8cf09ebc: ;   {metadata(method data for {method} {0x000076dc26b49be0} 'getName' '()Ljava/lang/String;' in 'java/lang/Class')}
  0x000076dc8cf09ebc: f648 bf08 | 1604 1cdc | 7600 0048 | c7c3 3801 | 0000 7407 | 48c7 c348 | 0100 0048 | 8b04 1f48 
  0x000076dc8cf09edc: 8d40 0148 | 8904 1f0f | 8418 0000 

  0x000076dc8cf09ee8: ;   {metadata(method data for {method} {0x000076dc26b49be0} 'getName' '()Ljava/lang/String;' in 'java/lang/Class')}
  0x000076dc8cf09ee8: 0048 bf08 | 1604 1cdc | 7600 00ff | 8758 0100 | 0048 8bfe | e936 0000 

  0x000076dc8cf09f00: ;   {oop(a 'java/lang/Class'{0x00000005278031f8} = 'kotlin/jvm/internal/Intrinsics')}
  0x000076dc8cf09f00: 0048 bef8 | 3180 2705 | 0000 0048 

  0x000076dc8cf09f0c: ;   {metadata(method data for {method} {0x000076dc26b49be0} 'getName' '()Ljava/lang/String;' in 'java/lang/Class')}
  0x000076dc8cf09f0c: 8bfe 48bb | 0816 041c | dc76 0000 | 4883 8370 | 0100 0001 | 0f1f 8000 

  0x000076dc8cf09f24: ;   {optimized virtual_call}
  0x000076dc8cf09f24: 0000 00e8 

  0x000076dc8cf09f28: ; ImmutableOopMap {[168]=Oop [176]=Oop [192]=Oop [200]=Oop [208]=Oop }
                      ;*invokevirtual initClassName {reexecute=0 rethrow=0 return_oop=0}
                      ; - java.lang.Class::getName@14 (line 948)
                      ; - kotlin.jvm.internal.Intrinsics::sanitizeStackTrace@3 (line 253)
                      ; - kotlin.jvm.internal.Intrinsics::throwParameterIsNullNPE@11 (line 140)
                      ; - kotlin.jvm.internal.Intrinsics::checkNotNullParameter@5 (line 131)
                      ; - kotlin.Result$Failure::<init>@3
                      ; - kotlin.ResultKt::createFailure@11 (line 122)
                      ; - kotlin.coroutines.jvm.internal.BaseContinuationImpl::resumeWith@76 (line 38)
  0x000076dc8cf09f28: 5434 fa06 

  0x000076dc8cf09f2c: ;   {other}
  0x000076dc8cf09f2c: 0f1f 8400 | 9c0f 0005 | 488b f848 | 8b84 24c0 | 0000 00e9 | 780a 0000 | 4889 8424 | d000 0000 
  0x000076dc8cf09f4c: ;   {metadata(method data for {method} {0x000076dc1c41bd20} 'checkNotNullParameter' '(Ljava/lang/Object;Ljava/lang/String;)V' in 'kotlin/jvm/internal/Intrinsics')}
  0x000076dc8cf09f4c: 48ba 0080 | 6e1c dc76 | 0000 4883 | 8258 0100 

  0x000076dc8cf09f5c: ;   {metadata(method data for {method} {0x000076dc1c41bed0} 'throwParameterIsNullNPE' '(Ljava/lang/String;)V' in 'kotlin/jvm/internal/Intrinsics')}
  0x000076dc8cf09f5c: 0001 48ba | b081 6e1c | dc76 0000 | 8bb2 f400 | 0000 83c6 | 0289 b2f4 | 0000 0081 | e6fe ff1f 
  0x000076dc8cf09f7c: 0085 f60f | 8408 0e00 | 0066 6690 

  0x000076dc8cf09f88: ;   {no_reloc}
  0x000076dc8cf09f88: e930 0e00 | 0000 0000 | 0000 498b | 87b8 0100 | 0048 8d78 | 3049 3bbf | c801 0000 | 0f87 1d0e 
  0x000076dc8cf09fa8: 0000 4989 | bfb8 0100 | 0048 c700 | 0100 0000 | 488b ca49 | ba00 0000 | 26dc 7600 | 0049 2bca 
  0x000076dc8cf09fc8: 8948 0848 | 33c9 8948 | 0c48 33c9 | 4889 4810 | 4889 4818 | 4889 4820 | 4889 4828 

  0x000076dc8cf09fe4: ;   {metadata(method data for {method} {0x000076dc1c41bed0} 'throwParameterIsNullNPE' '(Ljava/lang/String;)V' in 'kotlin/jvm/internal/Intrinsics')}
  0x000076dc8cf09fe4: 48be b081 | 6e1c dc76 | 0000 4883 | 8638 0100 

  0x000076dc8cf09ff4: ;   {oop("exception"{0x00000007ff89d6c0})}
  0x000076dc8cf09ff4: 0001 48be | c0d6 89ff | 0700 0000 | 4889 8424 | d800 0000 | 0f1f 8000 

  0x000076dc8cf0a00c: ;   {static_call}
  0x000076dc8cf0a00c: 0000 00e8 

  0x000076dc8cf0a010: ; ImmutableOopMap {[168]=Oop [176]=Oop [208]=Oop [216]=Oop }
                      ;*invokestatic createParameterIsNullExceptionMessage {reexecute=0 rethrow=0 return_oop=0}
                      ; - kotlin.jvm.internal.Intrinsics::throwParameterIsNullNPE@5 (line 140)
                      ; - kotlin.jvm.internal.Intrinsics::checkNotNullParameter@5 (line 131)
                      ; - kotlin.ResultKt::createFailure@3
                      ; - kotlin.coroutines.jvm.internal.BaseContinuationImpl::resumeWith@76 (line 38)
  0x000076dc8cf0a010: 6c39 fa06 

  0x000076dc8cf0a014: ;   {other}
  0x000076dc8cf0a014: 0f1f 8400 | 8410 0006 | 488b 9424 | d800 0000 

  0x000076dc8cf0a024: ;   {metadata(method data for {method} {0x000076dc1c41bed0} 'throwParameterIsNullNPE' '(Ljava/lang/String;)V' in 'kotlin/jvm/internal/Intrinsics')}
  0x000076dc8cf0a024: 48be b081 | 6e1c dc76 | 0000 4883 | 8648 0100 | 0001 488b | d048 8bb4 | 24d8 0000 | 0066 0f1f 
  0x000076dc8cf0a044: ;   {optimized virtual_call}
  0x000076dc8cf0a044: 4400 00e8 

  0x000076dc8cf0a048: ; ImmutableOopMap {[168]=Oop [176]=Oop [208]=Oop [216]=Oop }
                      ;*invokespecial <init> {reexecute=0 rethrow=0 return_oop=0}
                      ; - kotlin.jvm.internal.Intrinsics::throwParameterIsNullNPE@8 (line 140)
                      ; - kotlin.jvm.internal.Intrinsics::checkNotNullParameter@5 (line 131)
                      ; - kotlin.ResultKt::createFailure@3
                      ; - kotlin.coroutines.jvm.internal.BaseContinuationImpl::resumeWith@76 (line 38)
  0x000076dc8cf0a048: 3433 fa06 

  0x000076dc8cf0a04c: ;   {other}
  0x000076dc8cf0a04c: 0f1f 8400 | bc10 0007 

  0x000076dc8cf0a054: ;   {metadata(method data for {method} {0x000076dc1c41bed0} 'throwParameterIsNullNPE' '(Ljava/lang/String;)V' in 'kotlin/jvm/internal/Intrinsics')}
  0x000076dc8cf0a054: 48be b081 | 6e1c dc76 | 0000 4883 | 8658 0100 

  0x000076dc8cf0a064: ;   {metadata(method data for {method} {0x000076dc1c41d110} 'sanitizeStackTrace' '(Ljava/lang/Throwable;)Ljava/lang/Throwable;' in 'kotlin/jvm/internal/Intrinsics')}
  0x000076dc8cf0a064: 0001 48be | e088 6e1c | dc76 0000 | 8bbe f400 | 0000 83c7 | 0289 bef4 | 0000 0081 | e7fe ff1f 
  0x000076dc8cf0a084: 0085 ff0f | 8447 0d00 

  0x000076dc8cf0a08c: ;   {oop(a 'java/lang/Class'{0x00000005278031f8} = 'kotlin/jvm/internal/Intrinsics')}
  0x000076dc8cf0a08c: 0048 bef8 | 3180 2705 | 0000 0048 

  0x000076dc8cf0a098: ;   {metadata(method data for {method} {0x000076dc1c41d110} 'sanitizeStackTrace' '(Ljava/lang/Throwable;)Ljava/lang/Throwable;' in 'kotlin/jvm/internal/Intrinsics')}
  0x000076dc8cf0a098: 8bfe 48bb | e088 6e1c | dc76 0000 | 4883 8338 | 0100 0001 

  0x000076dc8cf0a0ac: ;   {metadata(method data for {method} {0x000076dc26b49be0} 'getName' '()Ljava/lang/String;' in 'java/lang/Class')}
  0x000076dc8cf0a0ac: 48bf 0816 | 041c dc76 | 0000 8b9f | f400 0000 | 83c3 0289 | 9ff4 0000 | 0081 e3fe | ff1f 0085 
  0x000076dc8cf0a0cc: db0f 8422 | 0d00 008b | 762c 48c1 | e603 4885 

  0x000076dc8cf0a0dc: ;   {metadata(method data for {method} {0x000076dc26b49be0} 'getName' '()Ljava/lang/String;' in 'java/lang/Class')}
  0x000076dc8cf0a0dc: f648 bf08 | 1604 1cdc | 7600 0048 | c7c3 3801 | 0000 7407 | 48c7 c348 | 0100 0048 | 8b04 1f48 
  0x000076dc8cf0a0fc: 8d40 0148 | 8904 1f0f | 8418 0000 

  0x000076dc8cf0a108: ;   {metadata(method data for {method} {0x000076dc26b49be0} 'getName' '()Ljava/lang/String;' in 'java/lang/Class')}
  0x000076dc8cf0a108: 0048 bf08 | 1604 1cdc | 7600 00ff | 8758 0100 | 0048 8bfe | e936 0000 

  0x000076dc8cf0a120: ;   {oop(a 'java/lang/Class'{0x00000005278031f8} = 'kotlin/jvm/internal/Intrinsics')}
  0x000076dc8cf0a120: 0048 bef8 | 3180 2705 | 0000 0048 

  0x000076dc8cf0a12c: ;   {metadata(method data for {method} {0x000076dc26b49be0} 'getName' '()Ljava/lang/String;' in 'java/lang/Class')}
  0x000076dc8cf0a12c: 8bfe 48bb | 0816 041c | dc76 0000 | 4883 8370 | 0100 0001 | 0f1f 8000 

  0x000076dc8cf0a144: ;   {optimized virtual_call}
  0x000076dc8cf0a144: 0000 00e8 

  0x000076dc8cf0a148: ; ImmutableOopMap {[168]=Oop [176]=Oop [208]=Oop [216]=Oop }
                      ;*invokevirtual initClassName {reexecute=0 rethrow=0 return_oop=0}
                      ; - java.lang.Class::getName@14 (line 948)
                      ; - kotlin.jvm.internal.Intrinsics::sanitizeStackTrace@3 (line 253)
                      ; - kotlin.jvm.internal.Intrinsics::throwParameterIsNullNPE@11 (line 140)
                      ; - kotlin.jvm.internal.Intrinsics::checkNotNullParameter@5 (line 131)
                      ; - kotlin.ResultKt::createFailure@3
                      ; - kotlin.coroutines.jvm.internal.BaseContinuationImpl::resumeWith@76 (line 38)
  0x000076dc8cf0a148: 3432 fa06 

  0x000076dc8cf0a14c: ;   {other}
  0x000076dc8cf0a14c: 0f1f 8400 | bc11 0008 | 488b f848 | 8b84 24d8 | 0000 00e9 | 4007 0000 | 4889 bc24 | a800 0000 
  0x000076dc8cf0a16c: 4889 9424 | e800 0000 

  0x000076dc8cf0a174: ;   {metadata(method data for {method} {0x000076dc1c41aae0} 'checkNotNull' '(Ljava/lang/Object;)V' in 'kotlin/jvm/internal/Intrinsics')}
  0x000076dc8cf0a174: 48be 70d1 | 471d dc76 | 0000 4883 | 8658 0100 

  0x000076dc8cf0a184: ;   {metadata(method data for {method} {0x000076dc1c41ae28} 'throwJavaNpe' '()V' in 'kotlin/jvm/internal/Intrinsics')}
  0x000076dc8cf0a184: 0001 48be | 18d3 471d | dc76 0000 | 8bbe f400 | 0000 83c7 | 0289 bef4 | 0000 0081 | e7fe ff1f 
  0x000076dc8cf0a1a4: 0085 ff0f | 846e 0c00 | 0066 6690 

  0x000076dc8cf0a1b0: ;   {no_reloc}
  0x000076dc8cf0a1b0: e996 0c00 | 0000 0000 | 0000 498b | 87b8 0100 | 0048 8d78 | 3049 3bbf | c801 0000 | 0f87 830c 
  0x000076dc8cf0a1d0: 0000 4989 | bfb8 0100 | 0048 c700 | 0100 0000 | 488b ca49 | ba00 0000 | 26dc 7600 | 0049 2bca 
  0x000076dc8cf0a1f0: 8948 0848 | 33c9 8948 | 0c48 33c9 | 4889 4810 | 4889 4818 | 4889 4820 | 4889 4828 

  0x000076dc8cf0a20c: ;   {metadata(method data for {method} {0x000076dc1c41ae28} 'throwJavaNpe' '()V' in 'kotlin/jvm/internal/Intrinsics')}
  0x000076dc8cf0a20c: 488b f048 | bf18 d347 | 1ddc 7600 | 0048 8387 | 3801 0000 | 0148 8bf0 | 4889 8424 | e000 0000 
  0x000076dc8cf0a22c: ;   {optimized virtual_call}
  0x000076dc8cf0a22c: 6666 90e8 

  0x000076dc8cf0a230: ; ImmutableOopMap {[168]=Oop [176]=Oop [224]=Oop [232]=Oop }
                      ;*invokespecial <init> {reexecute=0 rethrow=0 return_oop=0}
                      ; - kotlin.jvm.internal.Intrinsics::throwJavaNpe@4 (line 45)
                      ; - kotlin.jvm.internal.Intrinsics::checkNotNull@4 (line 25)
                      ; - kotlin.coroutines.jvm.internal.BaseContinuationImpl::resumeWith@31 (line 31)
  0x000076dc8cf0a230: 4c31 fa06 

  0x000076dc8cf0a234: ;   {other}
  0x000076dc8cf0a234: 0f1f 8400 | a412 0009 

  0x000076dc8cf0a23c: ;   {metadata(method data for {method} {0x000076dc1c41ae28} 'throwJavaNpe' '()V' in 'kotlin/jvm/internal/Intrinsics')}
  0x000076dc8cf0a23c: 48be 18d3 | 471d dc76 | 0000 4883 | 8648 0100 

  0x000076dc8cf0a24c: ;   {metadata(method data for {method} {0x000076dc1c41d110} 'sanitizeStackTrace' '(Ljava/lang/Throwable;)Ljava/lang/Throwable;' in 'kotlin/jvm/internal/Intrinsics')}
  0x000076dc8cf0a24c: 0001 48be | e088 6e1c | dc76 0000 | 8bbe f400 | 0000 83c7 | 0289 bef4 | 0000 0081 | e7fe ff1f 
  0x000076dc8cf0a26c: 0085 ff0f | 84ed 0b00 

  0x000076dc8cf0a274: ;   {oop(a 'java/lang/Class'{0x00000005278031f8} = 'kotlin/jvm/internal/Intrinsics')}
  0x000076dc8cf0a274: 0048 bef8 | 3180 2705 | 0000 0048 

  0x000076dc8cf0a280: ;   {metadata(method data for {method} {0x000076dc1c41d110} 'sanitizeStackTrace' '(Ljava/lang/Throwable;)Ljava/lang/Throwable;' in 'kotlin/jvm/internal/Intrinsics')}
  0x000076dc8cf0a280: 8bfe 48bb | e088 6e1c | dc76 0000 | 4883 8338 | 0100 0001 

  0x000076dc8cf0a294: ;   {metadata(method data for {method} {0x000076dc26b49be0} 'getName' '()Ljava/lang/String;' in 'java/lang/Class')}
  0x000076dc8cf0a294: 48bf 0816 | 041c dc76 | 0000 8b9f | f400 0000 | 83c3 0289 | 9ff4 0000 | 0081 e3fe | ff1f 0085 
  0x000076dc8cf0a2b4: db0f 84c8 | 0b00 008b | 762c 48c1 | e603 4885 

  0x000076dc8cf0a2c4: ;   {metadata(method data for {method} {0x000076dc26b49be0} 'getName' '()Ljava/lang/String;' in 'java/lang/Class')}
  0x000076dc8cf0a2c4: f648 bf08 | 1604 1cdc | 7600 0048 | c7c3 3801 | 0000 7407 | 48c7 c348 | 0100 0048 | 8b04 1f48 
  0x000076dc8cf0a2e4: 8d40 0148 | 8904 1f0f | 8418 0000 

  0x000076dc8cf0a2f0: ;   {metadata(method data for {method} {0x000076dc26b49be0} 'getName' '()Ljava/lang/String;' in 'java/lang/Class')}
  0x000076dc8cf0a2f0: 0048 bf08 | 1604 1cdc | 7600 00ff | 8758 0100 | 0048 8bfe | e936 0000 

  0x000076dc8cf0a308: ;   {oop(a 'java/lang/Class'{0x00000005278031f8} = 'kotlin/jvm/internal/Intrinsics')}
  0x000076dc8cf0a308: 0048 bef8 | 3180 2705 | 0000 0048 

  0x000076dc8cf0a314: ;   {metadata(method data for {method} {0x000076dc26b49be0} 'getName' '()Ljava/lang/String;' in 'java/lang/Class')}
  0x000076dc8cf0a314: 8bfe 48bb | 0816 041c | dc76 0000 | 4883 8370 | 0100 0001 | 0f1f 8000 

  0x000076dc8cf0a32c: ;   {optimized virtual_call}
  0x000076dc8cf0a32c: 0000 00e8 

  0x000076dc8cf0a330: ; ImmutableOopMap {[168]=Oop [176]=Oop [224]=Oop [232]=Oop }
                      ;*invokevirtual initClassName {reexecute=0 rethrow=0 return_oop=0}
                      ; - java.lang.Class::getName@14 (line 948)
                      ; - kotlin.jvm.internal.Intrinsics::sanitizeStackTrace@3 (line 253)
                      ; - kotlin.jvm.internal.Intrinsics::throwJavaNpe@7 (line 45)
                      ; - kotlin.jvm.internal.Intrinsics::checkNotNull@4 (line 25)
                      ; - kotlin.coroutines.jvm.internal.BaseContinuationImpl::resumeWith@31 (line 31)
  0x000076dc8cf0a330: 4c30 fa06 

  0x000076dc8cf0a334: ;   {other}
  0x000076dc8cf0a334: 0f1f 8400 | a413 000a | 488b f848 | 8b84 24e0 | 0000 00e9 | 3804 0000 | 4889 9424 | e800 0000 
  0x000076dc8cf0a354: 4889 b424 | f800 0000 

  0x000076dc8cf0a35c: ;   {metadata(method data for {method} {0x000076dc1c41bd20} 'checkNotNullParameter' '(Ljava/lang/Object;Ljava/lang/String;)V' in 'kotlin/jvm/internal/Intrinsics')}
  0x000076dc8cf0a35c: 48ba 0080 | 6e1c dc76 | 0000 4883 | 8258 0100 

  0x000076dc8cf0a36c: ;   {metadata(method data for {method} {0x000076dc1c41bed0} 'throwParameterIsNullNPE' '(Ljava/lang/String;)V' in 'kotlin/jvm/internal/Intrinsics')}
  0x000076dc8cf0a36c: 0001 48ba | b081 6e1c | dc76 0000 | 8bba f400 | 0000 83c7 | 0289 baf4 | 0000 0081 | e7fe ff1f 
  0x000076dc8cf0a38c: 0085 ff0f | 8414 0b00 | 0066 6690 

  0x000076dc8cf0a398: ;   {no_reloc}
  0x000076dc8cf0a398: e93c 0b00 | 0000 0000 | 0000 498b | 87b8 0100 | 0048 8d78 | 3049 3bbf | c801 0000 | 0f87 290b 
  0x000076dc8cf0a3b8: 0000 4989 | bfb8 0100 | 0048 c700 | 0100 0000 | 488b ca49 | ba00 0000 | 26dc 7600 | 0049 2bca 
  0x000076dc8cf0a3d8: 8948 0848 | 33c9 8948 | 0c48 33c9 | 4889 4810 | 4889 4818 | 4889 4820 | 4889 4828 

  0x000076dc8cf0a3f4: ;   {metadata(method data for {method} {0x000076dc1c41bed0} 'throwParameterIsNullNPE' '(Ljava/lang/String;)V' in 'kotlin/jvm/internal/Intrinsics')}
  0x000076dc8cf0a3f4: 48be b081 | 6e1c dc76 | 0000 4883 | 8638 0100 

  0x000076dc8cf0a404: ;   {oop("frame"{0x0000000527b81c18})}
  0x000076dc8cf0a404: 0001 48be | 181c b827 | 0500 0000 | 4889 8424 | f000 0000 | 0f1f 8000 

  0x000076dc8cf0a41c: ;   {static_call}
  0x000076dc8cf0a41c: 0000 00e8 

  0x000076dc8cf0a420: ; ImmutableOopMap {[232]=Oop [240]=Oop [248]=Oop }
                      ;*invokestatic createParameterIsNullExceptionMessage {reexecute=0 rethrow=0 return_oop=0}
                      ; - kotlin.jvm.internal.Intrinsics::throwParameterIsNullNPE@5 (line 140)
                      ; - kotlin.jvm.internal.Intrinsics::checkNotNullParameter@5 (line 131)
                      ; - kotlin.coroutines.jvm.internal.DebugProbesKt::probeCoroutineResumed@3
                      ; - kotlin.coroutines.jvm.internal.BaseContinuationImpl::resumeWith@13 (line 29)
  0x000076dc8cf0a420: 5c35 fa06 

  0x000076dc8cf0a424: ;   {other}
  0x000076dc8cf0a424: 0f1f 8400 | 9414 000b | 488b 9424 | f000 0000 

  0x000076dc8cf0a434: ;   {metadata(method data for {method} {0x000076dc1c41bed0} 'throwParameterIsNullNPE' '(Ljava/lang/String;)V' in 'kotlin/jvm/internal/Intrinsics')}
  0x000076dc8cf0a434: 48be b081 | 6e1c dc76 | 0000 4883 | 8648 0100 | 0001 488b | d048 8bb4 | 24f0 0000 | 0066 0f1f 
  0x000076dc8cf0a454: ;   {optimized virtual_call}
  0x000076dc8cf0a454: 4400 00e8 

  0x000076dc8cf0a458: ; ImmutableOopMap {[232]=Oop [240]=Oop [248]=Oop }
                      ;*invokespecial <init> {reexecute=0 rethrow=0 return_oop=0}
                      ; - kotlin.jvm.internal.Intrinsics::throwParameterIsNullNPE@8 (line 140)
                      ; - kotlin.jvm.internal.Intrinsics::checkNotNullParameter@5 (line 131)
                      ; - kotlin.coroutines.jvm.internal.DebugProbesKt::probeCoroutineResumed@3
                      ; - kotlin.coroutines.jvm.internal.BaseContinuationImpl::resumeWith@13 (line 29)
  0x000076dc8cf0a458: 242f fa06 

  0x000076dc8cf0a45c: ;   {other}
  0x000076dc8cf0a45c: 0f1f 8400 | cc14 000c 

  0x000076dc8cf0a464: ;   {metadata(method data for {method} {0x000076dc1c41bed0} 'throwParameterIsNullNPE' '(Ljava/lang/String;)V' in 'kotlin/jvm/internal/Intrinsics')}
  0x000076dc8cf0a464: 48be b081 | 6e1c dc76 | 0000 4883 | 8658 0100 

  0x000076dc8cf0a474: ;   {metadata(method data for {method} {0x000076dc1c41d110} 'sanitizeStackTrace' '(Ljava/lang/Throwable;)Ljava/lang/Throwable;' in 'kotlin/jvm/internal/Intrinsics')}
  0x000076dc8cf0a474: 0001 48be | e088 6e1c | dc76 0000 | 8bbe f400 | 0000 83c7 | 0289 bef4 | 0000 0081 | e7fe ff1f 
  0x000076dc8cf0a494: 0085 ff0f | 8453 0a00 

  0x000076dc8cf0a49c: ;   {oop(a 'java/lang/Class'{0x00000005278031f8} = 'kotlin/jvm/internal/Intrinsics')}
  0x000076dc8cf0a49c: 0048 bef8 | 3180 2705 | 0000 0048 

  0x000076dc8cf0a4a8: ;   {metadata(method data for {method} {0x000076dc1c41d110} 'sanitizeStackTrace' '(Ljava/lang/Throwable;)Ljava/lang/Throwable;' in 'kotlin/jvm/internal/Intrinsics')}
  0x000076dc8cf0a4a8: 8bfe 48bb | e088 6e1c | dc76 0000 | 4883 8338 | 0100 0001 

  0x000076dc8cf0a4bc: ;   {metadata(method data for {method} {0x000076dc26b49be0} 'getName' '()Ljava/lang/String;' in 'java/lang/Class')}
  0x000076dc8cf0a4bc: 48bf 0816 | 041c dc76 | 0000 8b9f | f400 0000 | 83c3 0289 | 9ff4 0000 | 0081 e3fe | ff1f 0085 
  0x000076dc8cf0a4dc: db0f 842e | 0a00 008b | 762c 48c1 | e603 4885 

  0x000076dc8cf0a4ec: ;   {metadata(method data for {method} {0x000076dc26b49be0} 'getName' '()Ljava/lang/String;' in 'java/lang/Class')}
  0x000076dc8cf0a4ec: f648 bf08 | 1604 1cdc | 7600 0048 | c7c3 3801 | 0000 7407 | 48c7 c348 | 0100 0048 | 8b04 1f48 
  0x000076dc8cf0a50c: 8d40 0148 | 8904 1f0f | 8418 0000 

  0x000076dc8cf0a518: ;   {metadata(method data for {method} {0x000076dc26b49be0} 'getName' '()Ljava/lang/String;' in 'java/lang/Class')}
  0x000076dc8cf0a518: 0048 bf08 | 1604 1cdc | 7600 00ff | 8758 0100 | 0048 8bfe | e936 0000 

  0x000076dc8cf0a530: ;   {oop(a 'java/lang/Class'{0x00000005278031f8} = 'kotlin/jvm/internal/Intrinsics')}
  0x000076dc8cf0a530: 0048 bef8 | 3180 2705 | 0000 0048 

  0x000076dc8cf0a53c: ;   {metadata(method data for {method} {0x000076dc26b49be0} 'getName' '()Ljava/lang/String;' in 'java/lang/Class')}
  0x000076dc8cf0a53c: 8bfe 48bb | 0816 041c | dc76 0000 | 4883 8370 | 0100 0001 | 0f1f 8000 

  0x000076dc8cf0a554: ;   {optimized virtual_call}
  0x000076dc8cf0a554: 0000 00e8 

  0x000076dc8cf0a558: ; ImmutableOopMap {[232]=Oop [240]=Oop [248]=Oop }
                      ;*invokevirtual initClassName {reexecute=0 rethrow=0 return_oop=0}
                      ; - java.lang.Class::getName@14 (line 948)
                      ; - kotlin.jvm.internal.Intrinsics::sanitizeStackTrace@3 (line 253)
                      ; - kotlin.jvm.internal.Intrinsics::throwParameterIsNullNPE@11 (line 140)
                      ; - kotlin.jvm.internal.Intrinsics::checkNotNullParameter@5 (line 131)
                      ; - kotlin.coroutines.jvm.internal.DebugProbesKt::probeCoroutineResumed@3
                      ; - kotlin.coroutines.jvm.internal.BaseContinuationImpl::resumeWith@13 (line 29)
  0x000076dc8cf0a558: 242e fa06 

  0x000076dc8cf0a55c: ;   {other}
  0x000076dc8cf0a55c: 0f1f 8400 | cc15 000d | 488b f848 | 8b84 24f0 | 0000 00e9 | ec00 0000 | 488b 8424 | b800 0000 
  0x000076dc8cf0a57c: ; implicit exception: dispatches to 0x000076dc8cf0af37
  0x000076dc8cf0a57c: 483b 0348 

  0x000076dc8cf0a580: ;   {metadata(method data for {method} {0x000076dc1c4f3638} 'resumeWith' '(Ljava/lang/Object;)V' in 'kotlin/coroutines/jvm/internal/BaseContinuationImpl')}
  0x000076dc8cf0a580: 8bd3 48be | 08d8 8c1d | dc76 0000 | 8b52 0849 | ba00 0000 | 26dc 7600 | 0049 03d2 | 483b 9630 
  0x000076dc8cf0a5a0: 0300 0075 | 0d48 8386 | 3803 0000 | 01e9 6000 | 0000 483b | 9640 0300 | 0075 0d48 | 8386 4803 
  0x000076dc8cf0a5c0: 0000 01e9 | 4a00 0000 | 4883 be30 | 0300 0000 | 7517 4889 | 9630 0300 | 0048 c786 | 3803 0000 
  0x000076dc8cf0a5e0: 0100 0000 | e929 0000 | 0048 83be | 4003 0000 | 0075 1748 | 8996 4003 | 0000 48c7 | 8648 0300 
  0x000076dc8cf0a600: 0001 0000 | 00e9 0800 | 0000 4883 | 8620 0300 | 0001 488b | d048 8bf3 | 0f1f 4400 | 0048 b8b0 
  0x000076dc8cf0a620: 1d00 30db 

  0x000076dc8cf0a624: ;   {virtual_call}
  0x000076dc8cf0a624: 7600 00e8 

  0x000076dc8cf0a628: ; ImmutableOopMap {}
                      ;*invokeinterface resumeWith {reexecute=0 rethrow=0 return_oop=0}
                      ; - kotlin.coroutines.jvm.internal.BaseContinuationImpl::resumeWith@114 (line 47)
  0x000076dc8cf0a628: 5c2e 1a07 

  0x000076dc8cf0a62c: ;   {other}
  0x000076dc8cf0a62c: 0f1f 8400 | 9c16 000e | 4881 c410 | 0100 005d 

  0x000076dc8cf0a63c: ;   {poll_return}
  0x000076dc8cf0a63c: 493b a748 | 0400 000f | 87f3 0800 | 00c3 4881 | c410 0100 

  0x000076dc8cf0a650: ;   {poll_return}
  0x000076dc8cf0a650: 005d 493b | a748 0400 | 000f 87f3 | 0800 00c3 

  0x000076dc8cf0a660: ;   {metadata(method data for {method} {0x000076dc1c41d110} 'sanitizeStackTrace' '(Ljava/lang/Throwable;)Ljava/lang/Throwable;' in 'kotlin/jvm/internal/Intrinsics')}
  0x000076dc8cf0a660: 48be e088 | 6e1c dc76 | 0000 4883 | 8670 0100 | 0001 488b | f048 8bd7 | 0f1f 8000 

  0x000076dc8cf0a67c: ;   {static_call}
  0x000076dc8cf0a67c: 0000 00e8 

  0x000076dc8cf0a680: ; ImmutableOopMap {[232]=Oop [248]=Oop }
                      ;*invokestatic sanitizeStackTrace {reexecute=0 rethrow=0 return_oop=0}
                      ; - kotlin.jvm.internal.Intrinsics::sanitizeStackTrace@6 (line 253)
                      ; - kotlin.jvm.internal.Intrinsics::throwParameterIsNullNPE@11 (line 140)
                      ; - kotlin.jvm.internal.Intrinsics::checkNotNullParameter@5 (line 131)
                      ; - kotlin.coroutines.jvm.internal.DebugProbesKt::probeCoroutineResumed@3
                      ; - kotlin.coroutines.jvm.internal.BaseContinuationImpl::resumeWith@13 (line 29)
  0x000076dc8cf0a680: fc32 fa06 

  0x000076dc8cf0a684: ;   {other}
  0x000076dc8cf0a684: 0f1f 8400 | f416 000f | 488b b424 | f800 0000 | 4885 c075 

  0x000076dc8cf0a698: ;   {metadata(method data for {method} {0x000076dc1c41bed0} 'throwParameterIsNullNPE' '(Ljava/lang/String;)V' in 'kotlin/jvm/internal/Intrinsics')}
  0x000076dc8cf0a698: 1648 bfb0 | 816e 1cdc | 7600 0080 | 8f61 0100 | 0001 e9cd 

  0x000076dc8cf0a6ac: ;   {metadata('java/lang/NullPointerException')}
  0x000076dc8cf0a6ac: 0000 0048 | bbd8 5c08 | 26dc 7600 | 008b 7808 | 49ba 0000 | 0026 dc76 | 0000 4903 | fa48 3b5f 
  0x000076dc8cf0a6cc: 500f 858d 

  0x000076dc8cf0a6d0: ;   {metadata(method data for {method} {0x000076dc1c41bed0} 'throwParameterIsNullNPE' '(Ljava/lang/String;)V' in 'kotlin/jvm/internal/Intrinsics')}
  0x000076dc8cf0a6d0: 0000 0048 | bfb0 816e | 1cdc 7600 | 008b 5808 | 49ba 0000 | 0026 dc76 | 0000 4903 | da48 3b9f 
  0x000076dc8cf0a6f0: 7801 0000 | 750d 4883 | 8780 0100 | 0001 e979 | 0000 0048 | 3b9f 8801 | 0000 750d | 4883 8790 
  0x000076dc8cf0a710: 0100 0001 | e963 0000 | 0048 83bf | 7801 0000 | 0075 1748 | 899f 7801 | 0000 48c7 | 8780 0100 
  0x000076dc8cf0a730: 0001 0000 | 00e9 4200 | 0000 4883 | bf88 0100 | 0000 7517 | 4889 9f88 | 0100 0048 | c787 9001 
  0x000076dc8cf0a750: 0000 0100 | 0000 e921 | 0000 00e9 | 1c00 0000 

  0x000076dc8cf0a760: ;   {metadata(method data for {method} {0x000076dc1c41bed0} 'throwParameterIsNullNPE' '(Ljava/lang/String;)V' in 'kotlin/jvm/internal/Intrinsics')}
  0x000076dc8cf0a760: 48bf b081 | 6e1c dc76 | 0000 4883 | af68 0100 | 0001 e9f1 | 0700 00e9 | 0000 0000 

  0x000076dc8cf0a77c: ; implicit exception: dispatches to 0x000076dc8cf0af71
  0x000076dc8cf0a77c: 483b 00e9 | 3908 0000 

  0x000076dc8cf0a784: ;   {metadata(method data for {method} {0x000076dc1c41d110} 'sanitizeStackTrace' '(Ljava/lang/Throwable;)Ljava/lang/Throwable;' in 'kotlin/jvm/internal/Intrinsics')}
  0x000076dc8cf0a784: 48be e088 | 6e1c dc76 | 0000 4883 | 8670 0100 | 0001 488b | f048 8bd7 

  0x000076dc8cf0a79c: ;   {static_call}
  0x000076dc8cf0a79c: 6666 90e8 

  0x000076dc8cf0a7a0: ; ImmutableOopMap {[168]=Oop [176]=Oop [232]=Oop }
                      ;*invokestatic sanitizeStackTrace {reexecute=0 rethrow=0 return_oop=0}
                      ; - kotlin.jvm.internal.Intrinsics::sanitizeStackTrace@6 (line 253)
                      ; - kotlin.jvm.internal.Intrinsics::throwJavaNpe@7 (line 45)
                      ; - kotlin.jvm.internal.Intrinsics::checkNotNull@4 (line 25)
                      ; - kotlin.coroutines.jvm.internal.BaseContinuationImpl::resumeWith@31 (line 31)
  0x000076dc8cf0a7a0: dc31 fa06 

  0x000076dc8cf0a7a4: ;   {other}
  0x000076dc8cf0a7a4: 0f1f 8400 | 1418 0010 | 488b 9424 | e800 0000 | 4885 c075 

  0x000076dc8cf0a7b8: ;   {metadata(method data for {method} {0x000076dc1c41ae28} 'throwJavaNpe' '()V' in 'kotlin/jvm/internal/Intrinsics')}
  0x000076dc8cf0a7b8: 1648 bf18 | d347 1ddc | 7600 0080 | 8f51 0100 | 0001 e9cd 

  0x000076dc8cf0a7cc: ;   {metadata('java/lang/NullPointerException')}
  0x000076dc8cf0a7cc: 0000 0048 | bbd8 5c08 | 26dc 7600 | 008b 7808 | 49ba 0000 | 0026 dc76 | 0000 4903 | fa48 3b5f 
  0x000076dc8cf0a7ec: 500f 858d 

  0x000076dc8cf0a7f0: ;   {metadata(method data for {method} {0x000076dc1c41ae28} 'throwJavaNpe' '()V' in 'kotlin/jvm/internal/Intrinsics')}
  0x000076dc8cf0a7f0: 0000 0048 | bf18 d347 | 1ddc 7600 | 008b 5808 | 49ba 0000 | 0026 dc76 | 0000 4903 | da48 3b9f 
  0x000076dc8cf0a810: 6801 0000 | 750d 4883 | 8770 0100 | 0001 e979 | 0000 0048 | 3b9f 7801 | 0000 750d | 4883 8780 
  0x000076dc8cf0a830: 0100 0001 | e963 0000 | 0048 83bf | 6801 0000 | 0075 1748 | 899f 6801 | 0000 48c7 | 8770 0100 
  0x000076dc8cf0a850: 0001 0000 | 00e9 4200 | 0000 4883 | bf78 0100 | 0000 7517 | 4889 9f78 | 0100 0048 | c787 8001 
  0x000076dc8cf0a870: 0000 0100 | 0000 e921 | 0000 00e9 | 1c00 0000 

  0x000076dc8cf0a880: ;   {metadata(method data for {method} {0x000076dc1c41ae28} 'throwJavaNpe' '()V' in 'kotlin/jvm/internal/Intrinsics')}
  0x000076dc8cf0a880: 48bf 18d3 | 471d dc76 | 0000 4883 | af58 0100 | 0001 e9df | 0600 00e9 | 0000 0000 

  0x000076dc8cf0a89c: ; implicit exception: dispatches to 0x000076dc8cf0af7f
  0x000076dc8cf0a89c: 483b 00e9 | 1907 0000 

  0x000076dc8cf0a8a4: ;   {metadata(method data for {method} {0x000076dc1c41d110} 'sanitizeStackTrace' '(Ljava/lang/Throwable;)Ljava/lang/Throwable;' in 'kotlin/jvm/internal/Intrinsics')}
  0x000076dc8cf0a8a4: 48be e088 | 6e1c dc76 | 0000 4883 | 8670 0100 | 0001 488b | f048 8bd7 

  0x000076dc8cf0a8bc: ;   {static_call}
  0x000076dc8cf0a8bc: 6666 90e8 

  0x000076dc8cf0a8c0: ; ImmutableOopMap {[168]=Oop [176]=Oop [208]=Oop }
                      ;*invokestatic sanitizeStackTrace {reexecute=0 rethrow=0 return_oop=0}
                      ; - kotlin.jvm.internal.Intrinsics::sanitizeStackTrace@6 (line 253)
                      ; - kotlin.jvm.internal.Intrinsics::throwParameterIsNullNPE@11 (line 140)
                      ; - kotlin.jvm.internal.Intrinsics::checkNotNullParameter@5 (line 131)
                      ; - kotlin.ResultKt::createFailure@3
                      ; - kotlin.coroutines.jvm.internal.BaseContinuationImpl::resumeWith@76 (line 38)
  0x000076dc8cf0a8c0: bc30 fa06 

  0x000076dc8cf0a8c4: ;   {other}
  0x000076dc8cf0a8c4: 0f1f 8400 | 3419 0011 | 4885 c075 

  0x000076dc8cf0a8d0: ;   {metadata(method data for {method} {0x000076dc1c41bed0} 'throwParameterIsNullNPE' '(Ljava/lang/String;)V' in 'kotlin/jvm/internal/Intrinsics')}
  0x000076dc8cf0a8d0: 1648 bab0 | 816e 1cdc | 7600 0080 | 8a61 0100 | 0001 e9cd 

  0x000076dc8cf0a8e4: ;   {metadata('java/lang/NullPointerException')}
  0x000076dc8cf0a8e4: 0000 0048 | bfd8 5c08 | 26dc 7600 | 008b 5008 | 49ba 0000 | 0026 dc76 | 0000 4903 | d248 3b7a 
  0x000076dc8cf0a904: 500f 858d 

  0x000076dc8cf0a908: ;   {metadata(method data for {method} {0x000076dc1c41bed0} 'throwParameterIsNullNPE' '(Ljava/lang/String;)V' in 'kotlin/jvm/internal/Intrinsics')}
  0x000076dc8cf0a908: 0000 0048 | bab0 816e | 1cdc 7600 | 008b 7808 | 49ba 0000 | 0026 dc76 | 0000 4903 | fa48 3bba 
  0x000076dc8cf0a928: 7801 0000 | 750d 4883 | 8280 0100 | 0001 e979 | 0000 0048 | 3bba 8801 | 0000 750d | 4883 8290 
  0x000076dc8cf0a948: 0100 0001 | e963 0000 | 0048 83ba | 7801 0000 | 0075 1748 | 89ba 7801 | 0000 48c7 | 8280 0100 
  0x000076dc8cf0a968: 0001 0000 | 00e9 4200 | 0000 4883 | ba88 0100 | 0000 7517 | 4889 ba88 | 0100 0048 | c782 9001 
  0x000076dc8cf0a988: 0000 0100 | 0000 e921 | 0000 00e9 | 1c00 0000 

  0x000076dc8cf0a998: ;   {metadata(method data for {method} {0x000076dc1c41bed0} 'throwParameterIsNullNPE' '(Ljava/lang/String;)V' in 'kotlin/jvm/internal/Intrinsics')}
  0x000076dc8cf0a998: 48ba b081 | 6e1c dc76 | 0000 4883 | aa68 0100 | 0001 e9d5 | 0500 00e9 | 0000 0000 

  0x000076dc8cf0a9b4: ; implicit exception: dispatches to 0x000076dc8cf0af8d
  0x000076dc8cf0a9b4: 483b 00e9 | 0106 0000 

  0x000076dc8cf0a9bc: ;   {metadata(method data for {method} {0x000076dc1c41d110} 'sanitizeStackTrace' '(Ljava/lang/Throwable;)Ljava/lang/Throwable;' in 'kotlin/jvm/internal/Intrinsics')}
  0x000076dc8cf0a9bc: 48be e088 | 6e1c dc76 | 0000 4883 | 8670 0100 | 0001 488b | f048 8bd7 

  0x000076dc8cf0a9d4: ;   {static_call}
  0x000076dc8cf0a9d4: 6666 90e8 

  0x000076dc8cf0a9d8: ; ImmutableOopMap {[168]=Oop [176]=Oop [200]=Oop [208]=Oop }
                      ;*invokestatic sanitizeStackTrace {reexecute=0 rethrow=0 return_oop=0}
                      ; - kotlin.jvm.internal.Intrinsics::sanitizeStackTrace@6 (line 253)
                      ; - kotlin.jvm.internal.Intrinsics::throwParameterIsNullNPE@11 (line 140)
                      ; - kotlin.jvm.internal.Intrinsics::checkNotNullParameter@5 (line 131)
                      ; - kotlin.Result$Failure::<init>@3
                      ; - kotlin.ResultKt::createFailure@11 (line 122)
                      ; - kotlin.coroutines.jvm.internal.BaseContinuationImpl::resumeWith@76 (line 38)
  0x000076dc8cf0a9d8: a42f fa06 

  0x000076dc8cf0a9dc: ;   {other}
  0x000076dc8cf0a9dc: 0f1f 8400 | 4c1a 0012 | 488b bc24 | c800 0000 | 488b b424 | d000 0000 | 488b 9c24 | b000 0000 
  0x000076dc8cf0a9fc: 488b 9424 | a800 0000 | 4885 c075 

  0x000076dc8cf0aa08: ;   {metadata(method data for {method} {0x000076dc1c41bed0} 'throwParameterIsNullNPE' '(Ljava/lang/String;)V' in 'kotlin/jvm/internal/Intrinsics')}
  0x000076dc8cf0aa08: 1749 b8b0 | 816e 1cdc | 7600 0041 | 8088 6101 | 0000 01e9 | cf00 0000 

  0x000076dc8cf0aa20: ;   {metadata('java/lang/NullPointerException')}
  0x000076dc8cf0aa20: 49b9 d85c | 0826 dc76 | 0000 448b | 4008 49ba | 0000 0026 | dc76 0000 | 4d03 c24d | 3b48 500f 
  0x000076dc8cf0aa40: 858e 0000 

  0x000076dc8cf0aa44: ;   {metadata(method data for {method} {0x000076dc1c41bed0} 'throwParameterIsNullNPE' '(Ljava/lang/String;)V' in 'kotlin/jvm/internal/Intrinsics')}
  0x000076dc8cf0aa44: 0049 b8b0 | 816e 1cdc | 7600 0044 | 8b48 0849 | ba00 0000 | 26dc 7600 | 004d 03ca | 4d3b 8878 
  0x000076dc8cf0aa64: 0100 0075 | 0d49 8380 | 8001 0000 | 01e9 7900 | 0000 4d3b | 8888 0100 | 0075 0d49 | 8380 9001 
  0x000076dc8cf0aa84: 0000 01e9 | 6300 0000 | 4983 b878 | 0100 0000 | 7517 4d89 | 8878 0100 | 0049 c780 | 8001 0000 
  0x000076dc8cf0aaa4: 0100 0000 | e942 0000 | 0049 83b8 | 8801 0000 | 0075 174d | 8988 8801 | 0000 49c7 | 8090 0100 
  0x000076dc8cf0aac4: 0001 0000 | 00e9 2100 | 0000 e91c 

  0x000076dc8cf0aad0: ;   {metadata(method data for {method} {0x000076dc1c41bed0} 'throwParameterIsNullNPE' '(Ljava/lang/String;)V' in 'kotlin/jvm/internal/Intrinsics')}
  0x000076dc8cf0aad0: 0000 0049 | b8b0 816e | 1cdc 7600 | 0049 83a8 | 6801 0000 | 01e9 a804 | 0000 e900 | 0000 0048 
  0x000076dc8cf0aaf0: 3b00 e9c6 

  0x000076dc8cf0aaf4: ;   {metadata({method} {0x000076dc1c4f3638} 'resumeWith' '(Ljava/lang/Object;)V' in 'kotlin/coroutines/jvm/internal/BaseContinuationImpl')}
  0x000076dc8cf0aaf4: 0400 0049 | ba38 364f | 1cdc 7600 | 004c 8954 | 2408 48c7 | 0424 ffff 

  0x000076dc8cf0ab0c: ;   {runtime_call counter_overflow Runtime1 stub}
  0x000076dc8cf0ab0c: ffff e86d 

  0x000076dc8cf0ab10: ; ImmutableOopMap {rsi=Oop rdx=Oop }
                      ;*synchronization entry
                      ; - kotlin.coroutines.jvm.internal.BaseContinuationImpl::resumeWith@-1 (line 24)
  0x000076dc8cf0ab10: ae06 07e9 | eee8 ffff | 4889 3424 

  0x000076dc8cf0ab1c: ;   {runtime_call throw_class_cast_exception Runtime1 stub}
  0x000076dc8cf0ab1c: e85f 8306 

  0x000076dc8cf0ab20: ; ImmutableOopMap {rdx=Oop rsi=Oop }
                      ;*checkcast {reexecute=0 rethrow=0 return_oop=0}
                      ; - kotlin.coroutines.jvm.internal.BaseContinuationImpl::resumeWith@10 (line 29)
                      ;   {metadata({method} {0x000076dc1c61d220} 'probeCoroutineResumed' '(Lkotlin/coroutines/Continuation;)V' in 'kotlin/coroutines/jvm/internal/DebugProbesKt')}
  0x000076dc8cf0ab20: 0749 ba20 | d261 1cdc | 7600 004c | 8954 2408 | 48c7 0424 | ffff ffff 

  0x000076dc8cf0ab38: ;   {runtime_call counter_overflow Runtime1 stub}
  0x000076dc8cf0ab38: e843 ae06 

  0x000076dc8cf0ab3c: ; ImmutableOopMap {rdx=Oop rsi=Oop rdi=Oop }
                      ;*synchronization entry
                      ; - kotlin.coroutines.jvm.internal.DebugProbesKt::probeCoroutineResumed@-1
                      ; - kotlin.coroutines.jvm.internal.BaseContinuationImpl::resumeWith@13 (line 29)
  0x000076dc8cf0ab3c: 07e9 03ea 

  0x000076dc8cf0ab40: ;   {metadata({method} {0x000076dc1c41bd20} 'checkNotNullParameter' '(Ljava/lang/Object;Ljava/lang/String;)V' in 'kotlin/jvm/internal/Intrinsics')}
  0x000076dc8cf0ab40: ffff 49ba | 20bd 411c | dc76 0000 | 4c89 5424 | 0848 c704 | 24ff ffff 

  0x000076dc8cf0ab58: ;   {runtime_call counter_overflow Runtime1 stub}
  0x000076dc8cf0ab58: ffe8 22ae 

  0x000076dc8cf0ab5c: ; ImmutableOopMap {rdx=Oop rsi=Oop rdi=Oop }
                      ;*synchronization entry
                      ; - kotlin.jvm.internal.Intrinsics::checkNotNullParameter@-1 (line 130)
                      ; - kotlin.coroutines.jvm.internal.DebugProbesKt::probeCoroutineResumed@3
                      ; - kotlin.coroutines.jvm.internal.BaseContinuationImpl::resumeWith@13 (line 29)
  0x000076dc8cf0ab5c: 0607 e91a | eaff ff48 

  0x000076dc8cf0ab64: ;   {runtime_call throw_class_cast_exception Runtime1 stub}
  0x000076dc8cf0ab64: 8934 24e8 

  0x000076dc8cf0ab68: ; ImmutableOopMap {rdx=Oop }
                      ;*checkcast {reexecute=0 rethrow=0 return_oop=0}
                      ; - kotlin.coroutines.jvm.internal.BaseContinuationImpl::resumeWith@17 (line 30)
  0x000076dc8cf0ab68: 1483 0607 

  0x000076dc8cf0ab6c: ;   {runtime_call throw_null_pointer_exception Runtime1 stub}
  0x000076dc8cf0ab6c: e80f 5506 

  0x000076dc8cf0ab70: ; ImmutableOopMap {rdx=Oop rdi=Oop }
                      ;*getfield completion {reexecute=1 rethrow=0 return_oop=0}
                      ; - (reexecute) kotlin.coroutines.jvm.internal.BaseContinuationImpl::resumeWith@27 (line 31)
                      ;   {metadata({method} {0x000076dc1c41aae0} 'checkNotNull' '(Ljava/lang/Object;)V' in 'kotlin/jvm/internal/Intrinsics')}
  0x000076dc8cf0ab70: 0749 bae0 | aa41 1cdc | 7600 004c | 8954 2408 | 48c7 0424 | ffff ffff 

  0x000076dc8cf0ab88: ;   {runtime_call counter_overflow Runtime1 stub}
  0x000076dc8cf0ab88: e8f3 ad06 

  0x000076dc8cf0ab8c: ; ImmutableOopMap {rdx=Oop rdi=Oop rbx=Oop [176]=Oop }
                      ;*synchronization entry
                      ; - kotlin.jvm.internal.Intrinsics::checkNotNull@-1 (line 24)
                      ; - kotlin.coroutines.jvm.internal.BaseContinuationImpl::resumeWith@31 (line 31)
  0x000076dc8cf0ab8c: 07e9 4ceb 

  0x000076dc8cf0ab90: ;   {metadata({method} {0x000076dc1c61b140} 'getCOROUTINE_SUSPENDED' '()Ljava/lang/Object;' in 'kotlin/coroutines/intrinsics/IntrinsicsKt__IntrinsicsKt')}
  0x000076dc8cf0ab90: ffff 49ba | 40b1 611c | dc76 0000 | 4c89 5424 | 0848 c704 | 24ff ffff 

  0x000076dc8cf0aba8: ;   {runtime_call counter_overflow Runtime1 stub}
  0x000076dc8cf0aba8: ffe8 d2ad 

  0x000076dc8cf0abac: ; ImmutableOopMap {rax=Oop [168]=Oop [176]=Oop }
                      ;*synchronization entry
                      ; - kotlin.coroutines.intrinsics.IntrinsicsKt__IntrinsicsKt::getCOROUTINE_SUSPENDED@-1 (line 57)
                      ; - kotlin.coroutines.jvm.internal.BaseContinuationImpl::resumeWith@47 (line 35)
  0x000076dc8cf0abac: 0607 e94a 

  0x000076dc8cf0abb0: ;   {metadata({method} {0x000076dc1c6298a8} 'constructor-impl' '(Ljava/lang/Object;)Ljava/lang/Object;' in 'kotlin/Result')}
  0x000076dc8cf0abb0: ecff ff49 | baa8 9862 | 1cdc 7600 | 004c 8954 | 2408 48c7 | 0424 ffff 

  0x000076dc8cf0abc8: ;   {runtime_call counter_overflow Runtime1 stub}
  0x000076dc8cf0abc8: ffff e8b1 

  0x000076dc8cf0abcc: ; ImmutableOopMap {rax=Oop [168]=Oop [176]=Oop }
                      ;*synchronization entry
                      ; - kotlin.Result::constructor-impl@-1
                      ; - kotlin.coroutines.jvm.internal.BaseContinuationImpl::resumeWith@60 (line 36)
  0x000076dc8cf0abcc: ad06 07e9 | 9bec ffff 

  0x000076dc8cf0abd4: ;   {metadata({method} {0x000076dc1c646b28} 'createFailure' '(Ljava/lang/Throwable;)Ljava/lang/Object;' in 'kotlin/ResultKt')}
  0x000076dc8cf0abd4: 49ba 286b | 641c dc76 | 0000 4c89 | 5424 0848 | c704 24ff 

  0x000076dc8cf0abe8: ;   {runtime_call counter_overflow Runtime1 stub}
  0x000076dc8cf0abe8: ffff ffe8 

  0x000076dc8cf0abec: ; ImmutableOopMap {rax=Oop [168]=Oop [176]=Oop }
                      ;*synchronization entry
                      ; - kotlin.ResultKt::createFailure@-1
                      ; - kotlin.coroutines.jvm.internal.BaseContinuationImpl::resumeWith@76 (line 38)
  0x000076dc8cf0abec: 90ad 0607 | e9e3 ecff 

  0x000076dc8cf0abf4: ;   {metadata({method} {0x000076dc1c41bd20} 'checkNotNullParameter' '(Ljava/lang/Object;Ljava/lang/String;)V' in 'kotlin/jvm/internal/Intrinsics')}
  0x000076dc8cf0abf4: ff49 ba20 | bd41 1cdc | 7600 004c | 8954 2408 | 48c7 0424 | ffff ffff 

  0x000076dc8cf0ac0c: ;   {runtime_call counter_overflow Runtime1 stub}
  0x000076dc8cf0ac0c: e86f ad06 

  0x000076dc8cf0ac10: ; ImmutableOopMap {rax=Oop [168]=Oop [176]=Oop }
                      ;*synchronization entry
                      ; - kotlin.jvm.internal.Intrinsics::checkNotNullParameter@-1 (line 130)
                      ; - kotlin.ResultKt::createFailure@3
                      ; - kotlin.coroutines.jvm.internal.BaseContinuationImpl::resumeWith@76 (line 38)
  0x000076dc8cf0ac10: 07e9 fbec | ffff 488b 

  0x000076dc8cf0ac18: ;   {runtime_call fast_new_instance Runtime1 stub}
  0x000076dc8cf0ac18: d2e8 6262 

  0x000076dc8cf0ac1c: ; ImmutableOopMap {rbx=Oop [168]=Oop [176]=Oop }
                      ;*new {reexecute=0 rethrow=0 return_oop=0}
                      ; - kotlin.ResultKt::createFailure@6 (line 122)
                      ; - kotlin.coroutines.jvm.internal.BaseContinuationImpl::resumeWith@76 (line 38)
  0x000076dc8cf0ac1c: 0607 e96c 

  0x000076dc8cf0ac20: ;   {metadata({method} {0x000076dc1c62b958} '<init>' '(Ljava/lang/Throwable;)V' in 'kotlin/Result$Failure')}
  0x000076dc8cf0ac20: edff ff49 | ba58 b962 | 1cdc 7600 | 004c 8954 | 2408 48c7 | 0424 ffff 

  0x000076dc8cf0ac38: ;   {runtime_call counter_overflow Runtime1 stub}
  0x000076dc8cf0ac38: ffff e841 

  0x000076dc8cf0ac3c: ; ImmutableOopMap {rbx=Oop rax=Oop [168]=Oop [176]=Oop }
                      ;*synchronization entry
                      ; - kotlin.Result$Failure::<init>@-1
                      ; - kotlin.ResultKt::createFailure@11 (line 122)
                      ; - kotlin.coroutines.jvm.internal.BaseContinuationImpl::resumeWith@76 (line 38)
  0x000076dc8cf0ac3c: ad06 07e9 | 87ed ffff 

  0x000076dc8cf0ac44: ;   {metadata({method} {0x000076dc1c41bd20} 'checkNotNullParameter' '(Ljava/lang/Object;Ljava/lang/String;)V' in 'kotlin/jvm/internal/Intrinsics')}
  0x000076dc8cf0ac44: 49ba 20bd | 411c dc76 | 0000 4c89 | 5424 0848 | c704 24ff 

  0x000076dc8cf0ac58: ;   {runtime_call counter_overflow Runtime1 stub}
  0x000076dc8cf0ac58: ffff ffe8 

  0x000076dc8cf0ac5c: ; ImmutableOopMap {rbx=Oop rax=Oop [168]=Oop [176]=Oop }
                      ;*synchronization entry
                      ; - kotlin.jvm.internal.Intrinsics::checkNotNullParameter@-1 (line 130)
                      ; - kotlin.Result$Failure::<init>@3
                      ; - kotlin.ResultKt::createFailure@11 (line 122)
                      ; - kotlin.coroutines.jvm.internal.BaseContinuationImpl::resumeWith@76 (line 38)
  0x000076dc8cf0ac5c: 20ad 0607 | e99f edff 

  0x000076dc8cf0ac64: ;   {metadata({method} {0x000076dc26b55e08} '<init>' '()V' in 'java/lang/Object')}
  0x000076dc8cf0ac64: ff49 ba08 | 5eb5 26dc | 7600 004c | 8954 2408 | 48c7 0424 | ffff ffff 

  0x000076dc8cf0ac7c: ;   {runtime_call counter_overflow Runtime1 stub}
  0x000076dc8cf0ac7c: e8ff ac06 

  0x000076dc8cf0ac80: ; ImmutableOopMap {rbx=Oop rax=Oop [168]=Oop [176]=Oop }
                      ;*synchronization entry
                      ; - java.lang.Object::<init>@-1 (line 45)
                      ; - kotlin.Result$Failure::<init>@7 (line 105)
                      ; - kotlin.ResultKt::createFailure@11 (line 122)
                      ; - kotlin.coroutines.jvm.internal.BaseContinuationImpl::resumeWith@76 (line 38)
  0x000076dc8cf0ac80: 07e9 e9ed | ffff 8b70 | 0c48 c1e6 | 0348 83fe | 000f 84e5 | edff ff48 

  0x000076dc8cf0ac98: ;   {runtime_call g1_pre_barrier_slow}
  0x000076dc8cf0ac98: 8934 24e8 | e0b2 0607 | e9d7 edff | ff48 83fb | 000f 84ec | edff ff48 

  0x000076dc8cf0acb0: ;   {runtime_call g1_post_barrier_slow}
  0x000076dc8cf0acb0: 8904 24e8 | c8b5 0607 | e9de edff 

  0x000076dc8cf0acbc: ;   {metadata({method} {0x000076dc1c6298a8} 'constructor-impl' '(Ljava/lang/Object;)Ljava/lang/Object;' in 'kotlin/Result')}
  0x000076dc8cf0acbc: ff49 baa8 | 9862 1cdc | 7600 004c | 8954 2408 | 48c7 0424 | ffff ffff 

  0x000076dc8cf0acd4: ;   {runtime_call counter_overflow Runtime1 stub}
  0x000076dc8cf0acd4: e8a7 ac06 

  0x000076dc8cf0acd8: ; ImmutableOopMap {rax=Oop [168]=Oop [176]=Oop }
                      ;*synchronization entry
                      ; - kotlin.Result::constructor-impl@-1
                      ; - kotlin.coroutines.jvm.internal.BaseContinuationImpl::resumeWith@79 (line 38)
  0x000076dc8cf0acd8: 07e9 f6ed 

  0x000076dc8cf0acdc: ;   {metadata({method} {0x000076dc1c4f3638} 'resumeWith' '(Ljava/lang/Object;)V' in 'kotlin/coroutines/jvm/internal/BaseContinuationImpl')}
  0x000076dc8cf0acdc: ffff 49ba | 3836 4f1c | dc76 0000 | 4c89 5424 | 0848 c704 | 2479 0000 

  0x000076dc8cf0acf4: ;   {runtime_call counter_overflow Runtime1 stub}
  0x000076dc8cf0acf4: 00e8 86ac 

  0x000076dc8cf0acf8: ; ImmutableOopMap {rbx=Oop [176]=Oop [184]=Oop }
                      ;*goto {reexecute=1 rethrow=0 return_oop=0}
                      ; - (reexecute) kotlin.coroutines.jvm.internal.BaseContinuationImpl::resumeWith@121 (line 30)
  0x000076dc8cf0acf8: 0607 e9f6 

  0x000076dc8cf0acfc: ;   {metadata({method} {0x000076dc1c41bed0} 'throwParameterIsNullNPE' '(Ljava/lang/String;)V' in 'kotlin/jvm/internal/Intrinsics')}
  0x000076dc8cf0acfc: efff ff49 | bad0 be41 | 1cdc 7600 | 004c 8954 | 2408 48c7 | 0424 ffff 

  0x000076dc8cf0ad14: ;   {runtime_call counter_overflow Runtime1 stub}
  0x000076dc8cf0ad14: ffff e865 

  0x000076dc8cf0ad18: ; ImmutableOopMap {[168]=Oop [176]=Oop [200]=Oop [208]=Oop }
                      ;*synchronization entry
                      ; - kotlin.jvm.internal.Intrinsics::throwParameterIsNullNPE@-1 (line 140)
                      ; - kotlin.jvm.internal.Intrinsics::checkNotNullParameter@5 (line 131)
                      ; - kotlin.Result$Failure::<init>@3
                      ; - kotlin.ResultKt::createFailure@11 (line 122)
                      ; - kotlin.coroutines.jvm.internal.BaseContinuationImpl::resumeWith@76 (line 38)
  0x000076dc8cf0ad18: ac06 07e9 | 48f0 ffff 

  0x000076dc8cf0ad20: ;   {metadata(nullptr)}
  0x000076dc8cf0ad20: 48ba 0000 | 0000 0000 | 0000 b800 

  0x000076dc8cf0ad2c: ;   {runtime_call load_klass_patching Runtime1 stub}
  0x000076dc8cf0ad2c: 0f05 0ae8 

  0x000076dc8cf0ad30: ; ImmutableOopMap {[168]=Oop [176]=Oop [200]=Oop [208]=Oop }
                      ;*new {reexecute=1 rethrow=0 return_oop=0}
                      ; - (reexecute) kotlin.jvm.internal.Intrinsics::throwParameterIsNullNPE@0 (line 140)
                      ; - kotlin.jvm.internal.Intrinsics::checkNotNullParameter@5 (line 131)
                      ; - kotlin.Result$Failure::<init>@3
                      ; - kotlin.ResultKt::createFailure@11 (line 122)
                      ; - kotlin.coroutines.jvm.internal.BaseContinuationImpl::resumeWith@76 (line 38)
  0x000076dc8cf0ad30: 4c9d 0607 | e92f f0ff | ff48 8bd2 

  0x000076dc8cf0ad3c: ;   {runtime_call fast_new_instance Runtime1 stub}
  0x000076dc8cf0ad3c: e83f 6106 

  0x000076dc8cf0ad40: ; ImmutableOopMap {[168]=Oop [176]=Oop [200]=Oop [208]=Oop }
                      ;*new {reexecute=0 rethrow=0 return_oop=0}
                      ; - kotlin.jvm.internal.Intrinsics::throwParameterIsNullNPE@0 (line 140)
                      ; - kotlin.jvm.internal.Intrinsics::checkNotNullParameter@5 (line 131)
                      ; - kotlin.Result$Failure::<init>@3
                      ; - kotlin.ResultKt::createFailure@11 (line 122)
                      ; - kotlin.coroutines.jvm.internal.BaseContinuationImpl::resumeWith@76 (line 38)
  0x000076dc8cf0ad40: 07e9 7ef0 

  0x000076dc8cf0ad44: ;   {metadata({method} {0x000076dc1c41d110} 'sanitizeStackTrace' '(Ljava/lang/Throwable;)Ljava/lang/Throwable;' in 'kotlin/jvm/internal/Intrinsics')}
  0x000076dc8cf0ad44: ffff 49ba | 10d1 411c | dc76 0000 | 4c89 5424 | 0848 c704 | 24ff ffff 

  0x000076dc8cf0ad5c: ;   {runtime_call counter_overflow Runtime1 stub}
  0x000076dc8cf0ad5c: ffe8 1eac 

  0x000076dc8cf0ad60: ; ImmutableOopMap {[168]=Oop [176]=Oop [192]=Oop [200]=Oop [208]=Oop }
                      ;*synchronization entry
                      ; - kotlin.jvm.internal.Intrinsics::sanitizeStackTrace@-1 (line 253)
                      ; - kotlin.jvm.internal.Intrinsics::throwParameterIsNullNPE@11 (line 140)
                      ; - kotlin.jvm.internal.Intrinsics::checkNotNullParameter@5 (line 131)
                      ; - kotlin.Result$Failure::<init>@3
                      ; - kotlin.ResultKt::createFailure@11 (line 122)
                      ; - kotlin.coroutines.jvm.internal.BaseContinuationImpl::resumeWith@76 (line 38)
  0x000076dc8cf0ad60: 0607 e906 

  0x000076dc8cf0ad64: ;   {metadata({method} {0x000076dc26b49be0} 'getName' '()Ljava/lang/String;' in 'java/lang/Class')}
  0x000076dc8cf0ad64: f1ff ff49 | bae0 9bb4 | 26dc 7600 | 004c 8954 | 2408 48c7 | 0424 ffff 

  0x000076dc8cf0ad7c: ;   {runtime_call counter_overflow Runtime1 stub}
  0x000076dc8cf0ad7c: ffff e8fd 

  0x000076dc8cf0ad80: ; ImmutableOopMap {rsi=Oop [168]=Oop [176]=Oop [192]=Oop [200]=Oop [208]=Oop }
                      ;*synchronization entry
                      ; - java.lang.Class::getName@-1 (line 947)
                      ; - kotlin.jvm.internal.Intrinsics::sanitizeStackTrace@3 (line 253)
                      ; - kotlin.jvm.internal.Intrinsics::throwParameterIsNullNPE@11 (line 140)
                      ; - kotlin.jvm.internal.Intrinsics::checkNotNullParameter@5 (line 131)
                      ; - kotlin.Result$Failure::<init>@3
                      ; - kotlin.ResultKt::createFailure@11 (line 122)
                      ; - kotlin.coroutines.jvm.internal.BaseContinuationImpl::resumeWith@76 (line 38)
  0x000076dc8cf0ad80: ab06 07e9 | 2bf1 ffff 

  0x000076dc8cf0ad88: ;   {runtime_call throw_null_pointer_exception Runtime1 stub}
  0x000076dc8cf0ad88: e8f3 5206 

  0x000076dc8cf0ad8c: ; ImmutableOopMap {[168]=Oop [176]=Oop [192]=Oop [200]=Oop [208]=Oop }
                      ;*getfield name {reexecute=1 rethrow=0 return_oop=0}
                      ; - (reexecute) java.lang.Class::getName@1 (line 947)
                      ; - kotlin.jvm.internal.Intrinsics::sanitizeStackTrace@3 (line 253)
                      ; - kotlin.jvm.internal.Intrinsics::throwParameterIsNullNPE@11 (line 140)
                      ; - kotlin.jvm.internal.Intrinsics::checkNotNullParameter@5 (line 131)
                      ; - kotlin.Result$Failure::<init>@3
                      ; - kotlin.ResultKt::createFailure@11 (line 122)
                      ; - kotlin.coroutines.jvm.internal.BaseContinuationImpl::resumeWith@76 (line 38)
                      ;   {metadata({method} {0x000076dc1c41bed0} 'throwParameterIsNullNPE' '(Ljava/lang/String;)V' in 'kotlin/jvm/internal/Intrinsics')}
  0x000076dc8cf0ad8c: 0749 bad0 | be41 1cdc | 7600 004c | 8954 2408 | 48c7 0424 | ffff ffff 

  0x000076dc8cf0ada4: ;   {runtime_call counter_overflow Runtime1 stub}
  0x000076dc8cf0ada4: e8d7 ab06 

  0x000076dc8cf0ada8: ; ImmutableOopMap {[168]=Oop [176]=Oop [208]=Oop }
                      ;*synchronization entry
                      ; - kotlin.jvm.internal.Intrinsics::throwParameterIsNullNPE@-1 (line 140)
                      ; - kotlin.jvm.internal.Intrinsics::checkNotNullParameter@5 (line 131)
                      ; - kotlin.ResultKt::createFailure@3
                      ; - kotlin.coroutines.jvm.internal.BaseContinuationImpl::resumeWith@76 (line 38)
  0x000076dc8cf0ada8: 07e9 d7f1 

  0x000076dc8cf0adac: ;   {metadata(nullptr)}
  0x000076dc8cf0adac: ffff 48ba | 0000 0000 | 0000 0000 | b800 0f05 

  0x000076dc8cf0adbc: ;   {runtime_call load_klass_patching Runtime1 stub}
  0x000076dc8cf0adbc: 0ae8 be9c 

  0x000076dc8cf0adc0: ; ImmutableOopMap {[168]=Oop [176]=Oop [208]=Oop }
                      ;*new {reexecute=1 rethrow=0 return_oop=0}
                      ; - (reexecute) kotlin.jvm.internal.Intrinsics::throwParameterIsNullNPE@0 (line 140)
                      ; - kotlin.jvm.internal.Intrinsics::checkNotNullParameter@5 (line 131)
                      ; - kotlin.ResultKt::createFailure@3
                      ; - kotlin.coroutines.jvm.internal.BaseContinuationImpl::resumeWith@76 (line 38)
  0x000076dc8cf0adc0: 0607 e9c1 | f1ff ff48 

  0x000076dc8cf0adc8: ;   {runtime_call fast_new_instance Runtime1 stub}
  0x000076dc8cf0adc8: 8bd2 e8b1 

  0x000076dc8cf0adcc: ; ImmutableOopMap {[168]=Oop [176]=Oop [208]=Oop }
                      ;*new {reexecute=0 rethrow=0 return_oop=0}
                      ; - kotlin.jvm.internal.Intrinsics::throwParameterIsNullNPE@0 (line 140)
                      ; - kotlin.jvm.internal.Intrinsics::checkNotNullParameter@5 (line 131)
                      ; - kotlin.ResultKt::createFailure@3
                      ; - kotlin.coroutines.jvm.internal.BaseContinuationImpl::resumeWith@76 (line 38)
  0x000076dc8cf0adcc: 6006 07e9 | 10f2 ffff 

  0x000076dc8cf0add4: ;   {metadata({method} {0x000076dc1c41d110} 'sanitizeStackTrace' '(Ljava/lang/Throwable;)Ljava/lang/Throwable;' in 'kotlin/jvm/internal/Intrinsics')}
  0x000076dc8cf0add4: 49ba 10d1 | 411c dc76 | 0000 4c89 | 5424 0848 | c704 24ff 

  0x000076dc8cf0ade8: ;   {runtime_call counter_overflow Runtime1 stub}
  0x000076dc8cf0ade8: ffff ffe8 

  0x000076dc8cf0adec: ; ImmutableOopMap {[168]=Oop [176]=Oop [208]=Oop [216]=Oop }
                      ;*synchronization entry
                      ; - kotlin.jvm.internal.Intrinsics::sanitizeStackTrace@-1 (line 253)
                      ; - kotlin.jvm.internal.Intrinsics::throwParameterIsNullNPE@11 (line 140)
                      ; - kotlin.jvm.internal.Intrinsics::checkNotNullParameter@5 (line 131)
                      ; - kotlin.ResultKt::createFailure@3
                      ; - kotlin.coroutines.jvm.internal.BaseContinuationImpl::resumeWith@76 (line 38)
  0x000076dc8cf0adec: 90ab 0607 | e998 f2ff 

  0x000076dc8cf0adf4: ;   {metadata({method} {0x000076dc26b49be0} 'getName' '()Ljava/lang/String;' in 'java/lang/Class')}
  0x000076dc8cf0adf4: ff49 bae0 | 9bb4 26dc | 7600 004c | 8954 2408 | 48c7 0424 | ffff ffff 

  0x000076dc8cf0ae0c: ;   {runtime_call counter_overflow Runtime1 stub}
  0x000076dc8cf0ae0c: e86f ab06 

  0x000076dc8cf0ae10: ; ImmutableOopMap {rsi=Oop [168]=Oop [176]=Oop [208]=Oop [216]=Oop }
                      ;*synchronization entry
                      ; - java.lang.Class::getName@-1 (line 947)
                      ; - kotlin.jvm.internal.Intrinsics::sanitizeStackTrace@3 (line 253)
                      ; - kotlin.jvm.internal.Intrinsics::throwParameterIsNullNPE@11 (line 140)
                      ; - kotlin.jvm.internal.Intrinsics::checkNotNullParameter@5 (line 131)
                      ; - kotlin.ResultKt::createFailure@3
                      ; - kotlin.coroutines.jvm.internal.BaseContinuationImpl::resumeWith@76 (line 38)
  0x000076dc8cf0ae10: 07e9 bdf2 

  0x000076dc8cf0ae14: ;   {runtime_call throw_null_pointer_exception Runtime1 stub}
  0x000076dc8cf0ae14: ffff e865 

  0x000076dc8cf0ae18: ; ImmutableOopMap {[168]=Oop [176]=Oop [208]=Oop [216]=Oop }
                      ;*getfield name {reexecute=1 rethrow=0 return_oop=0}
                      ; - (reexecute) java.lang.Class::getName@1 (line 947)
                      ; - kotlin.jvm.internal.Intrinsics::sanitizeStackTrace@3 (line 253)
                      ; - kotlin.jvm.internal.Intrinsics::throwParameterIsNullNPE@11 (line 140)
                      ; - kotlin.jvm.internal.Intrinsics::checkNotNullParameter@5 (line 131)
                      ; - kotlin.ResultKt::createFailure@3
                      ; - kotlin.coroutines.jvm.internal.BaseContinuationImpl::resumeWith@76 (line 38)
                      ;   {metadata({method} {0x000076dc1c41ae28} 'throwJavaNpe' '()V' in 'kotlin/jvm/internal/Intrinsics')}
  0x000076dc8cf0ae18: 5206 0749 | ba28 ae41 | 1cdc 7600 | 004c 8954 | 2408 48c7 | 0424 ffff 

  0x000076dc8cf0ae30: ;   {runtime_call counter_overflow Runtime1 stub}
  0x000076dc8cf0ae30: ffff e849 

  0x000076dc8cf0ae34: ; ImmutableOopMap {[168]=Oop [176]=Oop [232]=Oop }
                      ;*synchronization entry
                      ; - kotlin.jvm.internal.Intrinsics::throwJavaNpe@-1 (line 45)
                      ; - kotlin.jvm.internal.Intrinsics::checkNotNull@4 (line 25)
                      ; - kotlin.coroutines.jvm.internal.BaseContinuationImpl::resumeWith@31 (line 31)
  0x000076dc8cf0ae34: ab06 07e9 | 71f3 ffff 

  0x000076dc8cf0ae3c: ;   {metadata(nullptr)}
  0x000076dc8cf0ae3c: 48ba 0000 | 0000 0000 | 0000 b800 

  0x000076dc8cf0ae48: ;   {runtime_call load_klass_patching Runtime1 stub}
  0x000076dc8cf0ae48: 0f05 0ae8 

  0x000076dc8cf0ae4c: ; ImmutableOopMap {[168]=Oop [176]=Oop [232]=Oop }
                      ;*new {reexecute=1 rethrow=0 return_oop=0}
                      ; - (reexecute) kotlin.jvm.internal.Intrinsics::throwJavaNpe@0 (line 45)
                      ; - kotlin.jvm.internal.Intrinsics::checkNotNull@4 (line 25)
                      ; - kotlin.coroutines.jvm.internal.BaseContinuationImpl::resumeWith@31 (line 31)
  0x000076dc8cf0ae4c: 309c 0607 | e95b f3ff | ff48 8bd2 

  0x000076dc8cf0ae58: ;   {runtime_call fast_new_instance Runtime1 stub}
  0x000076dc8cf0ae58: e823 6006 

  0x000076dc8cf0ae5c: ; ImmutableOopMap {[168]=Oop [176]=Oop [232]=Oop }
                      ;*new {reexecute=0 rethrow=0 return_oop=0}
                      ; - kotlin.jvm.internal.Intrinsics::throwJavaNpe@0 (line 45)
                      ; - kotlin.jvm.internal.Intrinsics::checkNotNull@4 (line 25)
                      ; - kotlin.coroutines.jvm.internal.BaseContinuationImpl::resumeWith@31 (line 31)
  0x000076dc8cf0ae5c: 07e9 aaf3 

  0x000076dc8cf0ae60: ;   {metadata({method} {0x000076dc1c41d110} 'sanitizeStackTrace' '(Ljava/lang/Throwable;)Ljava/lang/Throwable;' in 'kotlin/jvm/internal/Intrinsics')}
  0x000076dc8cf0ae60: ffff 49ba | 10d1 411c | dc76 0000 | 4c89 5424 | 0848 c704 | 24ff ffff 

  0x000076dc8cf0ae78: ;   {runtime_call counter_overflow Runtime1 stub}
  0x000076dc8cf0ae78: ffe8 02ab 

  0x000076dc8cf0ae7c: ; ImmutableOopMap {[168]=Oop [176]=Oop [224]=Oop [232]=Oop }
                      ;*synchronization entry
                      ; - kotlin.jvm.internal.Intrinsics::sanitizeStackTrace@-1 (line 253)
                      ; - kotlin.jvm.internal.Intrinsics::throwJavaNpe@7 (line 45)
                      ; - kotlin.jvm.internal.Intrinsics::checkNotNull@4 (line 25)
                      ; - kotlin.coroutines.jvm.internal.BaseContinuationImpl::resumeWith@31 (line 31)
  0x000076dc8cf0ae7c: 0607 e9f2 

  0x000076dc8cf0ae80: ;   {metadata({method} {0x000076dc26b49be0} 'getName' '()Ljava/lang/String;' in 'java/lang/Class')}
  0x000076dc8cf0ae80: f3ff ff49 | bae0 9bb4 | 26dc 7600 | 004c 8954 | 2408 48c7 | 0424 ffff 

  0x000076dc8cf0ae98: ;   {runtime_call counter_overflow Runtime1 stub}
  0x000076dc8cf0ae98: ffff e8e1 

  0x000076dc8cf0ae9c: ; ImmutableOopMap {rsi=Oop [168]=Oop [176]=Oop [224]=Oop [232]=Oop }
                      ;*synchronization entry
                      ; - java.lang.Class::getName@-1 (line 947)
                      ; - kotlin.jvm.internal.Intrinsics::sanitizeStackTrace@3 (line 253)
                      ; - kotlin.jvm.internal.Intrinsics::throwJavaNpe@7 (line 45)
                      ; - kotlin.jvm.internal.Intrinsics::checkNotNull@4 (line 25)
                      ; - kotlin.coroutines.jvm.internal.BaseContinuationImpl::resumeWith@31 (line 31)
  0x000076dc8cf0ae9c: aa06 07e9 | 17f4 ffff 

  0x000076dc8cf0aea4: ;   {runtime_call throw_null_pointer_exception Runtime1 stub}
  0x000076dc8cf0aea4: e8d7 5106 

  0x000076dc8cf0aea8: ; ImmutableOopMap {[168]=Oop [176]=Oop [224]=Oop [232]=Oop }
                      ;*getfield name {reexecute=1 rethrow=0 return_oop=0}
                      ; - (reexecute) java.lang.Class::getName@1 (line 947)
                      ; - kotlin.jvm.internal.Intrinsics::sanitizeStackTrace@3 (line 253)
                      ; - kotlin.jvm.internal.Intrinsics::throwJavaNpe@7 (line 45)
                      ; - kotlin.jvm.internal.Intrinsics::checkNotNull@4 (line 25)
                      ; - kotlin.coroutines.jvm.internal.BaseContinuationImpl::resumeWith@31 (line 31)
                      ;   {metadata({method} {0x000076dc1c41bed0} 'throwParameterIsNullNPE' '(Ljava/lang/String;)V' in 'kotlin/jvm/internal/Intrinsics')}
  0x000076dc8cf0aea8: 0749 bad0 | be41 1cdc | 7600 004c | 8954 2408 | 48c7 0424 | ffff ffff 

  0x000076dc8cf0aec0: ;   {runtime_call counter_overflow Runtime1 stub}
  0x000076dc8cf0aec0: e8bb aa06 

  0x000076dc8cf0aec4: ; ImmutableOopMap {[232]=Oop [248]=Oop }
                      ;*synchronization entry
                      ; - kotlin.jvm.internal.Intrinsics::throwParameterIsNullNPE@-1 (line 140)
                      ; - kotlin.jvm.internal.Intrinsics::checkNotNullParameter@5 (line 131)
                      ; - kotlin.coroutines.jvm.internal.DebugProbesKt::probeCoroutineResumed@3
                      ; - kotlin.coroutines.jvm.internal.BaseContinuationImpl::resumeWith@13 (line 29)
  0x000076dc8cf0aec4: 07e9 cbf4 

  0x000076dc8cf0aec8: ;   {metadata(nullptr)}
  0x000076dc8cf0aec8: ffff 48ba | 0000 0000 | 0000 0000 | b800 0f05 

  0x000076dc8cf0aed8: ;   {runtime_call load_klass_patching Runtime1 stub}
  0x000076dc8cf0aed8: 0ae8 a29b 

  0x000076dc8cf0aedc: ; ImmutableOopMap {[232]=Oop [248]=Oop }
                      ;*new {reexecute=1 rethrow=0 return_oop=0}
                      ; - (reexecute) kotlin.jvm.internal.Intrinsics::throwParameterIsNullNPE@0 (line 140)
                      ; - kotlin.jvm.internal.Intrinsics::checkNotNullParameter@5 (line 131)
                      ; - kotlin.coroutines.jvm.internal.DebugProbesKt::probeCoroutineResumed@3
                      ; - kotlin.coroutines.jvm.internal.BaseContinuationImpl::resumeWith@13 (line 29)
  0x000076dc8cf0aedc: 0607 e9b5 | f4ff ff48 

  0x000076dc8cf0aee4: ;   {runtime_call fast_new_instance Runtime1 stub}
  0x000076dc8cf0aee4: 8bd2 e895 

  0x000076dc8cf0aee8: ; ImmutableOopMap {[232]=Oop [248]=Oop }
                      ;*new {reexecute=0 rethrow=0 return_oop=0}
                      ; - kotlin.jvm.internal.Intrinsics::throwParameterIsNullNPE@0 (line 140)
                      ; - kotlin.jvm.internal.Intrinsics::checkNotNullParameter@5 (line 131)
                      ; - kotlin.coroutines.jvm.internal.DebugProbesKt::probeCoroutineResumed@3
                      ; - kotlin.coroutines.jvm.internal.BaseContinuationImpl::resumeWith@13 (line 29)
  0x000076dc8cf0aee8: 5f06 07e9 | 04f5 ffff 

  0x000076dc8cf0aef0: ;   {metadata({method} {0x000076dc1c41d110} 'sanitizeStackTrace' '(Ljava/lang/Throwable;)Ljava/lang/Throwable;' in 'kotlin/jvm/internal/Intrinsics')}
  0x000076dc8cf0aef0: 49ba 10d1 | 411c dc76 | 0000 4c89 | 5424 0848 | c704 24ff 

  0x000076dc8cf0af04: ;   {runtime_call counter_overflow Runtime1 stub}
  0x000076dc8cf0af04: ffff ffe8 

  0x000076dc8cf0af08: ; ImmutableOopMap {[232]=Oop [240]=Oop [248]=Oop }
                      ;*synchronization entry
                      ; - kotlin.jvm.internal.Intrinsics::sanitizeStackTrace@-1 (line 253)
                      ; - kotlin.jvm.internal.Intrinsics::throwParameterIsNullNPE@11 (line 140)
                      ; - kotlin.jvm.internal.Intrinsics::checkNotNullParameter@5 (line 131)
                      ; - kotlin.coroutines.jvm.internal.DebugProbesKt::probeCoroutineResumed@3
                      ; - kotlin.coroutines.jvm.internal.BaseContinuationImpl::resumeWith@13 (line 29)
  0x000076dc8cf0af08: 74aa 0607 | e98c f5ff 

  0x000076dc8cf0af10: ;   {metadata({method} {0x000076dc26b49be0} 'getName' '()Ljava/lang/String;' in 'java/lang/Class')}
  0x000076dc8cf0af10: ff49 bae0 | 9bb4 26dc | 7600 004c | 8954 2408 | 48c7 0424 | ffff ffff 

  0x000076dc8cf0af28: ;   {runtime_call counter_overflow Runtime1 stub}
  0x000076dc8cf0af28: e853 aa06 

  0x000076dc8cf0af2c: ; ImmutableOopMap {rsi=Oop [232]=Oop [240]=Oop [248]=Oop }
                      ;*synchronization entry
                      ; - java.lang.Class::getName@-1 (line 947)
                      ; - kotlin.jvm.internal.Intrinsics::sanitizeStackTrace@3 (line 253)
                      ; - kotlin.jvm.internal.Intrinsics::throwParameterIsNullNPE@11 (line 140)
                      ; - kotlin.jvm.internal.Intrinsics::checkNotNullParameter@5 (line 131)
                      ; - kotlin.coroutines.jvm.internal.DebugProbesKt::probeCoroutineResumed@3
                      ; - kotlin.coroutines.jvm.internal.BaseContinuationImpl::resumeWith@13 (line 29)
  0x000076dc8cf0af2c: 07e9 b1f5 

  0x000076dc8cf0af30: ;   {runtime_call throw_null_pointer_exception Runtime1 stub}
  0x000076dc8cf0af30: ffff e849 

  0x000076dc8cf0af34: ; ImmutableOopMap {[232]=Oop [240]=Oop [248]=Oop }
                      ;*getfield name {reexecute=1 rethrow=0 return_oop=0}
                      ; - (reexecute) java.lang.Class::getName@1 (line 947)
                      ; - kotlin.jvm.internal.Intrinsics::sanitizeStackTrace@3 (line 253)
                      ; - kotlin.jvm.internal.Intrinsics::throwParameterIsNullNPE@11 (line 140)
                      ; - kotlin.jvm.internal.Intrinsics::checkNotNullParameter@5 (line 131)
                      ; - kotlin.coroutines.jvm.internal.DebugProbesKt::probeCoroutineResumed@3
                      ; - kotlin.coroutines.jvm.internal.BaseContinuationImpl::resumeWith@13 (line 29)
                      ;   {runtime_call throw_null_pointer_exception Runtime1 stub}
  0x000076dc8cf0af34: 5106 07e8 

  0x000076dc8cf0af38: ; ImmutableOopMap {rbx=Oop rax=Oop [176]=Oop }
                      ;*invokeinterface resumeWith {reexecute=0 rethrow=0 return_oop=0}
                      ; - kotlin.coroutines.jvm.internal.BaseContinuationImpl::resumeWith@114 (line 47)
  0x000076dc8cf0af38: 4451 0607 

  0x000076dc8cf0af3c: ;   {internal_word}
  0x000076dc8cf0af3c: 49ba 3ca6 | f08c dc76 | 0000 4d89 | 9760 0400 

  0x000076dc8cf0af4c: ;   {runtime_call SafepointBlob}
  0x000076dc8cf0af4c: 00e9 ae90 

  0x000076dc8cf0af50: ;   {internal_word}
  0x000076dc8cf0af50: fa06 49ba | 52a6 f08c | dc76 0000 | 4d89 9760 

  0x000076dc8cf0af60: ;   {runtime_call SafepointBlob}
  0x000076dc8cf0af60: 0400 00e9 | 9890 fa06 | 4889 0424 

  0x000076dc8cf0af6c: ;   {runtime_call throw_class_cast_exception Runtime1 stub}
  0x000076dc8cf0af6c: e80f 7f06 

  0x000076dc8cf0af70: ; ImmutableOopMap {rsi=Oop [232]=Oop }
                      ;*checkcast {reexecute=0 rethrow=0 return_oop=0}
                      ; - kotlin.jvm.internal.Intrinsics::throwParameterIsNullNPE@14 (line 140)
                      ; - kotlin.jvm.internal.Intrinsics::checkNotNullParameter@5 (line 131)
                      ; - kotlin.coroutines.jvm.internal.DebugProbesKt::probeCoroutineResumed@3
                      ; - kotlin.coroutines.jvm.internal.BaseContinuationImpl::resumeWith@13 (line 29)
                      ;   {runtime_call throw_null_pointer_exception Runtime1 stub}
  0x000076dc8cf0af70: 07e8 0a51 

  0x000076dc8cf0af74: ; ImmutableOopMap {rsi=Oop rax=Oop [232]=Oop }
                      ;*athrow {reexecute=1 rethrow=0 return_oop=0}
                      ; - (reexecute) kotlin.jvm.internal.Intrinsics::throwParameterIsNullNPE@17 (line 140)
                      ; - kotlin.jvm.internal.Intrinsics::checkNotNullParameter@5 (line 131)
                      ; - kotlin.coroutines.jvm.internal.DebugProbesKt::probeCoroutineResumed@3
                      ; - kotlin.coroutines.jvm.internal.BaseContinuationImpl::resumeWith@13 (line 29)
  0x000076dc8cf0af74: 0607 4889 

  0x000076dc8cf0af78: ;   {runtime_call throw_class_cast_exception Runtime1 stub}
  0x000076dc8cf0af78: 0424 e801 

  0x000076dc8cf0af7c: ; ImmutableOopMap {rdx=Oop [168]=Oop [176]=Oop }
                      ;*checkcast {reexecute=0 rethrow=0 return_oop=0}
                      ; - kotlin.jvm.internal.Intrinsics::throwJavaNpe@10 (line 45)
                      ; - kotlin.jvm.internal.Intrinsics::checkNotNull@4 (line 25)
                      ; - kotlin.coroutines.jvm.internal.BaseContinuationImpl::resumeWith@31 (line 31)
                      ;   {runtime_call throw_null_pointer_exception Runtime1 stub}
  0x000076dc8cf0af7c: 7f06 07e8 

  0x000076dc8cf0af80: ; ImmutableOopMap {rdx=Oop rax=Oop [168]=Oop [176]=Oop }
                      ;*athrow {reexecute=1 rethrow=0 return_oop=0}
                      ; - (reexecute) kotlin.jvm.internal.Intrinsics::throwJavaNpe@13 (line 45)
                      ; - kotlin.jvm.internal.Intrinsics::checkNotNull@4 (line 25)
                      ; - kotlin.coroutines.jvm.internal.BaseContinuationImpl::resumeWith@31 (line 31)
  0x000076dc8cf0af80: fc50 0607 | 4889 0424 

  0x000076dc8cf0af88: ;   {runtime_call throw_class_cast_exception Runtime1 stub}
  0x000076dc8cf0af88: e8f3 7e06 

  0x000076dc8cf0af8c: ; ImmutableOopMap {[168]=Oop [176]=Oop [208]=Oop }
                      ;*checkcast {reexecute=0 rethrow=0 return_oop=0}
                      ; - kotlin.jvm.internal.Intrinsics::throwParameterIsNullNPE@14 (line 140)
                      ; - kotlin.jvm.internal.Intrinsics::checkNotNullParameter@5 (line 131)
                      ; - kotlin.ResultKt::createFailure@3
                      ; - kotlin.coroutines.jvm.internal.BaseContinuationImpl::resumeWith@76 (line 38)
                      ;   {runtime_call throw_null_pointer_exception Runtime1 stub}
  0x000076dc8cf0af8c: 07e8 ee50 

  0x000076dc8cf0af90: ; ImmutableOopMap {rax=Oop [168]=Oop [176]=Oop [208]=Oop }
                      ;*athrow {reexecute=1 rethrow=0 return_oop=0}
                      ; - (reexecute) kotlin.jvm.internal.Intrinsics::throwParameterIsNullNPE@17 (line 140)
                      ; - kotlin.jvm.internal.Intrinsics::checkNotNullParameter@5 (line 131)
                      ; - kotlin.ResultKt::createFailure@3
                      ; - kotlin.coroutines.jvm.internal.BaseContinuationImpl::resumeWith@76 (line 38)
  0x000076dc8cf0af90: 0607 4889 

  0x000076dc8cf0af94: ;   {runtime_call throw_class_cast_exception Runtime1 stub}
  0x000076dc8cf0af94: 0424 e8e5 

  0x000076dc8cf0af98: ; ImmutableOopMap {rbx=Oop rsi=Oop rdi=Oop rdx=Oop [176]=Oop }
                      ;*checkcast {reexecute=0 rethrow=0 return_oop=0}
                      ; - kotlin.jvm.internal.Intrinsics::throwParameterIsNullNPE@14 (line 140)
                      ; - kotlin.jvm.internal.Intrinsics::checkNotNullParameter@5 (line 131)
                      ; - kotlin.Result$Failure::<init>@3
                      ; - kotlin.ResultKt::createFailure@11 (line 122)
                      ; - kotlin.coroutines.jvm.internal.BaseContinuationImpl::resumeWith@76 (line 38)
                      ;   {runtime_call throw_null_pointer_exception Runtime1 stub}
  0x000076dc8cf0af98: 7e06 07e8 

  0x000076dc8cf0af9c: ; ImmutableOopMap {rbx=Oop rsi=Oop rdi=Oop rdx=Oop rax=Oop [176]=Oop }
                      ;*athrow {reexecute=1 rethrow=0 return_oop=0}
                      ; - (reexecute) kotlin.jvm.internal.Intrinsics::throwParameterIsNullNPE@17 (line 140)
                      ; - kotlin.jvm.internal.Intrinsics::checkNotNullParameter@5 (line 131)
                      ; - kotlin.Result$Failure::<init>@3
                      ; - kotlin.ResultKt::createFailure@11 (line 122)
                      ; - kotlin.coroutines.jvm.internal.BaseContinuationImpl::resumeWith@76 (line 38)
  0x000076dc8cf0af9c: e050 0607 | 498b 87f8 | 0400 0049 | c787 f804 | 0000 0000 | 0000 49c7 | 8700 0500 | 0000 0000 
  0x000076dc8cf0afbc: 0048 81c4 | 1001 0000 

  0x000076dc8cf0afc4: ;   {runtime_call unwind_exception Runtime1 stub}
  0x000076dc8cf0afc4: 5de9 363d | 0607 f4f4 | f4f4 f4f4 
[Stub Code]
  0x000076dc8cf0afd0: ;   {no_reloc}
  0x000076dc8cf0afd0: 0f1f 4400 

  0x000076dc8cf0afd4: ;   {static_stub}
  0x000076dc8cf0afd4: 0048 bb00 | 0000 0000 

  0x000076dc8cf0afdc: ;   {runtime_call nmethod}
  0x000076dc8cf0afdc: 0000 00e9 | fbff ffff 

  0x000076dc8cf0afe4: ;   {static_stub}
  0x000076dc8cf0afe4: 9048 bb00 | 0000 0000 

  0x000076dc8cf0afec: ;   {runtime_call nmethod}
  0x000076dc8cf0afec: 0000 00e9 | fbff ffff 

  0x000076dc8cf0aff4: ;   {static_stub}
  0x000076dc8cf0aff4: 9048 bb00 | 0000 0000 

  0x000076dc8cf0affc: ;   {runtime_call nmethod}
  0x000076dc8cf0affc: 0000 00e9 | fbff ffff 

  0x000076dc8cf0b004: ;   {static_stub}
  0x000076dc8cf0b004: 48bb 0000 | 0000 0000 

  0x000076dc8cf0b00c: ;   {runtime_call nmethod}
  0x000076dc8cf0b00c: 0000 e9fb 

  0x000076dc8cf0b010: ;   {static_stub}
  0x000076dc8cf0b010: ffff ff48 | bb00 0000 | 0000 0000 

  0x000076dc8cf0b01c: ;   {runtime_call nmethod}
  0x000076dc8cf0b01c: 00e9 fbff 

  0x000076dc8cf0b020: ;   {static_stub}
  0x000076dc8cf0b020: ffff 48bb | 0000 0000 | 0000 0000 

  0x000076dc8cf0b02c: ;   {runtime_call nmethod}
  0x000076dc8cf0b02c: e9fb ffff 

  0x000076dc8cf0b030: ;   {static_stub}
  0x000076dc8cf0b030: ff48 bb00 | 0000 0000 

  0x000076dc8cf0b038: ;   {runtime_call nmethod}
  0x000076dc8cf0b038: 0000 00e9 | fbff ffff 

  0x000076dc8cf0b040: ;   {static_stub}
  0x000076dc8cf0b040: 48bb 0000 | 0000 0000 

  0x000076dc8cf0b048: ;   {runtime_call nmethod}
  0x000076dc8cf0b048: 0000 e9fb 

  0x000076dc8cf0b04c: ;   {runtime_call handle_exception_from_callee Runtime1 stub}
  0x000076dc8cf0b04c: ffff ffe8 | 2c78 0607 

  0x000076dc8cf0b054: ;   {external_word}
  0x000076dc8cf0b054: 48bf d2d4 | 53a7 dc76 | 0000 4883 

  0x000076dc8cf0b060: ;   {runtime_call MacroAssembler::debug64(char*, long, long*)}
  0x000076dc8cf0b060: e4f0 e839 | aa0f 1af4 
[Deopt Handler Code]
  0x000076dc8cf0b068: ;   {section_word}
  0x000076dc8cf0b068: 49ba 68b0 | f08c dc76 | 0000 4152 

  0x000076dc8cf0b074: ;   {runtime_call DeoptimizationBlob}
  0x000076dc8cf0b074: e927 82fa | 06f4 f4f4 | f4f4 f4f4 
[/MachCode]


Compiled method (c1) 5102 2945   !   3       kotlinx.coroutines.DispatchedTask::run (387 bytes)
 total in heap  [0x000076dc8cf15b10,0x000076dc8cf1aec8] = 21432
 relocation     [0x000076dc8cf15c68,0x000076dc8cf16188] = 1312
 main code      [0x000076dc8cf161a0,0x000076dc8cf19210] = 12400
 stub code      [0x000076dc8cf19210,0x000076dc8cf193d8] = 456
 oops           [0x000076dc8cf193d8,0x000076dc8cf193f8] = 32
 metadata       [0x000076dc8cf193f8,0x000076dc8cf19488] = 144
 scopes data    [0x000076dc8cf19488,0x000076dc8cf19de8] = 2400
 scopes pcs     [0x000076dc8cf19de8,0x000076dc8cf1a578] = 1936
 dependencies   [0x000076dc8cf1a578,0x000076dc8cf1a5a0] = 40
 handler table  [0x000076dc8cf1a5a0,0x000076dc8cf1ae38] = 2200
 nul chk table  [0x000076dc8cf1ae38,0x000076dc8cf1aec8] = 144

[Constant Pool (empty)]

[MachCode]
[Entry Point]
  # {method} {0x000076dc1c621e08} 'run' '()V' in 'kotlinx/coroutines/DispatchedTask'
  #           [sp+0x180]  (sp of caller)
  0x000076dc8cf161a0: 448b 5608 | 49bb 0000 | 0026 dc76 | 0000 4d03 | d34c 3bd0 

  0x000076dc8cf161b4: ;   {runtime_call ic_miss_stub}
  0x000076dc8cf161b4: 0f85 c66e | f906 660f | 1f44 0000 
[Verified Entry Point]
  0x000076dc8cf161c0: 8984 2400 | c0fe ff55 | 4881 ec70 | 0100 0090 | 4181 7f20 | 0300 0000 

  0x000076dc8cf161d8: ;   {runtime_call StubRoutines (final stubs)}
  0x000076dc8cf161d8: 7405 e8c1 | d2f7 0648 | 89b4 24b0 

  0x000076dc8cf161e4: ;   {metadata(method data for {method} {0x000076dc1c621e08} 'run' '()V' in 'kotlinx/coroutines/DispatchedTask')}
  0x000076dc8cf161e4: 0000 0048 | bf00 058d | 1ddc 7600 | 008b 9ff4 | 0000 0083 | c302 899f | f400 0000 | 81e3 fe07 
  0x000076dc8cf16204: 0000 85db | 0f84 7429 

  0x000076dc8cf1620c: ;   {metadata(method data for {method} {0x000076dc1c621e08} 'run' '()V' in 'kotlinx/coroutines/DispatchedTask')}
  0x000076dc8cf1620c: 0000 48bf | 0005 8d1d | dc76 0000 | 4883 8738 | 0100 0001 

  0x000076dc8cf16220: ;   {metadata(method data for {method} {0x000076dc1c4ff420} 'getASSERTIONS_ENABLED' '()Z' in 'kotlinx/coroutines/DebugKt')}
  0x000076dc8cf16220: 48bf 902d | 811d dc76 | 0000 8b9f | f400 0000 | 83c3 0289 | 9ff4 0000 | 0081 e3fe | ff1f 0085 
  0x000076dc8cf16240: db0f 845c 

  0x000076dc8cf16244: ;   {metadata(method data for {method} {0x000076dc1c621e08} 'run' '()V' in 'kotlinx/coroutines/DispatchedTask')}
  0x000076dc8cf16244: 2900 0048 | bf00 058d | 1ddc 7600 | 00ff 8748 | 0100 0048 

  0x000076dc8cf16258: ;   {metadata(method data for {method} {0x000076dc1c621e08} 'run' '()V' in 'kotlinx/coroutines/DispatchedTask')}
  0x000076dc8cf16258: 8bfe 48bb | 0005 8d1d | dc76 0000 | 8b7f 0849 | ba00 0000 | 26dc 7600 | 0049 03fa | 483b bbe0 
  0x000076dc8cf16278: 0100 0075 | 0d48 8383 | e801 0000 | 01e9 6000 | 0000 483b | bbf0 0100 | 0075 0d48 | 8383 f801 
  0x000076dc8cf16298: 0000 01e9 | 4a00 0000 | 4883 bbe0 | 0100 0000 | 7517 4889 | bbe0 0100 | 0048 c783 | e801 0000 
  0x000076dc8cf162b8: 0100 0000 | e929 0000 | 0048 83bb | f001 0000 | 0075 1748 | 89bb f001 | 0000 48c7 | 83f8 0100 
  0x000076dc8cf162d8: 0001 0000 | 00e9 0800 | 0000 4883 | 83d0 0100 | 0001 488b | fe48 8bf7 | 0f1f 4400 | 0048 b8ff 
  0x000076dc8cf162f8: ffff ffff 

  0x000076dc8cf162fc: ;   {virtual_call}
  0x000076dc8cf162fc: ffff ffe8 

  0x000076dc8cf16300: ; ImmutableOopMap {[176]=Oop }
                      ;*invokevirtual getDelegate$kotlinx_coroutines_core {reexecute=0 rethrow=0 return_oop=0}
                      ; - kotlinx.coroutines.DispatchedTask::run@34 (line 80)
  0x000076dc8cf16300: cc6e 1907 

  0x000076dc8cf16304: ;   {other}
  0x000076dc8cf16304: 0f1f 8400 | f407 0000 | 4889 8424 | b800 0000 

  0x000076dc8cf16314: ;   {metadata(method data for {method} {0x000076dc1c621e08} 'run' '()V' in 'kotlinx/coroutines/DispatchedTask')}
  0x000076dc8cf16314: 48ba 0005 | 8d1d dc76 | 0000 4883 | 8208 0200 

  0x000076dc8cf16324: ;   {metadata(method data for {method} {0x000076dc1c41abc8} 'checkNotNull' '(Ljava/lang/Object;Ljava/lang/String;)V' in 'kotlin/jvm/internal/Intrinsics')}
  0x000076dc8cf16324: 0001 48ba | b8c4 051d | dc76 0000 | 8bb2 f400 | 0000 83c6 | 0289 b2f4 | 0000 0081 | e6fe ff1f 
  0x000076dc8cf16344: 0085 f60f | 8477 2800 | 0048 85c0 

  0x000076dc8cf16350: ;   {metadata(method data for {method} {0x000076dc1c41abc8} 'checkNotNull' '(Ljava/lang/Object;Ljava/lang/String;)V' in 'kotlin/jvm/internal/Intrinsics')}
  0x000076dc8cf16350: 48ba b8c4 | 051d dc76 | 0000 48c7 | c638 0100 | 0075 0748 | c7c6 4801 | 0000 488b | 3c32 488d 
  0x000076dc8cf16370: 7f01 4889 | 3c32 0f85 | e001 0000 

  0x000076dc8cf1637c: ;   {metadata(method data for {method} {0x000076dc1c41abc8} 'checkNotNull' '(Ljava/lang/Object;Ljava/lang/String;)V' in 'kotlin/jvm/internal/Intrinsics')}
  0x000076dc8cf1637c: 48ba b8c4 | 051d dc76 | 0000 4883 | 8258 0100 

  0x000076dc8cf1638c: ;   {metadata(method data for {method} {0x000076dc1c41aef8} 'throwJavaNpe' '(Ljava/lang/String;)V' in 'kotlin/jvm/internal/Intrinsics')}
  0x000076dc8cf1638c: 0001 48ba | 78ca 051d | dc76 0000 | 8bb2 f400 | 0000 83c6 | 0289 b2f4 | 0000 0081 | e6fe ff1f 
  0x000076dc8cf163ac: 0085 f60f | 8430 2800 | 0066 6690 

  0x000076dc8cf163b8: ;   {no_reloc}
  0x000076dc8cf163b8: e958 2800 | 0000 0000 | 0000 498b | 87b8 0100 | 0048 8d78 | 3049 3bbf | c801 0000 | 0f87 4528 
  0x000076dc8cf163d8: 0000 4989 | bfb8 0100 | 0048 c700 | 0100 0000 | 488b ca49 | ba00 0000 | 26dc 7600 | 0049 2bca 
  0x000076dc8cf163f8: 8948 0848 | 33c9 8948 | 0c48 33c9 | 4889 4810 | 4889 4818 | 4889 4820 | 4889 4828 

  0x000076dc8cf16414: ;   {metadata(method data for {method} {0x000076dc1c41aef8} 'throwJavaNpe' '(Ljava/lang/String;)V' in 'kotlin/jvm/internal/Intrinsics')}
  0x000076dc8cf16414: 488b d048 | be78 ca05 | 1ddc 7600 | 0048 8386 | 3801 0000 

  0x000076dc8cf16428: ;   {oop("null cannot be cast to non-null type kotlinx.coroutines.internal.DispatchedContinuation<T of kotlinx.coroutines.DispatchedTask>"{0x0000000527b81b70})}
  0x000076dc8cf16428: 0148 ba70 | 1bb8 2705 | 0000 0048 | 8bf0 4889 | 8424 c000 

  0x000076dc8cf1643c: ;   {optimized virtual_call}
  0x000076dc8cf1643c: 0000 90e8 

  0x000076dc8cf16440: ; ImmutableOopMap {[176]=Oop [184]=Oop [192]=Oop }
                      ;*invokespecial <init> {reexecute=0 rethrow=0 return_oop=0}
                      ; - kotlin.jvm.internal.Intrinsics::throwJavaNpe@5 (line 50)
                      ; - kotlin.jvm.internal.Intrinsics::checkNotNull@5 (line 31)
                      ; - kotlinx.coroutines.DispatchedTask::run@40 (line 80)
  0x000076dc8cf16440: 3c6f f906 

  0x000076dc8cf16444: ;   {other}
  0x000076dc8cf16444: 0f1f 8400 | 3409 0001 

  0x000076dc8cf1644c: ;   {metadata(method data for {method} {0x000076dc1c41aef8} 'throwJavaNpe' '(Ljava/lang/String;)V' in 'kotlin/jvm/internal/Intrinsics')}
  0x000076dc8cf1644c: 48be 78ca | 051d dc76 | 0000 4883 | 8648 0100 

  0x000076dc8cf1645c: ;   {metadata(method data for {method} {0x000076dc1c41d110} 'sanitizeStackTrace' '(Ljava/lang/Throwable;)Ljava/lang/Throwable;' in 'kotlin/jvm/internal/Intrinsics')}
  0x000076dc8cf1645c: 0001 48be | e088 6e1c | dc76 0000 | 8bbe f400 | 0000 83c7 | 0289 bef4 | 0000 0081 | e7fe ff1f 
  0x000076dc8cf1647c: 0085 ff0f | 84a7 2700 

  0x000076dc8cf16484: ;   {oop(a 'java/lang/Class'{0x00000005278031f8} = 'kotlin/jvm/internal/Intrinsics')}
  0x000076dc8cf16484: 0048 bef8 | 3180 2705 | 0000 0048 

  0x000076dc8cf16490: ;   {metadata(method data for {method} {0x000076dc1c41d110} 'sanitizeStackTrace' '(Ljava/lang/Throwable;)Ljava/lang/Throwable;' in 'kotlin/jvm/internal/Intrinsics')}
  0x000076dc8cf16490: 8bfe 48bb | e088 6e1c | dc76 0000 | 4883 8338 | 0100 0001 

  0x000076dc8cf164a4: ;   {metadata(method data for {method} {0x000076dc26b49be0} 'getName' '()Ljava/lang/String;' in 'java/lang/Class')}
  0x000076dc8cf164a4: 48bf 0816 | 041c dc76 | 0000 8b9f | f400 0000 | 83c3 0289 | 9ff4 0000 | 0081 e3fe | ff1f 0085 
  0x000076dc8cf164c4: db0f 8482 | 2700 008b | 762c 48c1 | e603 4885 

  0x000076dc8cf164d4: ;   {metadata(method data for {method} {0x000076dc26b49be0} 'getName' '()Ljava/lang/String;' in 'java/lang/Class')}
  0x000076dc8cf164d4: f648 bf08 | 1604 1cdc | 7600 0048 | c7c3 3801 | 0000 7407 | 48c7 c348 | 0100 0048 | 8b04 1f48 
  0x000076dc8cf164f4: 8d40 0148 | 8904 1f0f | 8418 0000 

  0x000076dc8cf16500: ;   {metadata(method data for {method} {0x000076dc26b49be0} 'getName' '()Ljava/lang/String;' in 'java/lang/Class')}
  0x000076dc8cf16500: 0048 bf08 | 1604 1cdc | 7600 00ff | 8758 0100 | 0048 8bfe | e936 0000 

  0x000076dc8cf16518: ;   {oop(a 'java/lang/Class'{0x00000005278031f8} = 'kotlin/jvm/internal/Intrinsics')}
  0x000076dc8cf16518: 0048 bef8 | 3180 2705 | 0000 0048 

  0x000076dc8cf16524: ;   {metadata(method data for {method} {0x000076dc26b49be0} 'getName' '()Ljava/lang/String;' in 'java/lang/Class')}
  0x000076dc8cf16524: 8bfe 48bb | 0816 041c | dc76 0000 | 4883 8370 | 0100 0001 | 0f1f 8000 

  0x000076dc8cf1653c: ;   {optimized virtual_call}
  0x000076dc8cf1653c: 0000 00e8 

  0x000076dc8cf16540: ; ImmutableOopMap {[176]=Oop [184]=Oop [192]=Oop }
                      ;*invokevirtual initClassName {reexecute=0 rethrow=0 return_oop=0}
                      ; - java.lang.Class::getName@14 (line 948)
                      ; - kotlin.jvm.internal.Intrinsics::sanitizeStackTrace@3 (line 253)
                      ; - kotlin.jvm.internal.Intrinsics::throwJavaNpe@8 (line 50)
                      ; - kotlin.jvm.internal.Intrinsics::checkNotNull@5 (line 31)
                      ; - kotlinx.coroutines.DispatchedTask::run@40 (line 80)
  0x000076dc8cf16540: 3c6e f906 

  0x000076dc8cf16544: ;   {other}
  0x000076dc8cf16544: 0f1f 8400 | 340a 0002 | 488b f848 | 8b84 24c0 | 0000 00e9 | 1822 0000 | 4885 c075 

  0x000076dc8cf16560: ;   {metadata(method data for {method} {0x000076dc1c621e08} 'run' '()V' in 'kotlinx/coroutines/DispatchedTask')}
  0x000076dc8cf16560: 1648 bb00 | 058d 1ddc | 7600 0080 | 8b11 0200 | 0001 e9cc 

  0x000076dc8cf16574: ;   {metadata('kotlinx/coroutines/internal/DispatchedContinuation')}
  0x000076dc8cf16574: 0000 0048 | bec0 be08 | 28dc 7600 | 008b 7808 | 49ba 0000 | 0026 dc76 | 0000 4903 | fa48 3bf7 
  0x000076dc8cf16594: 0f85 8d00 

  0x000076dc8cf16598: ;   {metadata(method data for {method} {0x000076dc1c621e08} 'run' '()V' in 'kotlinx/coroutines/DispatchedTask')}
  0x000076dc8cf16598: 0000 48bb | 0005 8d1d | dc76 0000 | 8b70 0849 | ba00 0000 | 26dc 7600 | 0049 03f2 | 483b b328 
  0x000076dc8cf165b8: 0200 0075 | 0d48 8383 | 3002 0000 | 01e9 7900 | 0000 483b | b338 0200 | 0075 0d48 | 8383 4002 
  0x000076dc8cf165d8: 0000 01e9 | 6300 0000 | 4883 bb28 | 0200 0000 | 7517 4889 | b328 0200 | 0048 c783 | 3002 0000 
  0x000076dc8cf165f8: 0100 0000 | e942 0000 | 0048 83bb | 3802 0000 | 0075 1748 | 89b3 3802 | 0000 48c7 | 8340 0200 
  0x000076dc8cf16618: 0001 0000 | 00e9 2100 | 0000 e91c 

  0x000076dc8cf16624: ;   {metadata(method data for {method} {0x000076dc1c621e08} 'run' '()V' in 'kotlinx/coroutines/DispatchedTask')}
  0x000076dc8cf16624: 0000 0048 | bb00 058d | 1ddc 7600 | 0048 83ab | 1802 0000 | 01e9 3526 | 0000 e900 | 0000 0048 
  0x000076dc8cf16644: 8bf0 8b7e | 2048 c1e7 | 038b 5e28 | 48c1 e303 

  0x000076dc8cf16654: ; implicit exception: dispatches to 0x000076dc8cf18c81
  0x000076dc8cf16654: 483b 0748 

  0x000076dc8cf16658: ;   {metadata(method data for {method} {0x000076dc1c621e08} 'run' '()V' in 'kotlinx/coroutines/DispatchedTask')}
  0x000076dc8cf16658: 8bf7 48b8 | 0005 8d1d | dc76 0000 | 8b76 0849 | ba00 0000 | 26dc 7600 | 0049 03f2 | 483b b060 
  0x000076dc8cf16678: 0200 0075 | 0d48 8380 | 6802 0000 | 01e9 6000 | 0000 483b | b070 0200 | 0075 0d48 | 8380 7802 
  0x000076dc8cf16698: 0000 01e9 | 4a00 0000 | 4883 b860 | 0200 0000 | 7517 4889 | b060 0200 | 0048 c780 | 6802 0000 
  0x000076dc8cf166b8: 0100 0000 | e929 0000 | 0048 83b8 | 7002 0000 | 0075 1748 | 89b0 7002 | 0000 48c7 | 8078 0200 
  0x000076dc8cf166d8: 0001 0000 | 00e9 0800 | 0000 4883 | 8050 0200 | 0001 488b | f748 89bc | 24d0 0000 | 0048 899c 
  0x000076dc8cf166f8: 24c8 0000 | 0048 b8f0 | 1c00 30db 

  0x000076dc8cf16704: ;   {virtual_call}
  0x000076dc8cf16704: 7600 00e8 

  0x000076dc8cf16708: ; ImmutableOopMap {[176]=Oop [200]=Oop [208]=Oop }
                      ;*invokeinterface getContext {reexecute=0 rethrow=0 return_oop=0}
                      ; - kotlinx.coroutines.DispatchedTask::run@61 (line 222)
  0x000076dc8cf16708: f46a 1907 

  0x000076dc8cf1670c: ;   {other}
  0x000076dc8cf1670c: 0f1f 8400 | fc0b 0003 

  0x000076dc8cf16714: ;   {metadata(method data for {method} {0x000076dc1c621e08} 'run' '()V' in 'kotlinx/coroutines/DispatchedTask')}
  0x000076dc8cf16714: 48be 0005 | 8d1d dc76 | 0000 4883 | 8688 0200 | 0001 488b | f048 8b94 | 24c8 0000 | 0048 8984 
  0x000076dc8cf16734: 24d8 0000 | 0066 0f1f 

  0x000076dc8cf1673c: ;   {static_call}
  0x000076dc8cf1673c: 4400 00e8 

  0x000076dc8cf16740: ; ImmutableOopMap {[176]=Oop [208]=Oop [216]=Oop }
                      ;*invokestatic updateThreadContext {reexecute=0 rethrow=0 return_oop=0}
                      ; - kotlinx.coroutines.DispatchedTask::run@71 (line 223)
  0x000076dc8cf16740: fc9d ffff 

  0x000076dc8cf16744: ;   {other}
  0x000076dc8cf16744: 0f1f 8400 | 340c 0004 

  0x000076dc8cf1674c: ;   {oop(a 'kotlinx/coroutines/internal/Symbol'{0x00000005278bbf30})}
  0x000076dc8cf1674c: 49ba 30bf | 8b27 0500 | 0000 493b 

  0x000076dc8cf16758: ;   {metadata(method data for {method} {0x000076dc1c621e08} 'run' '()V' in 'kotlinx/coroutines/DispatchedTask')}
  0x000076dc8cf16758: c248 be00 | 058d 1ddc | 7600 0048 | c7c2 9802 | 0000 7407 | 48c7 c2a8 | 0200 0048 | 8b0c 1648 
  0x000076dc8cf16778: 8d49 0148 | 890c 160f | 8454 0000 

  0x000076dc8cf16784: ;   {metadata(method data for {method} {0x000076dc1c621e08} 'run' '()V' in 'kotlinx/coroutines/DispatchedTask')}
  0x000076dc8cf16784: 0048 be00 | 058d 1ddc | 7600 0048 | 8386 b802 | 0000 0148 | 8bb4 24d0 | 0000 0048 | 8b94 24d8 
  0x000076dc8cf167a4: 0000 0048 | 8bc8 4889 | 8424 e000 | 0000 0f1f 

  0x000076dc8cf167b4: ;   {static_call}
  0x000076dc8cf167b4: 4400 00e8 

  0x000076dc8cf167b8: ; ImmutableOopMap {[176]=Oop [208]=Oop [216]=Oop [224]=Oop }
                      ;*invokestatic updateUndispatchedCompletion {reexecute=0 rethrow=0 return_oop=0}
                      ; - kotlinx.coroutines.DispatchedTask::run@89 (line 226)
  0x000076dc8cf167b8: c471 f906 

  0x000076dc8cf167bc: ;   {other}
  0x000076dc8cf167bc: 0f1f 8400 | ac0c 0005 

  0x000076dc8cf167c4: ;   {metadata(method data for {method} {0x000076dc1c621e08} 'run' '()V' in 'kotlinx/coroutines/DispatchedTask')}
  0x000076dc8cf167c4: 48be 0005 | 8d1d dc76 | 0000 ff86 | c802 0000 | e912 0000 | 0048 8984 | 24e0 0000 

  0x000076dc8cf167e0: ;   {oop(nullptr)}
  0x000076dc8cf167e0: 0048 b800 | 0000 0000 | 0000 0048 | 8984 24e8 | 0000 0048 | 8bbc 24d0 

  0x000076dc8cf167f8: ;   {metadata(method data for {method} {0x000076dc1c621e08} 'run' '()V' in 'kotlinx/coroutines/DispatchedTask')}
  0x000076dc8cf167f8: 0000 0048 | be00 058d | 1ddc 7600 | 008b 7f08 | 49ba 0000 | 0026 dc76 | 0000 4903 | fa48 3bbe 
  0x000076dc8cf16818: f002 0000 | 750d 4883 | 86f8 0200 | 0001 e960 | 0000 0048 | 3bbe 0003 | 0000 750d | 4883 8608 
  0x000076dc8cf16838: 0300 0001 | e94a 0000 | 0048 83be | f002 0000 | 0075 1748 | 89be f002 | 0000 48c7 | 86f8 0200 
  0x000076dc8cf16858: 0001 0000 | 00e9 2900 | 0000 4883 | be00 0300 | 0000 7517 | 4889 be00 | 0300 0048 | c786 0803 
  0x000076dc8cf16878: 0000 0100 | 0000 e908 | 0000 0048 | 8386 e002 | 0000 0148 | 8bb4 24d0 | 0000 0066 | 9048 b820 
  0x000076dc8cf16898: 1d00 30db 

  0x000076dc8cf1689c: ;   {virtual_call}
  0x000076dc8cf1689c: 7600 00e8 

  0x000076dc8cf168a0: ; ImmutableOopMap {[176]=Oop [208]=Oop [216]=Oop [224]=Oop [232]=Oop }
                      ;*invokeinterface getContext {reexecute=0 rethrow=0 return_oop=0}
                      ; - kotlinx.coroutines.DispatchedTask::run@103 (line 83)
  0x000076dc8cf168a0: 5c69 1907 

  0x000076dc8cf168a4: ;   {other}
  0x000076dc8cf168a4: 0f1f 8400 | 940d 0006 | 488b b424 | b000 0000 

  0x000076dc8cf168b4: ;   {metadata(method data for {method} {0x000076dc1c621e08} 'run' '()V' in 'kotlinx/coroutines/DispatchedTask')}
  0x000076dc8cf168b4: 48bf 0005 | 8d1d dc76 | 0000 8b76 | 0849 ba00 | 0000 26dc | 7600 0049 | 03f2 483b | b728 0300 
  0x000076dc8cf168d4: 0075 0d48 | 8387 3003 | 0000 01e9 | 6000 0000 | 483b b738 | 0300 0075 | 0d48 8387 | 4003 0000 
  0x000076dc8cf168f4: 01e9 4a00 | 0000 4883 | bf28 0300 | 0000 7517 | 4889 b728 | 0300 0048 | c787 3003 | 0000 0100 
  0x000076dc8cf16914: 0000 e929 | 0000 0048 | 83bf 3803 | 0000 0075 | 1748 89b7 | 3803 0000 | 48c7 8740 | 0300 0001 
  0x000076dc8cf16934: 0000 00e9 | 0800 0000 | 4883 8718 | 0300 0001 | 488b b424 | b000 0000 | 4889 8424 | f000 0000 
  0x000076dc8cf16954: 9048 b8ff | ffff ffff 

  0x000076dc8cf1695c: ;   {virtual_call}
  0x000076dc8cf1695c: ffff ffe8 

  0x000076dc8cf16960: ; ImmutableOopMap {[176]=Oop [208]=Oop [216]=Oop [224]=Oop [232]=Oop [240]=Oop }
                      ;*invokevirtual takeState$kotlinx_coroutines_core {reexecute=0 rethrow=0 return_oop=0}
                      ; - kotlinx.coroutines.DispatchedTask::run@111 (line 84)
  0x000076dc8cf16960: 2c67 1907 

  0x000076dc8cf16964: ;   {other}
  0x000076dc8cf16964: 0f1f 8400 | 540e 0007 | 4889 8424 | f800 0000 | 488b b424 | b000 0000 

  0x000076dc8cf1697c: ;   {metadata(method data for {method} {0x000076dc1c621e08} 'run' '()V' in 'kotlinx/coroutines/DispatchedTask')}
  0x000076dc8cf1697c: 48ba 0005 | 8d1d dc76 | 0000 8b76 | 0849 ba00 | 0000 26dc | 7600 0049 | 03f2 483b | b260 0300 
  0x000076dc8cf1699c: 0075 0d48 | 8382 6803 | 0000 01e9 | 6000 0000 | 483b b270 | 0300 0075 | 0d48 8382 | 7803 0000 
  0x000076dc8cf169bc: 01e9 4a00 | 0000 4883 | ba60 0300 | 0000 7517 | 4889 b260 | 0300 0048 | c782 6803 | 0000 0100 
  0x000076dc8cf169dc: 0000 e929 | 0000 0048 | 83ba 7003 | 0000 0075 | 1748 89b2 | 7003 0000 | 48c7 8278 | 0300 0001 
  0x000076dc8cf169fc: 0000 00e9 | 0800 0000 | 4883 8250 | 0300 0001 | 488b d048 | 8bb4 24b0 | 0000 0066 | 0f1f 4400 
  0x000076dc8cf16a1c: 0048 b8ff | ffff ffff 

  0x000076dc8cf16a24: ;   {virtual_call}
  0x000076dc8cf16a24: ffff ffe8 

  0x000076dc8cf16a28: ; ImmutableOopMap {[176]=Oop [208]=Oop [216]=Oop [224]=Oop [232]=Oop [240]=Oop [248]=Oop }
                      ;*invokevirtual getExceptionalResult$kotlinx_coroutines_core {reexecute=0 rethrow=0 return_oop=0}
                      ; - kotlinx.coroutines.DispatchedTask::run@119 (line 85)
  0x000076dc8cf16a28: 746b 1907 

  0x000076dc8cf16a2c: ;   {other}
  0x000076dc8cf16a2c: 0f1f 8400 | 1c0f 0008 | 4889 8424 | 0001 0000 

  0x000076dc8cf16a3c: ;   {metadata(method data for {method} {0x000076dc1c621e08} 'run' '()V' in 'kotlinx/coroutines/DispatchedTask')}
  0x000076dc8cf16a3c: 4885 c048 | ba00 058d | 1ddc 7600 | 0048 c7c6 | 8803 0000 | 7507 48c7 | c698 0300 | 0048 8b3c 
  0x000076dc8cf16a5c: 3248 8d7f | 0148 893c | 3248 8bb4 | 24b0 0000 | 000f 85ea | 0000 008b 

  0x000076dc8cf16a74: ;   {metadata(method data for {method} {0x000076dc1c621e08} 'run' '()V' in 'kotlinx/coroutines/DispatchedTask')}
  0x000076dc8cf16a74: 5618 48bf | 0005 8d1d | dc76 0000 | 4883 87a8 | 0300 0001 

  0x000076dc8cf16a88: ;   {metadata(method data for {method} {0x000076dc1c63fae8} 'isCancellableMode' '(I)Z' in 'kotlinx/coroutines/DispatchedTaskKt')}
  0x000076dc8cf16a88: 48bf d046 | 831d dc76 | 0000 8b9f | f400 0000 | 83c3 0289 | 9ff4 0000 | 0081 e3fe | ff1f 0085 
  0x000076dc8cf16aa8: db0f 84d7 | 2100 0083 

  0x000076dc8cf16ab0: ;   {metadata(method data for {method} {0x000076dc1c63fae8} 'isCancellableMode' '(I)Z' in 'kotlinx/coroutines/DispatchedTaskKt')}
  0x000076dc8cf16ab0: fa01 48bf | d046 831d | dc76 0000 | 48c7 c338 | 0100 0074 | 0748 c7c3 | 4801 0000 | 488b 0c1f 
  0x000076dc8cf16ad0: 488d 4901 | 4889 0c1f | 0f84 2f00 | 0000 83fa 

  0x000076dc8cf16ae0: ;   {metadata(method data for {method} {0x000076dc1c63fae8} 'isCancellableMode' '(I)Z' in 'kotlinx/coroutines/DispatchedTaskKt')}
  0x000076dc8cf16ae0: 0248 bad0 | 4683 1ddc | 7600 0048 | c7c7 5801 | 0000 7507 | 48c7 c768 | 0100 0048 | 8b1c 3a48 
  0x000076dc8cf16b00: 8d5b 0148 | 891c 3a0f | 851a 0000 

  0x000076dc8cf16b0c: ;   {metadata(method data for {method} {0x000076dc1c63fae8} 'isCancellableMode' '(I)Z' in 'kotlinx/coroutines/DispatchedTaskKt')}
  0x000076dc8cf16b0c: 0048 bad0 | 4683 1ddc | 7600 00ff | 8278 0100 | 00ba 0100 | 0000 e905 | 0000 00ba | 0000 0000 
  0x000076dc8cf16b2c: 83e2 0185 

  0x000076dc8cf16b30: ;   {metadata(method data for {method} {0x000076dc1c621e08} 'run' '()V' in 'kotlinx/coroutines/DispatchedTask')}
  0x000076dc8cf16b30: d248 ba00 | 058d 1ddc | 7600 0048 | c7c7 c803 | 0000 7507 | 48c7 c7b8 | 0300 0048 | 8b1c 3a48 
  0x000076dc8cf16b50: 8d5b 0148 | 891c 3a0f | 850f 0000 

  0x000076dc8cf16b5c: ;   {oop(nullptr)}
  0x000076dc8cf16b5c: 0048 bf00 | 0000 0000 | 0000 00e9 | e001 0000 | 488b 8424 | f000 0000 

  0x000076dc8cf16b74: ; implicit exception: dispatches to 0x000076dc8cf18ca7
  0x000076dc8cf16b74: 483b 0048 

  0x000076dc8cf16b78: ;   {metadata(method data for {method} {0x000076dc1c621e08} 'run' '()V' in 'kotlinx/coroutines/DispatchedTask')}
  0x000076dc8cf16b78: 8bd0 48bb | 0005 8d1d | dc76 0000 | 8b52 0849 | ba00 0000 | 26dc 7600 | 0049 03d2 | 483b 9320 
  0x000076dc8cf16b98: 0400 0075 | 0d48 8383 | 2804 0000 | 01e9 6000 | 0000 483b | 9330 0400 | 0075 0d48 | 8383 3804 
  0x000076dc8cf16bb8: 0000 01e9 | 4a00 0000 | 4883 bb20 | 0400 0000 | 7517 4889 | 9320 0400 | 0048 c783 | 2804 0000 
  0x000076dc8cf16bd8: 0100 0000 | e929 0000 | 0048 83bb | 3004 0000 | 0075 1748 | 8993 3004 | 0000 48c7 | 8338 0400 
  0x000076dc8cf16bf8: 0001 0000 | 00e9 0800 | 0000 4883 | 8310 0400 

  0x000076dc8cf16c08: ;   {oop(a 'kotlinx/coroutines/Job$Key'{0x0000000527891d40})}
  0x000076dc8cf16c08: 0001 48ba | 401d 8927 | 0500 0000 | 488b f066 | 0f1f 4400 | 0048 b828 | aa08 28dc 

  0x000076dc8cf16c24: ;   {virtual_call}
  0x000076dc8cf16c24: 7600 00e8 

  0x000076dc8cf16c28: ; ImmutableOopMap {[176]=Oop [208]=Oop [216]=Oop [224]=Oop [232]=Oop [248]=Oop [256]=Oop }
                      ;*invokeinterface get {reexecute=0 rethrow=0 return_oop=0}
                      ; - kotlinx.coroutines.DispatchedTask::run@147 (line 91)
  0x000076dc8cf16c28: f43b 7f07 

  0x000076dc8cf16c2c: ;   {other}
  0x000076dc8cf16c2c: 0f1f 8400 | 1c11 0009 | 4885 c075 

  0x000076dc8cf16c38: ;   {metadata(method data for {method} {0x000076dc1c621e08} 'run' '()V' in 'kotlinx/coroutines/DispatchedTask')}
  0x000076dc8cf16c38: 1648 bb00 | 058d 1ddc | 7600 0080 | 8b41 0400 | 0001 e9e7 

  0x000076dc8cf16c4c: ;   {metadata('kotlinx/coroutines/Job')}
  0x000076dc8cf16c4c: 0000 0048 | be00 8008 | 28dc 7600 | 008b 5808 | 49ba 0000 | 0026 dc76 | 0000 4903 | da48 3b73 
  0x000076dc8cf16c6c: 200f 841a | 0000 0048 | 3bde 0f84 | 1100 0000 

  0x000076dc8cf16c7c: ;   {runtime_call slow_subtype_check Runtime1 stub}
  0x000076dc8cf16c7c: 5356 e8fd | c705 075b | 5b85 db0f | 848d 0000 

  0x000076dc8cf16c8c: ;   {metadata(method data for {method} {0x000076dc1c621e08} 'run' '()V' in 'kotlinx/coroutines/DispatchedTask')}
  0x000076dc8cf16c8c: 0048 bb00 | 058d 1ddc | 7600 008b | 7008 49ba | 0000 0026 | dc76 0000 | 4903 f248 | 3bb3 5804 
  0x000076dc8cf16cac: 0000 750d | 4883 8360 | 0400 0001 | e979 0000 | 0048 3bb3 | 6804 0000 | 750d 4883 | 8370 0400 
  0x000076dc8cf16ccc: 0001 e963 | 0000 0048 | 83bb 5804 | 0000 0075 | 1748 89b3 | 5804 0000 | 48c7 8360 | 0400 0001 
  0x000076dc8cf16cec: 0000 00e9 | 4200 0000 | 4883 bb68 | 0400 0000 | 7517 4889 | b368 0400 | 0048 c783 | 7004 0000 
  0x000076dc8cf16d0c: 0100 0000 | e921 0000 | 00e9 1c00 

  0x000076dc8cf16d18: ;   {metadata(method data for {method} {0x000076dc1c621e08} 'run' '()V' in 'kotlinx/coroutines/DispatchedTask')}
  0x000076dc8cf16d18: 0000 48bb | 0005 8d1d | dc76 0000 | 4883 ab48 | 0400 0001 | e97b 1f00 | 00e9 0000 | 0000 488b 
  0x000076dc8cf16d38: ;   {metadata(method data for {method} {0x000076dc1c621e08} 'run' '()V' in 'kotlinx/coroutines/DispatchedTask')}
  0x000076dc8cf16d38: f048 bf00 | 058d 1ddc | 7600 00ff | 8780 0400 | 0048 8bfe 

  0x000076dc8cf16d4c: ;   {metadata(method data for {method} {0x000076dc1c621e08} 'run' '()V' in 'kotlinx/coroutines/DispatchedTask')}
  0x000076dc8cf16d4c: 4885 ff48 | be00 058d | 1ddc 7600 | 0048 c7c3 | 9804 0000 | 7407 48c7 | c3a8 0400 | 0048 8b04 
  0x000076dc8cf16d6c: 1e48 8d40 | 0148 8904 | 1e0f 84e7 | 0000 0048 | 3b07 488b 

  0x000076dc8cf16d80: ;   {metadata(method data for {method} {0x000076dc1c621e08} 'run' '()V' in 'kotlinx/coroutines/DispatchedTask')}
  0x000076dc8cf16d80: f748 bb00 | 058d 1ddc | 7600 008b | 7608 49ba | 0000 0026 | dc76 0000 | 4903 f248 | 3bb3 c804 
  0x000076dc8cf16da0: 0000 750d | 4883 83d0 | 0400 0001 | e960 0000 | 0048 3bb3 | d804 0000 | 750d 4883 | 83e0 0400 
  0x000076dc8cf16dc0: 0001 e94a | 0000 0048 | 83bb c804 | 0000 0075 | 1748 89b3 | c804 0000 | 48c7 83d0 | 0400 0001 
  0x000076dc8cf16de0: 0000 00e9 | 2900 0000 | 4883 bbd8 | 0400 0000 | 7517 4889 | b3d8 0400 | 0048 c783 | e004 0000 
  0x000076dc8cf16e00: 0100 0000 | e908 0000 | 0048 8383 | b804 0000 | 0148 8bf7 | 4889 bc24 | 0801 0000 | 9048 b850 
  0x000076dc8cf16e20: 1d00 30db 

  0x000076dc8cf16e24: ;   {virtual_call}
  0x000076dc8cf16e24: 7600 00e8 

  0x000076dc8cf16e28: ; ImmutableOopMap {[176]=Oop [208]=Oop [216]=Oop [224]=Oop [232]=Oop [248]=Oop [256]=Oop [264]=Oop }
                      ;*invokeinterface isActive {reexecute=0 rethrow=0 return_oop=0}
                      ; - kotlinx.coroutines.DispatchedTask::run@168 (line 92)
  0x000076dc8cf16e28: bc12 3807 

  0x000076dc8cf16e2c: ;   {other}
  0x000076dc8cf16e2c: 0f1f 8400 | 1c13 000a 

  0x000076dc8cf16e34: ;   {metadata(method data for {method} {0x000076dc1c621e08} 'run' '()V' in 'kotlinx/coroutines/DispatchedTask')}
  0x000076dc8cf16e34: 85c0 48ba | 0005 8d1d | dc76 0000 | 48c7 c600 | 0500 0074 | 0748 c7c6 | f004 0000 | 488b 3c32 
  0x000076dc8cf16e54: 488d 7f01 | 4889 3c32 | 0f84 3709 | 0000 488b | 8424 0001 | 0000 4885 

  0x000076dc8cf16e6c: ;   {metadata(method data for {method} {0x000076dc1c621e08} 'run' '()V' in 'kotlinx/coroutines/DispatchedTask')}
  0x000076dc8cf16e6c: c048 ba00 | 058d 1ddc | 7600 0048 | c7c6 8007 | 0000 7407 | 48c7 c690 | 0700 0048 | 8b3c 3248 
  0x000076dc8cf16e8c: 8d7f 0148 | 893c 320f | 8440 0700 

  0x000076dc8cf16e98: ;   {metadata(method data for {method} {0x000076dc1c621e08} 'run' '()V' in 'kotlinx/coroutines/DispatchedTask')}
  0x000076dc8cf16e98: 0048 ba00 | 058d 1ddc | 7600 0048 | 8382 a007 

  0x000076dc8cf16ea8: ;   {metadata(method data for {method} {0x000076dc1c646b28} 'createFailure' '(Ljava/lang/Throwable;)Ljava/lang/Object;' in 'kotlin/ResultKt')}
  0x000076dc8cf16ea8: 0000 0148 | ba80 dd8c | 1ddc 7600 | 008b b2f4 | 0000 0083 | c602 89b2 | f400 0000 | 81e6 feff 
  0x000076dc8cf16ec8: 1f00 85f6 | 0f84 e81d 

  0x000076dc8cf16ed0: ;   {metadata(method data for {method} {0x000076dc1c646b28} 'createFailure' '(Ljava/lang/Throwable;)Ljava/lang/Object;' in 'kotlin/ResultKt')}
  0x000076dc8cf16ed0: 0000 48ba | 80dd 8c1d | dc76 0000 | 4883 8238 | 0100 0001 

  0x000076dc8cf16ee4: ;   {metadata(method data for {method} {0x000076dc1c41bd20} 'checkNotNullParameter' '(Ljava/lang/Object;Ljava/lang/String;)V' in 'kotlin/jvm/internal/Intrinsics')}
  0x000076dc8cf16ee4: 48ba 0080 | 6e1c dc76 | 0000 8bb2 | f400 0000 | 83c6 0289 | b2f4 0000 | 0081 e6fe | ff1f 0085 
  0x000076dc8cf16f04: f60f 84d0 | 1d00 0048 

  0x000076dc8cf16f0c: ;   {metadata(method data for {method} {0x000076dc1c41bd20} 'checkNotNullParameter' '(Ljava/lang/Object;Ljava/lang/String;)V' in 'kotlin/jvm/internal/Intrinsics')}
  0x000076dc8cf16f0c: 85c0 48ba | 0080 6e1c | dc76 0000 | 48c7 c638 | 0100 0075 | 0748 c7c6 | 4801 0000 | 488b 3c32 
  0x000076dc8cf16f2c: 488d 7f01 | 4889 3c32 | 0f85 1a02 

  0x000076dc8cf16f38: ;   {metadata(method data for {method} {0x000076dc1c41bd20} 'checkNotNullParameter' '(Ljava/lang/Object;Ljava/lang/String;)V' in 'kotlin/jvm/internal/Intrinsics')}
  0x000076dc8cf16f38: 0000 48ba | 0080 6e1c | dc76 0000 | 4883 8258 | 0100 0001 

  0x000076dc8cf16f4c: ;   {metadata(method data for {method} {0x000076dc1c41bed0} 'throwParameterIsNullNPE' '(Ljava/lang/String;)V' in 'kotlin/jvm/internal/Intrinsics')}
  0x000076dc8cf16f4c: 48ba b081 | 6e1c dc76 | 0000 8bb2 | f400 0000 | 83c6 0289 | b2f4 0000 | 0081 e6fe | ff1f 0085 
  0x000076dc8cf16f6c: f60f 8489 | 1d00 000f | 1f44 0000 

  0x000076dc8cf16f78: ;   {no_reloc}
  0x000076dc8cf16f78: e9af 1d00 | 0000 0000 | 0000 498b | 87b8 0100 | 0048 8d78 | 3049 3bbf | c801 0000 | 0f87 9c1d 
  0x000076dc8cf16f98: 0000 4989 | bfb8 0100 | 0048 c700 | 0100 0000 | 488b ca49 | ba00 0000 | 26dc 7600 | 0049 2bca 
  0x000076dc8cf16fb8: 8948 0848 | 33c9 8948 | 0c48 33c9 | 4889 4810 | 4889 4818 | 4889 4820 | 4889 4828 

  0x000076dc8cf16fd4: ;   {metadata(method data for {method} {0x000076dc1c41bed0} 'throwParameterIsNullNPE' '(Ljava/lang/String;)V' in 'kotlin/jvm/internal/Intrinsics')}
  0x000076dc8cf16fd4: 48be b081 | 6e1c dc76 | 0000 4883 | 8638 0100 

  0x000076dc8cf16fe4: ;   {oop("exception"{0x00000007ff89d6c0})}
  0x000076dc8cf16fe4: 0001 48be | c0d6 89ff | 0700 0000 | 4889 8424 | 1001 0000 | 0f1f 8000 

  0x000076dc8cf16ffc: ;   {static_call}
  0x000076dc8cf16ffc: 0000 00e8 

  0x000076dc8cf17000: ; ImmutableOopMap {[176]=Oop [208]=Oop [216]=Oop [224]=Oop [232]=Oop [256]=Oop [272]=Oop }
                      ;*invokestatic createParameterIsNullExceptionMessage {reexecute=0 rethrow=0 return_oop=0}
                      ; - kotlin.jvm.internal.Intrinsics::throwParameterIsNullNPE@5 (line 140)
                      ; - kotlin.jvm.internal.Intrinsics::checkNotNullParameter@5 (line 131)
                      ; - kotlin.ResultKt::createFailure@3
                      ; - kotlinx.coroutines.DispatchedTask::run@273 (line 98)
  0x000076dc8cf17000: 7c69 f906 

  0x000076dc8cf17004: ;   {other}
  0x000076dc8cf17004: 0f1f 8400 | f414 000b | 488b 9424 | 1001 0000 

  0x000076dc8cf17014: ;   {metadata(method data for {method} {0x000076dc1c41bed0} 'throwParameterIsNullNPE' '(Ljava/lang/String;)V' in 'kotlin/jvm/internal/Intrinsics')}
  0x000076dc8cf17014: 48be b081 | 6e1c dc76 | 0000 4883 | 8648 0100 | 0001 488b | d048 8bb4 | 2410 0100 | 0066 0f1f 
  0x000076dc8cf17034: ;   {optimized virtual_call}
  0x000076dc8cf17034: 4400 00e8 

  0x000076dc8cf17038: ; ImmutableOopMap {[176]=Oop [208]=Oop [216]=Oop [224]=Oop [232]=Oop [256]=Oop [272]=Oop }
                      ;*invokespecial <init> {reexecute=0 rethrow=0 return_oop=0}
                      ; - kotlin.jvm.internal.Intrinsics::throwParameterIsNullNPE@8 (line 140)
                      ; - kotlin.jvm.internal.Intrinsics::checkNotNullParameter@5 (line 131)
                      ; - kotlin.ResultKt::createFailure@3
                      ; - kotlinx.coroutines.DispatchedTask::run@273 (line 98)
  0x000076dc8cf17038: 4463 f906 

  0x000076dc8cf1703c: ;   {other}
  0x000076dc8cf1703c: 0f1f 8400 | 2c15 000c 

  0x000076dc8cf17044: ;   {metadata(method data for {method} {0x000076dc1c41bed0} 'throwParameterIsNullNPE' '(Ljava/lang/String;)V' in 'kotlin/jvm/internal/Intrinsics')}
  0x000076dc8cf17044: 48be b081 | 6e1c dc76 | 0000 4883 | 8658 0100 

  0x000076dc8cf17054: ;   {metadata(method data for {method} {0x000076dc1c41d110} 'sanitizeStackTrace' '(Ljava/lang/Throwable;)Ljava/lang/Throwable;' in 'kotlin/jvm/internal/Intrinsics')}
  0x000076dc8cf17054: 0001 48be | e088 6e1c | dc76 0000 | 8bbe f400 | 0000 83c7 | 0289 bef4 | 0000 0081 | e7fe ff1f 
  0x000076dc8cf17074: 0085 ff0f | 84c6 1c00 

  0x000076dc8cf1707c: ;   {oop(a 'java/lang/Class'{0x00000005278031f8} = 'kotlin/jvm/internal/Intrinsics')}
  0x000076dc8cf1707c: 0048 bef8 | 3180 2705 | 0000 0048 

  0x000076dc8cf17088: ;   {metadata(method data for {method} {0x000076dc1c41d110} 'sanitizeStackTrace' '(Ljava/lang/Throwable;)Ljava/lang/Throwable;' in 'kotlin/jvm/internal/Intrinsics')}
  0x000076dc8cf17088: 8bfe 48bb | e088 6e1c | dc76 0000 | 4883 8338 | 0100 0001 

  0x000076dc8cf1709c: ;   {metadata(method data for {method} {0x000076dc26b49be0} 'getName' '()Ljava/lang/String;' in 'java/lang/Class')}
  0x000076dc8cf1709c: 48bf 0816 | 041c dc76 | 0000 8b9f | f400 0000 | 83c3 0289 | 9ff4 0000 | 0081 e3fe | ff1f 0085 
  0x000076dc8cf170bc: db0f 84a1 | 1c00 008b | 762c 48c1 | e603 4885 

  0x000076dc8cf170cc: ;   {metadata(method data for {method} {0x000076dc26b49be0} 'getName' '()Ljava/lang/String;' in 'java/lang/Class')}
  0x000076dc8cf170cc: f648 bf08 | 1604 1cdc | 7600 0048 | c7c3 3801 | 0000 7407 | 48c7 c348 | 0100 0048 | 8b04 1f48 
  0x000076dc8cf170ec: 8d40 0148 | 8904 1f0f | 8418 0000 

  0x000076dc8cf170f8: ;   {metadata(method data for {method} {0x000076dc26b49be0} 'getName' '()Ljava/lang/String;' in 'java/lang/Class')}
  0x000076dc8cf170f8: 0048 bf08 | 1604 1cdc | 7600 00ff | 8758 0100 | 0048 8bfe | e936 0000 

  0x000076dc8cf17110: ;   {oop(a 'java/lang/Class'{0x00000005278031f8} = 'kotlin/jvm/internal/Intrinsics')}
  0x000076dc8cf17110: 0048 bef8 | 3180 2705 | 0000 0048 

  0x000076dc8cf1711c: ;   {metadata(method data for {method} {0x000076dc26b49be0} 'getName' '()Ljava/lang/String;' in 'java/lang/Class')}
  0x000076dc8cf1711c: 8bfe 48bb | 0816 041c | dc76 0000 | 4883 8370 | 0100 0001 | 0f1f 8000 

  0x000076dc8cf17134: ;   {optimized virtual_call}
  0x000076dc8cf17134: 0000 00e8 

  0x000076dc8cf17138: ; ImmutableOopMap {[176]=Oop [208]=Oop [216]=Oop [224]=Oop [232]=Oop [256]=Oop [272]=Oop }
                      ;*invokevirtual initClassName {reexecute=0 rethrow=0 return_oop=0}
                      ; - java.lang.Class::getName@14 (line 948)
                      ; - kotlin.jvm.internal.Intrinsics::sanitizeStackTrace@3 (line 253)
                      ; - kotlin.jvm.internal.Intrinsics::throwParameterIsNullNPE@11 (line 140)
                      ; - kotlin.jvm.internal.Intrinsics::checkNotNullParameter@5 (line 131)
                      ; - kotlin.ResultKt::createFailure@3
                      ; - kotlinx.coroutines.DispatchedTask::run@273 (line 98)
  0x000076dc8cf17138: 4462 f906 

  0x000076dc8cf1713c: ;   {other}
  0x000076dc8cf1713c: 0f1f 8400 | 2c16 000d | 488b f848 | 8b84 2410 | 0100 00e9 | f313 0000 

  0x000076dc8cf17154: ;   {metadata('kotlin/Result$Failure')}
  0x000076dc8cf17154: 48ba 68d8 | 0828 dc76 | 0000 488b | d849 8b87 | b801 0000 | 488d 7810 | 493b bfc8 | 0100 000f 
  0x000076dc8cf17174: 8711 1c00 | 0049 89bf | b801 0000 | 48c7 0001 | 0000 0048 | 8bca 49ba | 0000 0026 | dc76 0000 
  0x000076dc8cf17194: 492b ca89 | 4808 4833 | c989 480c | 4833 c948 | 8984 2420 | 0100 0048 

  0x000076dc8cf171ac: ;   {metadata(method data for {method} {0x000076dc1c646b28} 'createFailure' '(Ljava/lang/Throwable;)Ljava/lang/Object;' in 'kotlin/ResultKt')}
  0x000076dc8cf171ac: 8bd0 48be | 80dd 8c1d | dc76 0000 | 4883 8648 | 0100 0001 

  0x000076dc8cf171c0: ;   {metadata(method data for {method} {0x000076dc1c62b958} '<init>' '(Ljava/lang/Throwable;)V' in 'kotlin/Result$Failure')}
  0x000076dc8cf171c0: 48ba 18df | 8c1d dc76 | 0000 8bb2 | f400 0000 | 83c6 0289 | b2f4 0000 | 0081 e6fe | ff1f 0085 
  0x000076dc8cf171e0: f60f 84b0 

  0x000076dc8cf171e4: ;   {metadata(method data for {method} {0x000076dc1c62b958} '<init>' '(Ljava/lang/Throwable;)V' in 'kotlin/Result$Failure')}
  0x000076dc8cf171e4: 1b00 0048 | ba18 df8c | 1ddc 7600 | 0048 8382 | 3801 0000 

  0x000076dc8cf171f8: ;   {metadata(method data for {method} {0x000076dc1c41bd20} 'checkNotNullParameter' '(Ljava/lang/Object;Ljava/lang/String;)V' in 'kotlin/jvm/internal/Intrinsics')}
  0x000076dc8cf171f8: 0148 ba00 | 806e 1cdc | 7600 008b | b2f4 0000 | 0083 c602 | 89b2 f400 | 0000 81e6 | feff 1f00 
  0x000076dc8cf17218: 85f6 0f84 | 981b 0000 

  0x000076dc8cf17220: ;   {metadata(method data for {method} {0x000076dc1c41bd20} 'checkNotNullParameter' '(Ljava/lang/Object;Ljava/lang/String;)V' in 'kotlin/jvm/internal/Intrinsics')}
  0x000076dc8cf17220: 4885 db48 | ba00 806e | 1cdc 7600 | 0048 c7c6 | 3801 0000 | 7507 48c7 | c648 0100 | 0048 8b3c 
  0x000076dc8cf17240: 3248 8d7f | 0148 893c | 320f 8515 

  0x000076dc8cf1724c: ;   {metadata(method data for {method} {0x000076dc1c41bd20} 'checkNotNullParameter' '(Ljava/lang/Object;Ljava/lang/String;)V' in 'kotlin/jvm/internal/Intrinsics')}
  0x000076dc8cf1724c: 0200 0048 | ba00 806e | 1cdc 7600 | 0048 8382 | 5801 0000 

  0x000076dc8cf17260: ;   {metadata(method data for {method} {0x000076dc1c41bed0} 'throwParameterIsNullNPE' '(Ljava/lang/String;)V' in 'kotlin/jvm/internal/Intrinsics')}
  0x000076dc8cf17260: 0148 bab0 | 816e 1cdc | 7600 008b | b2f4 0000 | 0083 c602 | 89b2 f400 | 0000 81e6 | feff 1f00 
  0x000076dc8cf17280: 85f6 0f84 | 511b 0000 

  0x000076dc8cf17288: ;   {no_reloc}
  0x000076dc8cf17288: e97c 1b00 | 0000 0000 | 0000 498b | 87b8 0100 | 0048 8d78 | 3049 3bbf | c801 0000 | 0f87 691b 
  0x000076dc8cf172a8: 0000 4989 | bfb8 0100 | 0048 c700 | 0100 0000 | 488b ca49 | ba00 0000 | 26dc 7600 | 0049 2bca 
  0x000076dc8cf172c8: 8948 0848 | 33c9 8948 | 0c48 33c9 | 4889 4810 | 4889 4818 | 4889 4820 | 4889 4828 

  0x000076dc8cf172e4: ;   {metadata(method data for {method} {0x000076dc1c41bed0} 'throwParameterIsNullNPE' '(Ljava/lang/String;)V' in 'kotlin/jvm/internal/Intrinsics')}
  0x000076dc8cf172e4: 48be b081 | 6e1c dc76 | 0000 4883 | 8638 0100 

  0x000076dc8cf172f4: ;   {oop("exception"{0x00000007ff89d6c0})}
  0x000076dc8cf172f4: 0001 48be | c0d6 89ff | 0700 0000 | 4889 8424 | 1801 0000 | 0f1f 8000 

  0x000076dc8cf1730c: ;   {static_call}
  0x000076dc8cf1730c: 0000 00e8 

  0x000076dc8cf17310: ; ImmutableOopMap {[176]=Oop [208]=Oop [216]=Oop [224]=Oop [232]=Oop [256]=Oop [280]=Oop [288]=Oop }
                      ;*invokestatic createParameterIsNullExceptionMessage {reexecute=0 rethrow=0 return_oop=0}
                      ; - kotlin.jvm.internal.Intrinsics::throwParameterIsNullNPE@5 (line 140)
                      ; - kotlin.jvm.internal.Intrinsics::checkNotNullParameter@5 (line 131)
                      ; - kotlin.Result$Failure::<init>@3
                      ; - kotlin.ResultKt::createFailure@11 (line 122)
                      ; - kotlinx.coroutines.DispatchedTask::run@273 (line 98)
  0x000076dc8cf17310: 6c66 f906 

  0x000076dc8cf17314: ;   {other}
  0x000076dc8cf17314: 0f1f 8400 | 0418 000e | 488b 9424 | 1801 0000 

  0x000076dc8cf17324: ;   {metadata(method data for {method} {0x000076dc1c41bed0} 'throwParameterIsNullNPE' '(Ljava/lang/String;)V' in 'kotlin/jvm/internal/Intrinsics')}
  0x000076dc8cf17324: 48be b081 | 6e1c dc76 | 0000 4883 | 8648 0100 | 0001 488b | d048 8bb4 | 2418 0100 | 0066 0f1f 
  0x000076dc8cf17344: ;   {optimized virtual_call}
  0x000076dc8cf17344: 4400 00e8 

  0x000076dc8cf17348: ; ImmutableOopMap {[176]=Oop [208]=Oop [216]=Oop [224]=Oop [232]=Oop [256]=Oop [280]=Oop [288]=Oop }
                      ;*invokespecial <init> {reexecute=0 rethrow=0 return_oop=0}
                      ; - kotlin.jvm.internal.Intrinsics::throwParameterIsNullNPE@8 (line 140)
                      ; - kotlin.jvm.internal.Intrinsics::checkNotNullParameter@5 (line 131)
                      ; - kotlin.Result$Failure::<init>@3
                      ; - kotlin.ResultKt::createFailure@11 (line 122)
                      ; - kotlinx.coroutines.DispatchedTask::run@273 (line 98)
  0x000076dc8cf17348: 3460 f906 

  0x000076dc8cf1734c: ;   {other}
  0x000076dc8cf1734c: 0f1f 8400 | 3c18 000f 

  0x000076dc8cf17354: ;   {metadata(method data for {method} {0x000076dc1c41bed0} 'throwParameterIsNullNPE' '(Ljava/lang/String;)V' in 'kotlin/jvm/internal/Intrinsics')}
  0x000076dc8cf17354: 48be b081 | 6e1c dc76 | 0000 4883 | 8658 0100 

  0x000076dc8cf17364: ;   {metadata(method data for {method} {0x000076dc1c41d110} 'sanitizeStackTrace' '(Ljava/lang/Throwable;)Ljava/lang/Throwable;' in 'kotlin/jvm/internal/Intrinsics')}
  0x000076dc8cf17364: 0001 48be | e088 6e1c | dc76 0000 | 8bbe f400 | 0000 83c7 | 0289 bef4 | 0000 0081 | e7fe ff1f 
  0x000076dc8cf17384: 0085 ff0f | 8493 1a00 

  0x000076dc8cf1738c: ;   {oop(a 'java/lang/Class'{0x00000005278031f8} = 'kotlin/jvm/internal/Intrinsics')}
  0x000076dc8cf1738c: 0048 bef8 | 3180 2705 | 0000 0048 

  0x000076dc8cf17398: ;   {metadata(method data for {method} {0x000076dc1c41d110} 'sanitizeStackTrace' '(Ljava/lang/Throwable;)Ljava/lang/Throwable;' in 'kotlin/jvm/internal/Intrinsics')}
  0x000076dc8cf17398: 8bfe 48bb | e088 6e1c | dc76 0000 | 4883 8338 | 0100 0001 

  0x000076dc8cf173ac: ;   {metadata(method data for {method} {0x000076dc26b49be0} 'getName' '()Ljava/lang/String;' in 'java/lang/Class')}
  0x000076dc8cf173ac: 48bf 0816 | 041c dc76 | 0000 8b9f | f400 0000 | 83c3 0289 | 9ff4 0000 | 0081 e3fe | ff1f 0085 
  0x000076dc8cf173cc: db0f 846e | 1a00 008b | 762c 48c1 | e603 4885 

  0x000076dc8cf173dc: ;   {metadata(method data for {method} {0x000076dc26b49be0} 'getName' '()Ljava/lang/String;' in 'java/lang/Class')}
  0x000076dc8cf173dc: f648 bf08 | 1604 1cdc | 7600 0048 | c7c3 3801 | 0000 7407 | 48c7 c348 | 0100 0048 | 8b04 1f48 
  0x000076dc8cf173fc: 8d40 0148 | 8904 1f0f | 8418 0000 

  0x000076dc8cf17408: ;   {metadata(method data for {method} {0x000076dc26b49be0} 'getName' '()Ljava/lang/String;' in 'java/lang/Class')}
  0x000076dc8cf17408: 0048 bf08 | 1604 1cdc | 7600 00ff | 8758 0100 | 0048 8bfe | e936 0000 

  0x000076dc8cf17420: ;   {oop(a 'java/lang/Class'{0x00000005278031f8} = 'kotlin/jvm/internal/Intrinsics')}
  0x000076dc8cf17420: 0048 bef8 | 3180 2705 | 0000 0048 

  0x000076dc8cf1742c: ;   {metadata(method data for {method} {0x000076dc26b49be0} 'getName' '()Ljava/lang/String;' in 'java/lang/Class')}
  0x000076dc8cf1742c: 8bfe 48bb | 0816 041c | dc76 0000 | 4883 8370 | 0100 0001 | 0f1f 8000 

  0x000076dc8cf17444: ;   {optimized virtual_call}
  0x000076dc8cf17444: 0000 00e8 

  0x000076dc8cf17448: ; ImmutableOopMap {[176]=Oop [208]=Oop [216]=Oop [224]=Oop [232]=Oop [256]=Oop [280]=Oop [288]=Oop }
                      ;*invokevirtual initClassName {reexecute=0 rethrow=0 return_oop=0}
                      ; - java.lang.Class::getName@14 (line 948)
                      ; - kotlin.jvm.internal.Intrinsics::sanitizeStackTrace@3 (line 253)
                      ; - kotlin.jvm.internal.Intrinsics::throwParameterIsNullNPE@11 (line 140)
                      ; - kotlin.jvm.internal.Intrinsics::checkNotNullParameter@5 (line 131)
                      ; - kotlin.Result$Failure::<init>@3
                      ; - kotlin.ResultKt::createFailure@11 (line 122)
                      ; - kotlinx.coroutines.DispatchedTask::run@273 (line 98)
  0x000076dc8cf17448: 345f f906 

  0x000076dc8cf1744c: ;   {other}
  0x000076dc8cf1744c: 0f1f 8400 | 3c19 0010 | 488b f848 | 8b84 2418 | 0100 00e9 | bb0f 0000 

  0x000076dc8cf17464: ;   {metadata(method data for {method} {0x000076dc1c62b958} '<init>' '(Ljava/lang/Throwable;)V' in 'kotlin/Result$Failure')}
  0x000076dc8cf17464: 488b d048 | be18 df8c | 1ddc 7600 | 0048 8386 | 4801 0000 

  0x000076dc8cf17478: ;   {metadata(method data for {method} {0x000076dc26b55e08} '<init>' '()V' in 'java/lang/Object')}
  0x000076dc8cf17478: 0148 bae0 | 8900 1cdc | 7600 008b | b2f4 0000 | 0083 c602 | 89b2 f400 | 0000 81e6 | feff 1f00 
  0x000076dc8cf17498: 85f6 0f84 | c719 0000 | 410f be57 | 4085 d20f | 85db 1900 | 004c 8bd3 | 49c1 ea03 | 4489 500c 
  0x000076dc8cf174b8: 488b d048 | 33d3 48c1 | ea17 4883 | fa00 0f85 | db19 0000 

  0x000076dc8cf174cc: ;   {metadata(method data for {method} {0x000076dc1c621e08} 'run' '()V' in 'kotlinx/coroutines/DispatchedTask')}
  0x000076dc8cf174cc: 48ba 0005 | 8d1d dc76 | 0000 4883 | 82b0 0700 

  0x000076dc8cf174dc: ;   {metadata(method data for {method} {0x000076dc1c6298a8} 'constructor-impl' '(Ljava/lang/Object;)Ljava/lang/Object;' in 'kotlin/Result')}
  0x000076dc8cf174dc: 0001 48ba | d00c 871d | dc76 0000 | 8bb2 f400 | 0000 83c6 | 0289 b2f4 | 0000 0081 | e6fe ff1f 
  0x000076dc8cf174fc: 0085 f60f | 84ba 1900 | 0048 8bbc | 24d0 0000 

  0x000076dc8cf1750c: ;   {metadata(method data for {method} {0x000076dc1c621e08} 'run' '()V' in 'kotlinx/coroutines/DispatchedTask')}
  0x000076dc8cf1750c: 0048 ba00 | 058d 1ddc | 7600 008b | 7f08 49ba | 0000 0026 | dc76 0000 | 4903 fa48 | 3bba d007 
  0x000076dc8cf1752c: 0000 750d | 4883 82d8 | 0700 0001 | e960 0000 | 0048 3bba | e007 0000 | 750d 4883 | 82e8 0700 
  0x000076dc8cf1754c: 0001 e94a | 0000 0048 | 83ba d007 | 0000 0075 | 1748 89ba | d007 0000 | 48c7 82d8 | 0700 0001 
  0x000076dc8cf1756c: 0000 00e9 | 2900 0000 | 4883 bae0 | 0700 0000 | 7517 4889 | bae0 0700 | 0048 c782 | e807 0000 
  0x000076dc8cf1758c: 0100 0000 | e908 0000 | 0048 8382 | c007 0000 | 0148 8bd0 | 488b b424 | d000 0000 | 0f1f 4400 
  0x000076dc8cf175ac: 0048 b898 | 0829 28dc 

  0x000076dc8cf175b4: ;   {virtual_call}
  0x000076dc8cf175b4: 7600 00e8 

  0x000076dc8cf175b8: ; ImmutableOopMap {[176]=Oop [216]=Oop [224]=Oop [232]=Oop }
                      ;*invokeinterface resumeWith {reexecute=0 rethrow=0 return_oop=0}
                      ; - kotlinx.coroutines.DispatchedTask::run@279 (line 98)
  0x000076dc8cf175b8: e41d ffff 

  0x000076dc8cf175bc: ;   {other}
  0x000076dc8cf175bc: 0f1f 8400 | ac1a 0011 

  0x000076dc8cf175c4: ;   {metadata(method data for {method} {0x000076dc1c621e08} 'run' '()V' in 'kotlinx/coroutines/DispatchedTask')}
  0x000076dc8cf175c4: 48ba 0005 | 8d1d dc76 | 0000 ff82 | f807 0000 | e90b 0b00 | 0048 8bb4 | 24b0 0000 

  0x000076dc8cf175e0: ;   {metadata(method data for {method} {0x000076dc1c621e08} 'run' '()V' in 'kotlinx/coroutines/DispatchedTask')}
  0x000076dc8cf175e0: 0048 ba00 | 058d 1ddc | 7600 008b | 7608 49ba | 0000 0026 | dc76 0000 | 4903 f248 | 3bb2 2008 
  0x000076dc8cf17600: 0000 750d | 4883 8228 | 0800 0001 | e960 0000 | 0048 3bb2 | 3008 0000 | 750d 4883 | 8238 0800 
  0x000076dc8cf17620: 0001 e94a | 0000 0048 | 83ba 2008 | 0000 0075 | 1748 89b2 | 2008 0000 | 48c7 8228 | 0800 0001 
  0x000076dc8cf17640: 0000 00e9 | 2900 0000 | 4883 ba30 | 0800 0000 | 7517 4889 | b230 0800 | 0048 c782 | 3808 0000 
  0x000076dc8cf17660: 0100 0000 | e908 0000 | 0048 8382 | 1008 0000 | 0148 8b94 | 24f8 0000 | 0048 8bb4 | 24b0 0000 
  0x000076dc8cf17680: 000f 1f40 | 0048 b8ff | ffff ffff 

  0x000076dc8cf1768c: ;   {virtual_call}
  0x000076dc8cf1768c: ffff ffe8 

  0x000076dc8cf17690: ; ImmutableOopMap {[176]=Oop [208]=Oop [216]=Oop [224]=Oop [232]=Oop }
                      ;*invokevirtual getSuccessfulResult$kotlinx_coroutines_core {reexecute=0 rethrow=0 return_oop=0}
                      ; - kotlinx.coroutines.DispatchedTask::run@295 (line 100)
  0x000076dc8cf17690: ac5c 1907 

  0x000076dc8cf17694: ;   {other}
  0x000076dc8cf17694: 0f1f 8400 | 841b 0012 

  0x000076dc8cf1769c: ;   {metadata(method data for {method} {0x000076dc1c621e08} 'run' '()V' in 'kotlinx/coroutines/DispatchedTask')}
  0x000076dc8cf1769c: 48ba 0005 | 8d1d dc76 | 0000 4883 | 8248 0800 

  0x000076dc8cf176ac: ;   {metadata(method data for {method} {0x000076dc1c6298a8} 'constructor-impl' '(Ljava/lang/Object;)Ljava/lang/Object;' in 'kotlin/Result')}
  0x000076dc8cf176ac: 0001 48ba | d00c 871d | dc76 0000 | 8bb2 f400 | 0000 83c6 | 0289 b2f4 | 0000 0081 | e6fe ff1f 
  0x000076dc8cf176cc: 0085 f60f | 840b 1800 | 0048 8bbc | 24d0 0000 

  0x000076dc8cf176dc: ;   {metadata(method data for {method} {0x000076dc1c621e08} 'run' '()V' in 'kotlinx/coroutines/DispatchedTask')}
  0x000076dc8cf176dc: 0048 ba00 | 058d 1ddc | 7600 008b | 7f08 49ba | 0000 0026 | dc76 0000 | 4903 fa48 | 3bba 6808 
  0x000076dc8cf176fc: 0000 750d | 4883 8270 | 0800 0001 | e960 0000 | 0048 3bba | 7808 0000 | 750d 4883 | 8280 0800 
  0x000076dc8cf1771c: 0001 e94a | 0000 0048 | 83ba 6808 | 0000 0075 | 1748 89ba | 6808 0000 | 48c7 8270 | 0800 0001 
  0x000076dc8cf1773c: 0000 00e9 | 2900 0000 | 4883 ba78 | 0800 0000 | 7517 4889 | ba78 0800 | 0048 c782 | 8008 0000 
  0x000076dc8cf1775c: 0100 0000 | e908 0000 | 0048 8382 | 5808 0000 | 0148 8bd0 | 488b b424 | d000 0000 | 0f1f 4400 
  0x000076dc8cf1777c: 0048 b880 | 1d00 30db 

  0x000076dc8cf17784: ;   {virtual_call}
  0x000076dc8cf17784: 7600 00e8 

  0x000076dc8cf17788: ; ImmutableOopMap {[176]=Oop [216]=Oop [224]=Oop [232]=Oop }
                      ;*invokeinterface resumeWith {reexecute=0 rethrow=0 return_oop=0}
                      ; - kotlinx.coroutines.DispatchedTask::run@301 (line 100)
  0x000076dc8cf17788: fc5c 1907 

  0x000076dc8cf1778c: ;   {other}
  0x000076dc8cf1778c: 0f1f 8400 | 7c1c 0013 | e94b 0900 | 0048 8bbc | 2408 0100 | 0048 85ff | 0f84 2900 

  0x000076dc8cf177a8: ;   {metadata('kotlinx/coroutines/JobSupport')}
  0x000076dc8cf177a8: 0000 48b9 | 9086 0828 | dc76 0000 | 8b57 0849 | ba00 0000 | 26dc 7600 | 0049 03d2 | 483b 4a38 
  0x000076dc8cf177c8: 0f85 3317 | 0000 e900 | 0000 0048 | 8bf7 488b 

  0x000076dc8cf177d8: ;   {metadata(method data for {method} {0x000076dc1c621e08} 'run' '()V' in 'kotlinx/coroutines/DispatchedTask')}
  0x000076dc8cf177d8: f748 bb00 | 058d 1ddc | 7600 008b | 7608 49ba | 0000 0026 | dc76 0000 | 4903 f248 | 3bb3 2005 
  0x000076dc8cf177f8: 0000 750d | 4883 8328 | 0500 0001 | e960 0000 | 0048 3bb3 | 3005 0000 | 750d 4883 | 8338 0500 
  0x000076dc8cf17818: 0001 e94a | 0000 0048 | 83bb 2005 | 0000 0075 | 1748 89b3 | 2005 0000 | 48c7 8328 | 0500 0001 
  0x000076dc8cf17838: 0000 00e9 | 2900 0000 | 4883 bb30 | 0500 0000 | 7517 4889 | b330 0500 | 0048 c783 | 3805 0000 
  0x000076dc8cf17858: 0100 0000 | e908 0000 | 0048 8383 | 1005 0000 | 0148 8bf7 

  0x000076dc8cf1786c: ;   {optimized virtual_call}
  0x000076dc8cf1786c: 6666 90e8 

  0x000076dc8cf17870: ; ImmutableOopMap {[176]=Oop [208]=Oop [216]=Oop [224]=Oop [232]=Oop [248]=Oop }
                      ;*invokeinterface getCancellationException {reexecute=0 rethrow=0 return_oop=0}
                      ; - kotlinx.coroutines.DispatchedTask::run@178 (line 93)
  0x000076dc8cf17870: 411a 0000 

  0x000076dc8cf17874: ;   {other}
  0x000076dc8cf17874: 0f1f 8400 | 641d 0014 | 4889 8424 | 2801 0000 | 488b b424 | b000 0000 

  0x000076dc8cf1788c: ;   {metadata(method data for {method} {0x000076dc1c621e08} 'run' '()V' in 'kotlinx/coroutines/DispatchedTask')}
  0x000076dc8cf1788c: 48ba 0005 | 8d1d dc76 | 0000 8b76 | 0849 ba00 | 0000 26dc | 7600 0049 | 03f2 483b | b290 0500 
  0x000076dc8cf178ac: 0075 0d48 | 8382 9805 | 0000 01e9 | 6000 0000 | 483b b2a0 | 0500 0075 | 0d48 8382 | a805 0000 
  0x000076dc8cf178cc: 01e9 4a00 | 0000 4883 | ba90 0500 | 0000 7517 | 4889 b290 | 0500 0048 | c782 9805 | 0000 0100 
  0x000076dc8cf178ec: 0000 e929 | 0000 0048 | 83ba a005 | 0000 0075 | 1748 89b2 | a005 0000 | 48c7 82a8 | 0500 0001 
  0x000076dc8cf1790c: 0000 00e9 | 0800 0000 | 4883 8280 | 0500 0001 | 488b 9424 | f800 0000 | 488b c848 | 8bb4 24b0 
  0x000076dc8cf1792c: 0000 0066 | 0f1f 4400 | 0048 b800 | 1c69 59db 

  0x000076dc8cf1793c: ;   {virtual_call}
  0x000076dc8cf1793c: 7600 00e8 

  0x000076dc8cf17940: ; ImmutableOopMap {[176]=Oop [208]=Oop [216]=Oop [224]=Oop [232]=Oop [296]=Oop }
                      ;*invokevirtual cancelCompletedResult$kotlinx_coroutines_core {reexecute=0 rethrow=0 return_oop=0}
                      ; - kotlinx.coroutines.DispatchedTask::run@193 (line 94)
  0x000076dc8cf17940: f51c f906 

  0x000076dc8cf17944: ;   {other}
  0x000076dc8cf17944: 0f1f 8400 | 341e 0015 

  0x000076dc8cf1794c: ;   {metadata(method data for {method} {0x000076dc1c621e08} 'run' '()V' in 'kotlinx/coroutines/DispatchedTask')}
  0x000076dc8cf1794c: 48ba 0005 | 8d1d dc76 | 0000 4883 | 82b8 0500 

  0x000076dc8cf1795c: ;   {metadata(method data for {method} {0x000076dc1c4ff580} 'getRECOVER_STACK_TRACES' '()Z' in 'kotlinx/coroutines/DebugKt')}
  0x000076dc8cf1795c: 0001 48ba | 381d 8d1d | dc76 0000 | 8bb2 f400 | 0000 83c6 | 0289 b2f4 | 0000 0081 | e6fe ff1f 
  0x000076dc8cf1797c: 0085 f60f | 8481 1500 

  0x000076dc8cf17984: ;   {metadata(method data for {method} {0x000076dc1c621e08} 'run' '()V' in 'kotlinx/coroutines/DispatchedTask')}
  0x000076dc8cf17984: 0048 ba00 | 058d 1ddc | 7600 00ff | 82c8 0500 

  0x000076dc8cf17994: ;   {metadata(method data for {method} {0x000076dc1c621e08} 'run' '()V' in 'kotlinx/coroutines/DispatchedTask')}
  0x000076dc8cf17994: 0048 ba00 | 058d 1ddc | 7600 00ff | 8278 0600 | 0048 8b84 | 2428 0100 

  0x000076dc8cf179ac: ;   {metadata(method data for {method} {0x000076dc1c621e08} 'run' '()V' in 'kotlinx/coroutines/DispatchedTask')}
  0x000076dc8cf179ac: 0048 ba00 | 058d 1ddc | 7600 0048 | 8382 1007 

  0x000076dc8cf179bc: ;   {metadata(method data for {method} {0x000076dc1c646b28} 'createFailure' '(Ljava/lang/Throwable;)Ljava/lang/Object;' in 'kotlin/ResultKt')}
  0x000076dc8cf179bc: 0000 0148 | ba80 dd8c | 1ddc 7600 | 008b b2f4 | 0000 0083 | c602 89b2 | f400 0000 | 81e6 feff 
  0x000076dc8cf179dc: 1f00 85f6 | 0f84 4115 

  0x000076dc8cf179e4: ;   {metadata(method data for {method} {0x000076dc1c646b28} 'createFailure' '(Ljava/lang/Throwable;)Ljava/lang/Object;' in 'kotlin/ResultKt')}
  0x000076dc8cf179e4: 0000 48ba | 80dd 8c1d | dc76 0000 | 4883 8238 | 0100 0001 

  0x000076dc8cf179f8: ;   {metadata(method data for {method} {0x000076dc1c41bd20} 'checkNotNullParameter' '(Ljava/lang/Object;Ljava/lang/String;)V' in 'kotlin/jvm/internal/Intrinsics')}
  0x000076dc8cf179f8: 48ba 0080 | 6e1c dc76 | 0000 8bb2 | f400 0000 | 83c6 0289 | b2f4 0000 | 0081 e6fe | ff1f 0085 
  0x000076dc8cf17a18: f60f 8429 | 1500 0048 

  0x000076dc8cf17a20: ;   {metadata(method data for {method} {0x000076dc1c41bd20} 'checkNotNullParameter' '(Ljava/lang/Object;Ljava/lang/String;)V' in 'kotlin/jvm/internal/Intrinsics')}
  0x000076dc8cf17a20: 85c0 48ba | 0080 6e1c | dc76 0000 | 48c7 c638 | 0100 0075 | 0748 c7c6 | 4801 0000 | 488b 3c32 
  0x000076dc8cf17a40: 488d 7f01 | 4889 3c32 | 0f85 1602 

  0x000076dc8cf17a4c: ;   {metadata(method data for {method} {0x000076dc1c41bd20} 'checkNotNullParameter' '(Ljava/lang/Object;Ljava/lang/String;)V' in 'kotlin/jvm/internal/Intrinsics')}
  0x000076dc8cf17a4c: 0000 48ba | 0080 6e1c | dc76 0000 | 4883 8258 | 0100 0001 

  0x000076dc8cf17a60: ;   {metadata(method data for {method} {0x000076dc1c41bed0} 'throwParameterIsNullNPE' '(Ljava/lang/String;)V' in 'kotlin/jvm/internal/Intrinsics')}
  0x000076dc8cf17a60: 48ba b081 | 6e1c dc76 | 0000 8bb2 | f400 0000 | 83c6 0289 | b2f4 0000 | 0081 e6fe | ff1f 0085 
  0x000076dc8cf17a80: f60f 84e2 | 1400 0090 

  0x000076dc8cf17a88: ;   {no_reloc}
  0x000076dc8cf17a88: e90c 1500 | 0000 0000 | 0000 498b | 87b8 0100 | 0048 8d78 | 3049 3bbf | c801 0000 | 0f87 f914 
  0x000076dc8cf17aa8: 0000 4989 | bfb8 0100 | 0048 c700 | 0100 0000 | 488b ca49 | ba00 0000 | 26dc 7600 | 0049 2bca 
  0x000076dc8cf17ac8: 8948 0848 | 33c9 8948 | 0c48 33c9 | 4889 4810 | 4889 4818 | 4889 4820 | 4889 4828 

  0x000076dc8cf17ae4: ;   {metadata(method data for {method} {0x000076dc1c41bed0} 'throwParameterIsNullNPE' '(Ljava/lang/String;)V' in 'kotlin/jvm/internal/Intrinsics')}
  0x000076dc8cf17ae4: 48be b081 | 6e1c dc76 | 0000 4883 | 8638 0100 

  0x000076dc8cf17af4: ;   {oop("exception"{0x00000007ff89d6c0})}
  0x000076dc8cf17af4: 0001 48be | c0d6 89ff | 0700 0000 | 4889 8424 | 3001 0000 | 0f1f 8000 

  0x000076dc8cf17b0c: ;   {static_call}
  0x000076dc8cf17b0c: 0000 00e8 

  0x000076dc8cf17b10: ; ImmutableOopMap {[176]=Oop [208]=Oop [216]=Oop [224]=Oop [232]=Oop [296]=Oop [304]=Oop }
                      ;*invokestatic createParameterIsNullExceptionMessage {reexecute=0 rethrow=0 return_oop=0}
                      ; - kotlin.jvm.internal.Intrinsics::throwParameterIsNullNPE@5 (line 140)
                      ; - kotlin.jvm.internal.Intrinsics::checkNotNullParameter@5 (line 131)
                      ; - kotlin.ResultKt::createFailure@3
                      ; - kotlinx.coroutines.DispatchedTask::run@246 (line 232)
  0x000076dc8cf17b10: 6c5e f906 

  0x000076dc8cf17b14: ;   {other}
  0x000076dc8cf17b14: 0f1f 8400 | 0420 0016 | 488b 9424 | 3001 0000 

  0x000076dc8cf17b24: ;   {metadata(method data for {method} {0x000076dc1c41bed0} 'throwParameterIsNullNPE' '(Ljava/lang/String;)V' in 'kotlin/jvm/internal/Intrinsics')}
  0x000076dc8cf17b24: 48be b081 | 6e1c dc76 | 0000 4883 | 8648 0100 | 0001 488b | d048 8bb4 | 2430 0100 | 0066 0f1f 
  0x000076dc8cf17b44: ;   {optimized virtual_call}
  0x000076dc8cf17b44: 4400 00e8 

  0x000076dc8cf17b48: ; ImmutableOopMap {[176]=Oop [208]=Oop [216]=Oop [224]=Oop [232]=Oop [296]=Oop [304]=Oop }
                      ;*invokespecial <init> {reexecute=0 rethrow=0 return_oop=0}
                      ; - kotlin.jvm.internal.Intrinsics::throwParameterIsNullNPE@8 (line 140)
                      ; - kotlin.jvm.internal.Intrinsics::checkNotNullParameter@5 (line 131)
                      ; - kotlin.ResultKt::createFailure@3
                      ; - kotlinx.coroutines.DispatchedTask::run@246 (line 232)
  0x000076dc8cf17b48: 3458 f906 

  0x000076dc8cf17b4c: ;   {other}
  0x000076dc8cf17b4c: 0f1f 8400 | 3c20 0017 

  0x000076dc8cf17b54: ;   {metadata(method data for {method} {0x000076dc1c41bed0} 'throwParameterIsNullNPE' '(Ljava/lang/String;)V' in 'kotlin/jvm/internal/Intrinsics')}
  0x000076dc8cf17b54: 48be b081 | 6e1c dc76 | 0000 4883 | 8658 0100 

  0x000076dc8cf17b64: ;   {metadata(method data for {method} {0x000076dc1c41d110} 'sanitizeStackTrace' '(Ljava/lang/Throwable;)Ljava/lang/Throwable;' in 'kotlin/jvm/internal/Intrinsics')}
  0x000076dc8cf17b64: 0001 48be | e088 6e1c | dc76 0000 | 8bbe f400 | 0000 83c7 | 0289 bef4 | 0000 0081 | e7fe ff1f 
  0x000076dc8cf17b84: 0085 ff0f | 8423 1400 

  0x000076dc8cf17b8c: ;   {oop(a 'java/lang/Class'{0x00000005278031f8} = 'kotlin/jvm/internal/Intrinsics')}
  0x000076dc8cf17b8c: 0048 bef8 | 3180 2705 | 0000 0048 

  0x000076dc8cf17b98: ;   {metadata(method data for {method} {0x000076dc1c41d110} 'sanitizeStackTrace' '(Ljava/lang/Throwable;)Ljava/lang/Throwable;' in 'kotlin/jvm/internal/Intrinsics')}
  0x000076dc8cf17b98: 8bfe 48bb | e088 6e1c | dc76 0000 | 4883 8338 | 0100 0001 

  0x000076dc8cf17bac: ;   {metadata(method data for {method} {0x000076dc26b49be0} 'getName' '()Ljava/lang/String;' in 'java/lang/Class')}
  0x000076dc8cf17bac: 48bf 0816 | 041c dc76 | 0000 8b9f | f400 0000 | 83c3 0289 | 9ff4 0000 | 0081 e3fe | ff1f 0085 
  0x000076dc8cf17bcc: db0f 84fe | 1300 008b | 762c 48c1 | e603 4885 

  0x000076dc8cf17bdc: ;   {metadata(method data for {method} {0x000076dc26b49be0} 'getName' '()Ljava/lang/String;' in 'java/lang/Class')}
  0x000076dc8cf17bdc: f648 bf08 | 1604 1cdc | 7600 0048 | c7c3 3801 | 0000 7407 | 48c7 c348 | 0100 0048 | 8b04 1f48 
  0x000076dc8cf17bfc: 8d40 0148 | 8904 1f0f | 8418 0000 

  0x000076dc8cf17c08: ;   {metadata(method data for {method} {0x000076dc26b49be0} 'getName' '()Ljava/lang/String;' in 'java/lang/Class')}
  0x000076dc8cf17c08: 0048 bf08 | 1604 1cdc | 7600 00ff | 8758 0100 | 0048 8bfe | e936 0000 

  0x000076dc8cf17c20: ;   {oop(a 'java/lang/Class'{0x00000005278031f8} = 'kotlin/jvm/internal/Intrinsics')}
  0x000076dc8cf17c20: 0048 bef8 | 3180 2705 | 0000 0048 

  0x000076dc8cf17c2c: ;   {metadata(method data for {method} {0x000076dc26b49be0} 'getName' '()Ljava/lang/String;' in 'java/lang/Class')}
  0x000076dc8cf17c2c: 8bfe 48bb | 0816 041c | dc76 0000 | 4883 8370 | 0100 0001 | 0f1f 8000 

  0x000076dc8cf17c44: ;   {optimized virtual_call}
  0x000076dc8cf17c44: 0000 00e8 

  0x000076dc8cf17c48: ; ImmutableOopMap {[176]=Oop [208]=Oop [216]=Oop [224]=Oop [232]=Oop [296]=Oop [304]=Oop }
                      ;*invokevirtual initClassName {reexecute=0 rethrow=0 return_oop=0}
                      ; - java.lang.Class::getName@14 (line 948)
                      ; - kotlin.jvm.internal.Intrinsics::sanitizeStackTrace@3 (line 253)
                      ; - kotlin.jvm.internal.Intrinsics::throwParameterIsNullNPE@11 (line 140)
                      ; - kotlin.jvm.internal.Intrinsics::checkNotNullParameter@5 (line 131)
                      ; - kotlin.ResultKt::createFailure@3
                      ; - kotlinx.coroutines.DispatchedTask::run@246 (line 232)
  0x000076dc8cf17c48: 3457 f906 

  0x000076dc8cf17c4c: ;   {other}
  0x000076dc8cf17c4c: 0f1f 8400 | 3c21 0018 | 488b f848 | 8b84 2430 | 0100 00e9 | 9306 0000 

  0x000076dc8cf17c64: ;   {metadata('kotlin/Result$Failure')}
  0x000076dc8cf17c64: 48ba 68d8 | 0828 dc76 | 0000 488b | d849 8b87 | b801 0000 | 488d 7810 | 493b bfc8 | 0100 000f 
  0x000076dc8cf17c84: 876e 1300 | 0049 89bf | b801 0000 | 48c7 0001 | 0000 0048 | 8bca 49ba | 0000 0026 | dc76 0000 
  0x000076dc8cf17ca4: 492b ca89 | 4808 4833 | c989 480c | 4833 c948 | 8984 2440 | 0100 0048 

  0x000076dc8cf17cbc: ;   {metadata(method data for {method} {0x000076dc1c646b28} 'createFailure' '(Ljava/lang/Throwable;)Ljava/lang/Object;' in 'kotlin/ResultKt')}
  0x000076dc8cf17cbc: 8bd0 48be | 80dd 8c1d | dc76 0000 | 4883 8648 | 0100 0001 

  0x000076dc8cf17cd0: ;   {metadata(method data for {method} {0x000076dc1c62b958} '<init>' '(Ljava/lang/Throwable;)V' in 'kotlin/Result$Failure')}
  0x000076dc8cf17cd0: 48ba 18df | 8c1d dc76 | 0000 8bb2 | f400 0000 | 83c6 0289 | b2f4 0000 | 0081 e6fe | ff1f 0085 
  0x000076dc8cf17cf0: f60f 840d 

  0x000076dc8cf17cf4: ;   {metadata(method data for {method} {0x000076dc1c62b958} '<init>' '(Ljava/lang/Throwable;)V' in 'kotlin/Result$Failure')}
  0x000076dc8cf17cf4: 1300 0048 | ba18 df8c | 1ddc 7600 | 0048 8382 | 3801 0000 

  0x000076dc8cf17d08: ;   {metadata(method data for {method} {0x000076dc1c41bd20} 'checkNotNullParameter' '(Ljava/lang/Object;Ljava/lang/String;)V' in 'kotlin/jvm/internal/Intrinsics')}
  0x000076dc8cf17d08: 0148 ba00 | 806e 1cdc | 7600 008b | b2f4 0000 | 0083 c602 | 89b2 f400 | 0000 81e6 | feff 1f00 
  0x000076dc8cf17d28: 85f6 0f84 | f512 0000 

  0x000076dc8cf17d30: ;   {metadata(method data for {method} {0x000076dc1c41bd20} 'checkNotNullParameter' '(Ljava/lang/Object;Ljava/lang/String;)V' in 'kotlin/jvm/internal/Intrinsics')}
  0x000076dc8cf17d30: 4885 db48 | ba00 806e | 1cdc 7600 | 0048 c7c6 | 3801 0000 | 7507 48c7 | c648 0100 | 0048 8b3c 
  0x000076dc8cf17d50: 3248 8d7f | 0148 893c | 320f 8515 

  0x000076dc8cf17d5c: ;   {metadata(method data for {method} {0x000076dc1c41bd20} 'checkNotNullParameter' '(Ljava/lang/Object;Ljava/lang/String;)V' in 'kotlin/jvm/internal/Intrinsics')}
  0x000076dc8cf17d5c: 0200 0048 | ba00 806e | 1cdc 7600 | 0048 8382 | 5801 0000 

  0x000076dc8cf17d70: ;   {metadata(method data for {method} {0x000076dc1c41bed0} 'throwParameterIsNullNPE' '(Ljava/lang/String;)V' in 'kotlin/jvm/internal/Intrinsics')}
  0x000076dc8cf17d70: 0148 bab0 | 816e 1cdc | 7600 008b | b2f4 0000 | 0083 c602 | 89b2 f400 | 0000 81e6 | feff 1f00 
  0x000076dc8cf17d90: 85f6 0f84 | ae12 0000 

  0x000076dc8cf17d98: ;   {no_reloc}
  0x000076dc8cf17d98: e9d9 1200 | 0000 0000 | 0000 498b | 87b8 0100 | 0048 8d78 | 3049 3bbf | c801 0000 | 0f87 c612 
  0x000076dc8cf17db8: 0000 4989 | bfb8 0100 | 0048 c700 | 0100 0000 | 488b ca49 | ba00 0000 | 26dc 7600 | 0049 2bca 
  0x000076dc8cf17dd8: 8948 0848 | 33c9 8948 | 0c48 33c9 | 4889 4810 | 4889 4818 | 4889 4820 | 4889 4828 

  0x000076dc8cf17df4: ;   {metadata(method data for {method} {0x000076dc1c41bed0} 'throwParameterIsNullNPE' '(Ljava/lang/String;)V' in 'kotlin/jvm/internal/Intrinsics')}
  0x000076dc8cf17df4: 48be b081 | 6e1c dc76 | 0000 4883 | 8638 0100 

  0x000076dc8cf17e04: ;   {oop("exception"{0x00000007ff89d6c0})}
  0x000076dc8cf17e04: 0001 48be | c0d6 89ff | 0700 0000 | 4889 8424 | 3801 0000 | 0f1f 8000 

  0x000076dc8cf17e1c: ;   {static_call}
  0x000076dc8cf17e1c: 0000 00e8 

  0x000076dc8cf17e20: ; ImmutableOopMap {[176]=Oop [208]=Oop [216]=Oop [224]=Oop [232]=Oop [296]=Oop [312]=Oop [320]=Oop }
                      ;*invokestatic createParameterIsNullExceptionMessage {reexecute=0 rethrow=0 return_oop=0}
                      ; - kotlin.jvm.internal.Intrinsics::throwParameterIsNullNPE@5 (line 140)
                      ; - kotlin.jvm.internal.Intrinsics::checkNotNullParameter@5 (line 131)
                      ; - kotlin.Result$Failure::<init>@3
                      ; - kotlin.ResultKt::createFailure@11 (line 122)
                      ; - kotlinx.coroutines.DispatchedTask::run@246 (line 232)
  0x000076dc8cf17e20: 5c5b f906 

  0x000076dc8cf17e24: ;   {other}
  0x000076dc8cf17e24: 0f1f 8400 | 1423 0019 | 488b 9424 | 3801 0000 

  0x000076dc8cf17e34: ;   {metadata(method data for {method} {0x000076dc1c41bed0} 'throwParameterIsNullNPE' '(Ljava/lang/String;)V' in 'kotlin/jvm/internal/Intrinsics')}
  0x000076dc8cf17e34: 48be b081 | 6e1c dc76 | 0000 4883 | 8648 0100 | 0001 488b | d048 8bb4 | 2438 0100 | 0066 0f1f 
  0x000076dc8cf17e54: ;   {optimized virtual_call}
  0x000076dc8cf17e54: 4400 00e8 

  0x000076dc8cf17e58: ; ImmutableOopMap {[176]=Oop [208]=Oop [216]=Oop [224]=Oop [232]=Oop [296]=Oop [312]=Oop [320]=Oop }
                      ;*invokespecial <init> {reexecute=0 rethrow=0 return_oop=0}
                      ; - kotlin.jvm.internal.Intrinsics::throwParameterIsNullNPE@8 (line 140)
                      ; - kotlin.jvm.internal.Intrinsics::checkNotNullParameter@5 (line 131)
                      ; - kotlin.Result$Failure::<init>@3
                      ; - kotlin.ResultKt::createFailure@11 (line 122)
                      ; - kotlinx.coroutines.DispatchedTask::run@246 (line 232)
  0x000076dc8cf17e58: 2455 f906 

  0x000076dc8cf17e5c: ;   {other}
  0x000076dc8cf17e5c: 0f1f 8400 | 4c23 001a 

  0x000076dc8cf17e64: ;   {metadata(method data for {method} {0x000076dc1c41bed0} 'throwParameterIsNullNPE' '(Ljava/lang/String;)V' in 'kotlin/jvm/internal/Intrinsics')}
  0x000076dc8cf17e64: 48be b081 | 6e1c dc76 | 0000 4883 | 8658 0100 

  0x000076dc8cf17e74: ;   {metadata(method data for {method} {0x000076dc1c41d110} 'sanitizeStackTrace' '(Ljava/lang/Throwable;)Ljava/lang/Throwable;' in 'kotlin/jvm/internal/Intrinsics')}
  0x000076dc8cf17e74: 0001 48be | e088 6e1c | dc76 0000 | 8bbe f400 | 0000 83c7 | 0289 bef4 | 0000 0081 | e7fe ff1f 
  0x000076dc8cf17e94: 0085 ff0f | 84f0 1100 

  0x000076dc8cf17e9c: ;   {oop(a 'java/lang/Class'{0x00000005278031f8} = 'kotlin/jvm/internal/Intrinsics')}
  0x000076dc8cf17e9c: 0048 bef8 | 3180 2705 | 0000 0048 

  0x000076dc8cf17ea8: ;   {metadata(method data for {method} {0x000076dc1c41d110} 'sanitizeStackTrace' '(Ljava/lang/Throwable;)Ljava/lang/Throwable;' in 'kotlin/jvm/internal/Intrinsics')}
  0x000076dc8cf17ea8: 8bfe 48bb | e088 6e1c | dc76 0000 | 4883 8338 | 0100 0001 

  0x000076dc8cf17ebc: ;   {metadata(method data for {method} {0x000076dc26b49be0} 'getName' '()Ljava/lang/String;' in 'java/lang/Class')}
  0x000076dc8cf17ebc: 48bf 0816 | 041c dc76 | 0000 8b9f | f400 0000 | 83c3 0289 | 9ff4 0000 | 0081 e3fe | ff1f 0085 
  0x000076dc8cf17edc: db0f 84cb | 1100 008b | 762c 48c1 | e603 4885 

  0x000076dc8cf17eec: ;   {metadata(method data for {method} {0x000076dc26b49be0} 'getName' '()Ljava/lang/String;' in 'java/lang/Class')}
  0x000076dc8cf17eec: f648 bf08 | 1604 1cdc | 7600 0048 | c7c3 3801 | 0000 7407 | 48c7 c348 | 0100 0048 | 8b04 1f48 
  0x000076dc8cf17f0c: 8d40 0148 | 8904 1f0f | 8418 0000 

  0x000076dc8cf17f18: ;   {metadata(method data for {method} {0x000076dc26b49be0} 'getName' '()Ljava/lang/String;' in 'java/lang/Class')}
  0x000076dc8cf17f18: 0048 bf08 | 1604 1cdc | 7600 00ff | 8758 0100 | 0048 8bfe | e936 0000 

  0x000076dc8cf17f30: ;   {oop(a 'java/lang/Class'{0x00000005278031f8} = 'kotlin/jvm/internal/Intrinsics')}
  0x000076dc8cf17f30: 0048 bef8 | 3180 2705 | 0000 0048 

  0x000076dc8cf17f3c: ;   {metadata(method data for {method} {0x000076dc26b49be0} 'getName' '()Ljava/lang/String;' in 'java/lang/Class')}
  0x000076dc8cf17f3c: 8bfe 48bb | 0816 041c | dc76 0000 | 4883 8370 | 0100 0001 | 0f1f 8000 

  0x000076dc8cf17f54: ;   {optimized virtual_call}
  0x000076dc8cf17f54: 0000 00e8 

  0x000076dc8cf17f58: ; ImmutableOopMap {[176]=Oop [208]=Oop [216]=Oop [224]=Oop [232]=Oop [296]=Oop [312]=Oop [320]=Oop }
                      ;*invokevirtual initClassName {reexecute=0 rethrow=0 return_oop=0}
                      ; - java.lang.Class::getName@14 (line 948)
                      ; - kotlin.jvm.internal.Intrinsics::sanitizeStackTrace@3 (line 253)
                      ; - kotlin.jvm.internal.Intrinsics::throwParameterIsNullNPE@11 (line 140)
                      ; - kotlin.jvm.internal.Intrinsics::checkNotNullParameter@5 (line 131)
                      ; - kotlin.Result$Failure::<init>@3
                      ; - kotlin.ResultKt::createFailure@11 (line 122)
                      ; - kotlinx.coroutines.DispatchedTask::run@246 (line 232)
  0x000076dc8cf17f58: 2454 f906 

  0x000076dc8cf17f5c: ;   {other}
  0x000076dc8cf17f5c: 0f1f 8400 | 4c24 001b | 488b f848 | 8b84 2438 | 0100 00e9 | 5602 0000 

  0x000076dc8cf17f74: ;   {metadata(method data for {method} {0x000076dc1c62b958} '<init>' '(Ljava/lang/Throwable;)V' in 'kotlin/Result$Failure')}
  0x000076dc8cf17f74: 488b d048 | be18 df8c | 1ddc 7600 | 0048 8386 | 4801 0000 

  0x000076dc8cf17f88: ;   {metadata(method data for {method} {0x000076dc26b55e08} '<init>' '()V' in 'java/lang/Object')}
  0x000076dc8cf17f88: 0148 bae0 | 8900 1cdc | 7600 008b | b2f4 0000 | 0083 c602 | 89b2 f400 | 0000 81e6 | feff 1f00 
  0x000076dc8cf17fa8: 85f6 0f84 | 2411 0000 | 410f be57 | 4085 d20f | 8538 1100 | 004c 8bd3 | 49c1 ea03 | 4489 500c 
  0x000076dc8cf17fc8: 488b d048 | 33d3 48c1 | ea17 4883 | fa00 0f85 | 3811 0000 

  0x000076dc8cf17fdc: ;   {metadata(method data for {method} {0x000076dc1c621e08} 'run' '()V' in 'kotlinx/coroutines/DispatchedTask')}
  0x000076dc8cf17fdc: 48ba 0005 | 8d1d dc76 | 0000 4883 | 8220 0700 

  0x000076dc8cf17fec: ;   {metadata(method data for {method} {0x000076dc1c6298a8} 'constructor-impl' '(Ljava/lang/Object;)Ljava/lang/Object;' in 'kotlin/Result')}
  0x000076dc8cf17fec: 0001 48ba | d00c 871d | dc76 0000 | 8bb2 f400 | 0000 83c6 | 0289 b2f4 | 0000 0081 | e6fe ff1f 
  0x000076dc8cf1800c: 0085 f60f | 8417 1100 | 0048 8bbc | 24d0 0000 

  0x000076dc8cf1801c: ;   {metadata(method data for {method} {0x000076dc1c621e08} 'run' '()V' in 'kotlinx/coroutines/DispatchedTask')}
  0x000076dc8cf1801c: 0048 ba00 | 058d 1ddc | 7600 008b | 7f08 49ba | 0000 0026 | dc76 0000 | 4903 fa48 | 3bba 4007 
  0x000076dc8cf1803c: 0000 750d | 4883 8248 | 0700 0001 | e960 0000 | 0048 3bba | 5007 0000 | 750d 4883 | 8258 0700 
  0x000076dc8cf1805c: 0001 e94a | 0000 0048 | 83ba 4007 | 0000 0075 | 1748 89ba | 4007 0000 | 48c7 8248 | 0700 0001 
  0x000076dc8cf1807c: 0000 00e9 | 2900 0000 | 4883 ba50 | 0700 0000 | 7517 4889 | ba50 0700 | 0048 c782 | 5807 0000 
  0x000076dc8cf1809c: 0100 0000 | e908 0000 | 0048 8382 | 3007 0000 | 0148 8bd0 | 488b b424 | d000 0000 | 0f1f 4400 
  0x000076dc8cf180bc: 0048 b880 | 282c 28dc 

  0x000076dc8cf180c4: ;   {virtual_call}
  0x000076dc8cf180c4: 7600 00e8 

  0x000076dc8cf180c8: ; ImmutableOopMap {[176]=Oop [216]=Oop [224]=Oop [232]=Oop }
                      ;*invokeinterface resumeWith {reexecute=0 rethrow=0 return_oop=0}
                      ; - kotlinx.coroutines.DispatchedTask::run@252 (line 232)
  0x000076dc8cf180c8: d412 ffff 

  0x000076dc8cf180cc: ;   {other}
  0x000076dc8cf180cc: 0f1f 8400 | bc25 001c 

  0x000076dc8cf180d4: ;   {metadata(method data for {method} {0x000076dc1c621e08} 'run' '()V' in 'kotlinx/coroutines/DispatchedTask')}
  0x000076dc8cf180d4: 48be 0005 | 8d1d dc76 | 0000 ff86 | 6807 0000 | 488b 8424 | e800 0000 

  0x000076dc8cf180ec: ;   {metadata(method data for {method} {0x000076dc1c621e08} 'run' '()V' in 'kotlinx/coroutines/DispatchedTask')}
  0x000076dc8cf180ec: 4885 c048 | be00 058d | 1ddc 7600 | 0048 c7c7 | 9008 0000 | 7407 48c7 | c7a0 0800 | 0048 8b1c 
  0x000076dc8cf1810c: 3e48 8d5b | 0148 891c | 3e0f 8457 | 0000 0048 | 3b00 488b 

  0x000076dc8cf18120: ;   {metadata(method data for {method} {0x000076dc1c621e08} 'run' '()V' in 'kotlinx/coroutines/DispatchedTask')}
  0x000076dc8cf18120: f048 bf00 | 058d 1ddc | 7600 0048 | 8387 b008 | 0000 0148 

  0x000076dc8cf18134: ;   {optimized virtual_call}
  0x000076dc8cf18134: 8bf0 90e8 

  0x000076dc8cf18138: ; ImmutableOopMap {[176]=Oop [216]=Oop [224]=Oop }
                      ;*invokevirtual clearThreadContext {reexecute=0 rethrow=0 return_oop=0}
                      ; - kotlinx.coroutines.DispatchedTask::run@319 (line 236)
  0x000076dc8cf18138: 4452 f906 

  0x000076dc8cf1813c: ;   {other}
  0x000076dc8cf1813c: 0f1f 8400 | 2c26 001d 

  0x000076dc8cf18144: ;   {metadata(method data for {method} {0x000076dc1c621e08} 'run' '()V' in 'kotlinx/coroutines/DispatchedTask')}
  0x000076dc8cf18144: 85c0 48be | 0005 8d1d | dc76 0000 | 48c7 c2e8 | 0800 0074 | 0748 c7c2 | f808 0000 | 488b 3c16 
  0x000076dc8cf18164: 488d 7f01 | 4889 3c16 | 0f84 3200 

  0x000076dc8cf18170: ;   {metadata(method data for {method} {0x000076dc1c621e08} 'run' '()V' in 'kotlinx/coroutines/DispatchedTask')}
  0x000076dc8cf18170: 0000 48be | 0005 8d1d | dc76 0000 | 4883 8608 | 0900 0001 | 488b b424 | d800 0000 | 488b 9424 
  0x000076dc8cf18190: e000 0000 

  0x000076dc8cf18194: ;   {static_call}
  0x000076dc8cf18194: 6666 90e8 

  0x000076dc8cf18198: ; ImmutableOopMap {[176]=Oop }
                      ;*invokestatic restoreThreadContext {reexecute=0 rethrow=0 return_oop=0}
                      ; - kotlinx.coroutines.DispatchedTask::run@329 (line 237)
  0x000076dc8cf18198: e471 ffff 

  0x000076dc8cf1819c: ;   {other}
  0x000076dc8cf1819c: 0f1f 8400 | 8c26 001e 

  0x000076dc8cf181a4: ;   {metadata(method data for {method} {0x000076dc1c621e08} 'run' '()V' in 'kotlinx/coroutines/DispatchedTask')}
  0x000076dc8cf181a4: 48be 0005 | 8d1d dc76 | 0000 ff86 | 1809 0000 | 4881 c470 | 0100 005d 

  0x000076dc8cf181bc: ;   {poll_return}
  0x000076dc8cf181bc: 493b a748 | 0400 000f | 8789 0f00 

  0x000076dc8cf181c8: ;   {metadata(method data for {method} {0x000076dc1c41d110} 'sanitizeStackTrace' '(Ljava/lang/Throwable;)Ljava/lang/Throwable;' in 'kotlin/jvm/internal/Intrinsics')}
  0x000076dc8cf181c8: 00c3 48be | e088 6e1c | dc76 0000 | 4883 8670 | 0100 0001 | 488b f048 | 8bd7 0f1f 

  0x000076dc8cf181e4: ;   {static_call}
  0x000076dc8cf181e4: 4400 00e8 

  0x000076dc8cf181e8: ; ImmutableOopMap {[176]=Oop [208]=Oop [216]=Oop [224]=Oop [232]=Oop [296]=Oop [320]=Oop }
                      ;*invokestatic sanitizeStackTrace {reexecute=0 rethrow=0 return_oop=0}
                      ; - kotlin.jvm.internal.Intrinsics::sanitizeStackTrace@6 (line 253)
                      ; - kotlin.jvm.internal.Intrinsics::throwParameterIsNullNPE@11 (line 140)
                      ; - kotlin.jvm.internal.Intrinsics::checkNotNullParameter@5 (line 131)
                      ; - kotlin.Result$Failure::<init>@3
                      ; - kotlin.ResultKt::createFailure@11 (line 122)
                      ; - kotlinx.coroutines.DispatchedTask::run@246 (line 232)
  0x000076dc8cf181e8: 9457 f906 

  0x000076dc8cf181ec: ;   {other}
  0x000076dc8cf181ec: 0f1f 8400 | dc26 001f | 488b b424 | 4001 0000 | 4885 c075 

  0x000076dc8cf18200: ;   {metadata(method data for {method} {0x000076dc1c41bed0} 'throwParameterIsNullNPE' '(Ljava/lang/String;)V' in 'kotlin/jvm/internal/Intrinsics')}
  0x000076dc8cf18200: 1648 bfb0 | 816e 1cdc | 7600 0080 | 8f61 0100 | 0001 e9cd 

  0x000076dc8cf18214: ;   {metadata('java/lang/NullPointerException')}
  0x000076dc8cf18214: 0000 0048 | bbd8 5c08 | 26dc 7600 | 008b 7808 | 49ba 0000 | 0026 dc76 | 0000 4903 | fa48 3b5f 
  0x000076dc8cf18234: 500f 858d 

  0x000076dc8cf18238: ;   {metadata(method data for {method} {0x000076dc1c41bed0} 'throwParameterIsNullNPE' '(Ljava/lang/String;)V' in 'kotlin/jvm/internal/Intrinsics')}
  0x000076dc8cf18238: 0000 0048 | bfb0 816e | 1cdc 7600 | 008b 5808 | 49ba 0000 | 0026 dc76 | 0000 4903 | da48 3b9f 
  0x000076dc8cf18258: 7801 0000 | 750d 4883 | 8780 0100 | 0001 e979 | 0000 0048 | 3b9f 8801 | 0000 750d | 4883 8790 
  0x000076dc8cf18278: 0100 0001 | e963 0000 | 0048 83bf | 7801 0000 | 0075 1748 | 899f 7801 | 0000 48c7 | 8780 0100 
  0x000076dc8cf18298: 0001 0000 | 00e9 4200 | 0000 4883 | bf88 0100 | 0000 7517 | 4889 9f88 | 0100 0048 | c787 9001 
  0x000076dc8cf182b8: 0000 0100 | 0000 e921 | 0000 00e9 | 1c00 0000 

  0x000076dc8cf182c8: ;   {metadata(method data for {method} {0x000076dc1c41bed0} 'throwParameterIsNullNPE' '(Ljava/lang/String;)V' in 'kotlin/jvm/internal/Intrinsics')}
  0x000076dc8cf182c8: 48bf b081 | 6e1c dc76 | 0000 4883 | af68 0100 | 0001 e989 | 0e00 00e9 | 0000 0000 

  0x000076dc8cf182e4: ; implicit exception: dispatches to 0x000076dc8cf19171
                      ; ImmutableOopMap {rsi=Oop rax=Oop [176]=Oop [208]=Oop [216]=Oop [224]=Oop [232]=Oop [296]=Oop [320]=Oop }
                      ;*athrow {reexecute=1 rethrow=0 return_oop=0}
                      ; - (reexecute) kotlin.jvm.internal.Intrinsics::throwParameterIsNullNPE@17 (line 140)
                      ; - kotlin.jvm.internal.Intrinsics::checkNotNullParameter@5 (line 131)
                      ; - kotlin.Result$Failure::<init>@3
                      ; - kotlin.ResultKt::createFailure@11 (line 122)
                      ; - kotlinx.coroutines.DispatchedTask::run@246 (line 232)
                      ;   {section_word}
  0x000076dc8cf182e4: 483b 0048 | bae7 82f1 | 8cdc 7600 

  0x000076dc8cf182f0: ;   {runtime_call handle_exception_nofpu Runtime1 stub}
  0x000076dc8cf182f0: 00e8 8a9f 

  0x000076dc8cf182f4: ;   {metadata(method data for {method} {0x000076dc1c41d110} 'sanitizeStackTrace' '(Ljava/lang/Throwable;)Ljava/lang/Throwable;' in 'kotlin/jvm/internal/Intrinsics')}
  0x000076dc8cf182f4: 0507 9048 | bee0 886e | 1cdc 7600 | 0048 8386 | 7001 0000 | 0148 8bf0 

  0x000076dc8cf1830c: ;   {static_call}
  0x000076dc8cf1830c: 488b d7e8 

  0x000076dc8cf18310: ; ImmutableOopMap {[176]=Oop [208]=Oop [216]=Oop [224]=Oop [232]=Oop [296]=Oop }
                      ;*invokestatic sanitizeStackTrace {reexecute=0 rethrow=0 return_oop=0}
                      ; - kotlin.jvm.internal.Intrinsics::sanitizeStackTrace@6 (line 253)
                      ; - kotlin.jvm.internal.Intrinsics::throwParameterIsNullNPE@11 (line 140)
                      ; - kotlin.jvm.internal.Intrinsics::checkNotNullParameter@5 (line 131)
                      ; - kotlin.ResultKt::createFailure@3
                      ; - kotlinx.coroutines.DispatchedTask::run@246 (line 232)
  0x000076dc8cf18310: 6c56 f906 

  0x000076dc8cf18314: ;   {other}
  0x000076dc8cf18314: 0f1f 8400 | 0428 0021 | 488b b424 | 2801 0000 | 4885 c075 

  0x000076dc8cf18328: ;   {metadata(method data for {method} {0x000076dc1c41bed0} 'throwParameterIsNullNPE' '(Ljava/lang/String;)V' in 'kotlin/jvm/internal/Intrinsics')}
  0x000076dc8cf18328: 1648 bfb0 | 816e 1cdc | 7600 0080 | 8f61 0100 | 0001 e9cd 

  0x000076dc8cf1833c: ;   {metadata('java/lang/NullPointerException')}
  0x000076dc8cf1833c: 0000 0048 | bbd8 5c08 | 26dc 7600 | 008b 7808 | 49ba 0000 | 0026 dc76 | 0000 4903 | fa48 3b5f 
  0x000076dc8cf1835c: 500f 858d 

  0x000076dc8cf18360: ;   {metadata(method data for {method} {0x000076dc1c41bed0} 'throwParameterIsNullNPE' '(Ljava/lang/String;)V' in 'kotlin/jvm/internal/Intrinsics')}
  0x000076dc8cf18360: 0000 0048 | bfb0 816e | 1cdc 7600 | 008b 5808 | 49ba 0000 | 0026 dc76 | 0000 4903 | da48 3b9f 
  0x000076dc8cf18380: 7801 0000 | 750d 4883 | 8780 0100 | 0001 e979 | 0000 0048 | 3b9f 8801 | 0000 750d | 4883 8790 
  0x000076dc8cf183a0: 0100 0001 | e963 0000 | 0048 83bf | 7801 0000 | 0075 1748 | 899f 7801 | 0000 48c7 | 8780 0100 
  0x000076dc8cf183c0: 0001 0000 | 00e9 4200 | 0000 4883 | bf88 0100 | 0000 7517 | 4889 9f88 | 0100 0048 | c787 9001 
  0x000076dc8cf183e0: 0000 0100 | 0000 e921 | 0000 00e9 | 1c00 0000 

  0x000076dc8cf183f0: ;   {metadata(method data for {method} {0x000076dc1c41bed0} 'throwParameterIsNullNPE' '(Ljava/lang/String;)V' in 'kotlin/jvm/internal/Intrinsics')}
  0x000076dc8cf183f0: 48bf b081 | 6e1c dc76 | 0000 4883 | af68 0100 | 0001 e96f | 0d00 00e9 | 0000 0000 

  0x000076dc8cf1840c: ; implicit exception: dispatches to 0x000076dc8cf1917f
                      ; ImmutableOopMap {rsi=Oop rax=Oop [176]=Oop [208]=Oop [216]=Oop [224]=Oop [232]=Oop [296]=Oop }
                      ;*athrow {reexecute=1 rethrow=0 return_oop=0}
                      ; - (reexecute) kotlin.jvm.internal.Intrinsics::throwParameterIsNullNPE@17 (line 140)
                      ; - kotlin.jvm.internal.Intrinsics::checkNotNullParameter@5 (line 131)
                      ; - kotlin.ResultKt::createFailure@3
                      ; - kotlinx.coroutines.DispatchedTask::run@246 (line 232)
                      ;   {section_word}
  0x000076dc8cf1840c: 483b 0048 | ba0f 84f1 | 8cdc 7600 

  0x000076dc8cf18418: ;   {runtime_call handle_exception_nofpu Runtime1 stub}
  0x000076dc8cf18418: 00e8 629e 

  0x000076dc8cf1841c: ;   {metadata(method data for {method} {0x000076dc1c41d110} 'sanitizeStackTrace' '(Ljava/lang/Throwable;)Ljava/lang/Throwable;' in 'kotlin/jvm/internal/Intrinsics')}
  0x000076dc8cf1841c: 0507 9048 | bee0 886e | 1cdc 7600 | 0048 8386 | 7001 0000 | 0148 8bf0 

  0x000076dc8cf18434: ;   {static_call}
  0x000076dc8cf18434: 488b d7e8 

  0x000076dc8cf18438: ; ImmutableOopMap {[176]=Oop [208]=Oop [216]=Oop [224]=Oop [232]=Oop [256]=Oop [288]=Oop }
                      ;*invokestatic sanitizeStackTrace {reexecute=0 rethrow=0 return_oop=0}
                      ; - kotlin.jvm.internal.Intrinsics::sanitizeStackTrace@6 (line 253)
                      ; - kotlin.jvm.internal.Intrinsics::throwParameterIsNullNPE@11 (line 140)
                      ; - kotlin.jvm.internal.Intrinsics::checkNotNullParameter@5 (line 131)
                      ; - kotlin.Result$Failure::<init>@3
                      ; - kotlin.ResultKt::createFailure@11 (line 122)
                      ; - kotlinx.coroutines.DispatchedTask::run@273 (line 98)
  0x000076dc8cf18438: 4455 f906 

  0x000076dc8cf1843c: ;   {other}
  0x000076dc8cf1843c: 0f1f 8400 | 2c29 0023 | 488b b424 | 2001 0000 | 4885 c075 

  0x000076dc8cf18450: ;   {metadata(method data for {method} {0x000076dc1c41bed0} 'throwParameterIsNullNPE' '(Ljava/lang/String;)V' in 'kotlin/jvm/internal/Intrinsics')}
  0x000076dc8cf18450: 1648 bfb0 | 816e 1cdc | 7600 0080 | 8f61 0100 | 0001 e9cd 

  0x000076dc8cf18464: ;   {metadata('java/lang/NullPointerException')}
  0x000076dc8cf18464: 0000 0048 | bbd8 5c08 | 26dc 7600 | 008b 7808 | 49ba 0000 | 0026 dc76 | 0000 4903 | fa48 3b5f 
  0x000076dc8cf18484: 500f 858d 

  0x000076dc8cf18488: ;   {metadata(method data for {method} {0x000076dc1c41bed0} 'throwParameterIsNullNPE' '(Ljava/lang/String;)V' in 'kotlin/jvm/internal/Intrinsics')}
  0x000076dc8cf18488: 0000 0048 | bfb0 816e | 1cdc 7600 | 008b 5808 | 49ba 0000 | 0026 dc76 | 0000 4903 | da48 3b9f 
  0x000076dc8cf184a8: 7801 0000 | 750d 4883 | 8780 0100 | 0001 e979 | 0000 0048 | 3b9f 8801 | 0000 750d | 4883 8790 
  0x000076dc8cf184c8: 0100 0001 | e963 0000 | 0048 83bf | 7801 0000 | 0075 1748 | 899f 7801 | 0000 48c7 | 8780 0100 
  0x000076dc8cf184e8: 0001 0000 | 00e9 4200 | 0000 4883 | bf88 0100 | 0000 7517 | 4889 9f88 | 0100 0048 | c787 9001 
  0x000076dc8cf18508: 0000 0100 | 0000 e921 | 0000 00e9 | 1c00 0000 

  0x000076dc8cf18518: ;   {metadata(method data for {method} {0x000076dc1c41bed0} 'throwParameterIsNullNPE' '(Ljava/lang/String;)V' in 'kotlin/jvm/internal/Intrinsics')}
  0x000076dc8cf18518: 48bf b081 | 6e1c dc76 | 0000 4883 | af68 0100 | 0001 e955 | 0c00 00e9 | 0000 0000 

  0x000076dc8cf18534: ; implicit exception: dispatches to 0x000076dc8cf1918d
                      ; ImmutableOopMap {rsi=Oop rax=Oop [176]=Oop [208]=Oop [216]=Oop [224]=Oop [232]=Oop [256]=Oop [288]=Oop }
                      ;*athrow {reexecute=1 rethrow=0 return_oop=0}
                      ; - (reexecute) kotlin.jvm.internal.Intrinsics::throwParameterIsNullNPE@17 (line 140)
                      ; - kotlin.jvm.internal.Intrinsics::checkNotNullParameter@5 (line 131)
                      ; - kotlin.Result$Failure::<init>@3
                      ; - kotlin.ResultKt::createFailure@11 (line 122)
                      ; - kotlinx.coroutines.DispatchedTask::run@273 (line 98)
                      ;   {section_word}
  0x000076dc8cf18534: 483b 0048 | ba37 85f1 | 8cdc 7600 

  0x000076dc8cf18540: ;   {runtime_call handle_exception_nofpu Runtime1 stub}
  0x000076dc8cf18540: 00e8 3a9d 

  0x000076dc8cf18544: ;   {metadata(method data for {method} {0x000076dc1c41d110} 'sanitizeStackTrace' '(Ljava/lang/Throwable;)Ljava/lang/Throwable;' in 'kotlin/jvm/internal/Intrinsics')}
  0x000076dc8cf18544: 0507 9048 | bee0 886e | 1cdc 7600 | 0048 8386 | 7001 0000 | 0148 8bf0 

  0x000076dc8cf1855c: ;   {static_call}
  0x000076dc8cf1855c: 488b d7e8 

  0x000076dc8cf18560: ; ImmutableOopMap {[176]=Oop [208]=Oop [216]=Oop [224]=Oop [232]=Oop [256]=Oop }
                      ;*invokestatic sanitizeStackTrace {reexecute=0 rethrow=0 return_oop=0}
                      ; - kotlin.jvm.internal.Intrinsics::sanitizeStackTrace@6 (line 253)
                      ; - kotlin.jvm.internal.Intrinsics::throwParameterIsNullNPE@11 (line 140)
                      ; - kotlin.jvm.internal.Intrinsics::checkNotNullParameter@5 (line 131)
                      ; - kotlin.ResultKt::createFailure@3
                      ; - kotlinx.coroutines.DispatchedTask::run@273 (line 98)
  0x000076dc8cf18560: 1c54 f906 

  0x000076dc8cf18564: ;   {other}
  0x000076dc8cf18564: 0f1f 8400 | 542a 0025 | 488b b424 | 0001 0000 | 488b bc24 | d000 0000 | 4885 c075 

  0x000076dc8cf18580: ;   {metadata(method data for {method} {0x000076dc1c41bed0} 'throwParameterIsNullNPE' '(Ljava/lang/String;)V' in 'kotlin/jvm/internal/Intrinsics')}
  0x000076dc8cf18580: 1648 bbb0 | 816e 1cdc | 7600 0080 | 8b61 0100 | 0001 e9cd 

  0x000076dc8cf18594: ;   {metadata('java/lang/NullPointerException')}
  0x000076dc8cf18594: 0000 0048 | b9d8 5c08 | 26dc 7600 | 008b 5808 | 49ba 0000 | 0026 dc76 | 0000 4903 | da48 3b4b 
  0x000076dc8cf185b4: 500f 858d 

  0x000076dc8cf185b8: ;   {metadata(method data for {method} {0x000076dc1c41bed0} 'throwParameterIsNullNPE' '(Ljava/lang/String;)V' in 'kotlin/jvm/internal/Intrinsics')}
  0x000076dc8cf185b8: 0000 0048 | bbb0 816e | 1cdc 7600 | 008b 4808 | 49ba 0000 | 0026 dc76 | 0000 4903 | ca48 3b8b 
  0x000076dc8cf185d8: 7801 0000 | 750d 4883 | 8380 0100 | 0001 e979 | 0000 0048 | 3b8b 8801 | 0000 750d | 4883 8390 
  0x000076dc8cf185f8: 0100 0001 | e963 0000 | 0048 83bb | 7801 0000 | 0075 1748 | 898b 7801 | 0000 48c7 | 8380 0100 
  0x000076dc8cf18618: 0001 0000 | 00e9 4200 | 0000 4883 | bb88 0100 | 0000 7517 | 4889 8b88 | 0100 0048 | c783 9001 
  0x000076dc8cf18638: 0000 0100 | 0000 e921 | 0000 00e9 | 1c00 0000 

  0x000076dc8cf18648: ;   {metadata(method data for {method} {0x000076dc1c41bed0} 'throwParameterIsNullNPE' '(Ljava/lang/String;)V' in 'kotlin/jvm/internal/Intrinsics')}
  0x000076dc8cf18648: 48bb b081 | 6e1c dc76 | 0000 4883 | ab68 0100 | 0001 e933 | 0b00 00e9 | 0000 0000 

  0x000076dc8cf18664: ; implicit exception: dispatches to 0x000076dc8cf1919b
                      ; ImmutableOopMap {rsi=Oop rdi=Oop rax=Oop [176]=Oop [216]=Oop [224]=Oop [232]=Oop [256]=Oop }
                      ;*athrow {reexecute=1 rethrow=0 return_oop=0}
                      ; - (reexecute) kotlin.jvm.internal.Intrinsics::throwParameterIsNullNPE@17 (line 140)
                      ; - kotlin.jvm.internal.Intrinsics::checkNotNullParameter@5 (line 131)
                      ; - kotlin.ResultKt::createFailure@3
                      ; - kotlinx.coroutines.DispatchedTask::run@273 (line 98)
                      ;   {section_word}
  0x000076dc8cf18664: 483b 0048 | ba67 86f1 | 8cdc 7600 

  0x000076dc8cf18670: ;   {runtime_call handle_exception_nofpu Runtime1 stub}
  0x000076dc8cf18670: 00e8 0a9c | 0507 9049 | 8b87 f804 | 0000 4d33 | d24d 8997 | f804 0000 | 4d33 d24d | 8997 0005 
  0x000076dc8cf18690: 0000 488b | b424 e800 | 0000 4885 

  0x000076dc8cf1869c: ;   {metadata(method data for {method} {0x000076dc1c621e08} 'run' '()V' in 'kotlinx/coroutines/DispatchedTask')}
  0x000076dc8cf1869c: f648 bf00 | 058d 1ddc | 7600 0048 | c7c3 3009 | 0000 7407 | 48c7 c340 | 0900 0048 | 8b14 1f48 
  0x000076dc8cf186bc: 8d52 0148 | 8914 1f48 | 8984 2448 | 0100 000f | 8459 0000 | 0048 3b06 

  0x000076dc8cf186d4: ;   {metadata(method data for {method} {0x000076dc1c621e08} 'run' '()V' in 'kotlinx/coroutines/DispatchedTask')}
  0x000076dc8cf186d4: 488b fe48 | bb00 058d | 1ddc 7600 | 0048 8383 | 5009 0000 | 0166 0f1f 

  0x000076dc8cf186ec: ;   {optimized virtual_call}
  0x000076dc8cf186ec: 4400 00e8 

  0x000076dc8cf186f0: ; ImmutableOopMap {[176]=Oop [216]=Oop [224]=Oop [328]=Oop }
                      ;*invokevirtual clearThreadContext {reexecute=0 rethrow=0 return_oop=0}
                      ; - kotlinx.coroutines.DispatchedTask::run@344 (line 236)
  0x000076dc8cf186f0: 8c4c f906 

  0x000076dc8cf186f4: ;   {other}
  0x000076dc8cf186f4: 0f1f 8400 | e42b 0027 

  0x000076dc8cf186fc: ;   {metadata(method data for {method} {0x000076dc1c621e08} 'run' '()V' in 'kotlinx/coroutines/DispatchedTask')}
  0x000076dc8cf186fc: 85c0 48be | 0005 8d1d | dc76 0000 | 48c7 c288 | 0900 0074 | 0748 c7c2 | 9809 0000 | 488b 3c16 
  0x000076dc8cf1871c: 488d 7f01 | 4889 3c16 | 0f84 3200 | 0000 488b | 9424 e000 | 0000 488b | 8424 d800 

  0x000076dc8cf18738: ;   {metadata(method data for {method} {0x000076dc1c621e08} 'run' '()V' in 'kotlinx/coroutines/DispatchedTask')}
  0x000076dc8cf18738: 0000 48be | 0005 8d1d | dc76 0000 | 4883 86a8 | 0900 0001 

  0x000076dc8cf1874c: ;   {static_call}
  0x000076dc8cf1874c: 488b f0e8 

  0x000076dc8cf18750: ; ImmutableOopMap {[176]=Oop [328]=Oop }
                      ;*invokestatic restoreThreadContext {reexecute=0 rethrow=0 return_oop=0}
                      ; - kotlinx.coroutines.DispatchedTask::run@354 (line 237)
  0x000076dc8cf18750: 2c52 f906 

  0x000076dc8cf18754: ;   {other}
  0x000076dc8cf18754: 0f1f 8400 | 442c 0028 | 488b 8424 

  0x000076dc8cf18760: ; ImmutableOopMap {rax=Oop [176]=Oop }
                      ;*athrow {reexecute=1 rethrow=0 return_oop=0}
                      ; - (reexecute) kotlinx.coroutines.DispatchedTask::run@359 (line 237)
  0x000076dc8cf18760: 4801 0000 

  0x000076dc8cf18764: ;   {section_word}
  0x000076dc8cf18764: 48ba 6487 | f18c dc76 

  0x000076dc8cf1876c: ;   {runtime_call handle_exception_nofpu Runtime1 stub}
  0x000076dc8cf1876c: 0000 e80d | 9b05 0790 

  0x000076dc8cf18774: ;   {metadata(method data for {method} {0x000076dc1c41d110} 'sanitizeStackTrace' '(Ljava/lang/Throwable;)Ljava/lang/Throwable;' in 'kotlin/jvm/internal/Intrinsics')}
  0x000076dc8cf18774: 48be e088 | 6e1c dc76 | 0000 4883 | 8670 0100 | 0001 488b | f048 8bd7 

  0x000076dc8cf1878c: ;   {static_call}
  0x000076dc8cf1878c: 6666 90e8 

  0x000076dc8cf18790: ; ImmutableOopMap {[176]=Oop [184]=Oop }
                      ;*invokestatic sanitizeStackTrace {reexecute=0 rethrow=0 return_oop=0}
                      ; - kotlin.jvm.internal.Intrinsics::sanitizeStackTrace@6 (line 253)
                      ; - kotlin.jvm.internal.Intrinsics::throwJavaNpe@8 (line 50)
                      ; - kotlin.jvm.internal.Intrinsics::checkNotNull@5 (line 31)
                      ; - kotlinx.coroutines.DispatchedTask::run@40 (line 80)
  0x000076dc8cf18790: ec51 f906 

  0x000076dc8cf18794: ;   {other}
  0x000076dc8cf18794: 0f1f 8400 | 842c 002a | 488b b424 | b800 0000 | 4885 c075 

  0x000076dc8cf187a8: ;   {metadata(method data for {method} {0x000076dc1c41aef8} 'throwJavaNpe' '(Ljava/lang/String;)V' in 'kotlin/jvm/internal/Intrinsics')}
  0x000076dc8cf187a8: 1648 bf78 | ca05 1ddc | 7600 0080 | 8f51 0100 | 0001 e9cd 

  0x000076dc8cf187bc: ;   {metadata('java/lang/NullPointerException')}
  0x000076dc8cf187bc: 0000 0048 | bbd8 5c08 | 26dc 7600 | 008b 7808 | 49ba 0000 | 0026 dc76 | 0000 4903 | fa48 3b5f 
  0x000076dc8cf187dc: 500f 858d 

  0x000076dc8cf187e0: ;   {metadata(method data for {method} {0x000076dc1c41aef8} 'throwJavaNpe' '(Ljava/lang/String;)V' in 'kotlin/jvm/internal/Intrinsics')}
  0x000076dc8cf187e0: 0000 0048 | bf78 ca05 | 1ddc 7600 | 008b 5808 | 49ba 0000 | 0026 dc76 | 0000 4903 | da48 3b9f 
  0x000076dc8cf18800: 6801 0000 | 750d 4883 | 8770 0100 | 0001 e979 | 0000 0048 | 3b9f 7801 | 0000 750d | 4883 8780 
  0x000076dc8cf18820: 0100 0001 | e963 0000 | 0048 83bf | 6801 0000 | 0075 1748 | 899f 6801 | 0000 48c7 | 8770 0100 
  0x000076dc8cf18840: 0001 0000 | 00e9 4200 | 0000 4883 | bf78 0100 | 0000 7517 | 4889 9f78 | 0100 0048 | c787 8001 
  0x000076dc8cf18860: 0000 0100 | 0000 e921 | 0000 00e9 | 1c00 0000 

  0x000076dc8cf18870: ;   {metadata(method data for {method} {0x000076dc1c41aef8} 'throwJavaNpe' '(Ljava/lang/String;)V' in 'kotlin/jvm/internal/Intrinsics')}
  0x000076dc8cf18870: 48bf 78ca | 051d dc76 | 0000 4883 | af58 0100 | 0001 e91e | 0900 00e9 | 0000 0000 

  0x000076dc8cf1888c: ; implicit exception: dispatches to 0x000076dc8cf191ae
                      ; ImmutableOopMap {rsi=Oop rax=Oop [176]=Oop [184]=Oop }
                      ;*athrow {reexecute=1 rethrow=0 return_oop=0}
                      ; - (reexecute) kotlin.jvm.internal.Intrinsics::throwJavaNpe@14 (line 50)
                      ; - kotlin.jvm.internal.Intrinsics::checkNotNull@5 (line 31)
                      ; - kotlinx.coroutines.DispatchedTask::run@40 (line 80)
                      ;   {section_word}
  0x000076dc8cf1888c: 483b 0048 | ba8f 88f1 | 8cdc 7600 

  0x000076dc8cf18898: ;   {runtime_call handle_exception_nofpu Runtime1 stub}
  0x000076dc8cf18898: 00e8 e299 | 0507 9049 | 8b87 f804 | 0000 4d33 | d24d 8997 | f804 0000 | 4d33 d24d | 8997 0005 
  0x000076dc8cf188b8: 0000 488b | b424 b000 

  0x000076dc8cf188c0: ;   {metadata(method data for {method} {0x000076dc1c621e08} 'run' '()V' in 'kotlinx/coroutines/DispatchedTask')}
  0x000076dc8cf188c0: 0000 48ba | 0005 8d1d | dc76 0000 | 4883 8288 | 0a00 0001 | 488b d048 | 8bb4 24b0 

  0x000076dc8cf188dc: ;   {optimized virtual_call}
  0x000076dc8cf188dc: 0000 00e8 

  0x000076dc8cf188e0: ; ImmutableOopMap {}
                      ;*invokevirtual handleFatalException$kotlinx_coroutines_core {reexecute=0 rethrow=0 return_oop=0}
                      ; - kotlinx.coroutines.DispatchedTask::run@383 (line 107)
  0x000076dc8cf188e0: 9c4a f906 

  0x000076dc8cf188e4: ;   {other}
  0x000076dc8cf188e4: 0f1f 8400 | d42d 002c | 4881 c470 | 0100 005d 

  0x000076dc8cf188f4: ;   {poll_return}
  0x000076dc8cf188f4: 493b a748 | 0400 000f | 87b2 0800 | 00c3 488b | b424 b000 | 0000 498b | 87f8 0400 | 004d 33d2 
  0x000076dc8cf18914: 4d89 97f8 | 0400 004d | 33d2 4d89 | 9700 0500 | 0048 8bfe 

  0x000076dc8cf18928: ;   {metadata(method data for {method} {0x000076dc1c621e08} 'run' '()V' in 'kotlinx/coroutines/DispatchedTask')}
  0x000076dc8cf18928: 48bb 0005 | 8d1d dc76 | 0000 8b7f | 0849 ba00 | 0000 26dc | 7600 0049 | 03fa 483b | bbc8 0900 
  0x000076dc8cf18948: 0075 0d48 | 8383 d009 | 0000 01e9 | 6000 0000 | 483b bbd8 | 0900 0075 | 0d48 8383 | e009 0000 
  0x000076dc8cf18968: 01e9 4a00 | 0000 4883 | bbc8 0900 | 0000 7517 | 4889 bbc8 | 0900 0048 | c783 d009 | 0000 0100 
  0x000076dc8cf18988: 0000 e929 | 0000 0048 | 83bb d809 | 0000 0075 | 1748 89bb | d809 0000 | 48c7 83e0 | 0900 0001 
  0x000076dc8cf189a8: 0000 00e9 | 0800 0000 | 4883 83b8 | 0900 0001 | 4889 8424 | 5001 0000 | 0f1f 4400 | 0048 b8ff 
  0x000076dc8cf189c8: ffff ffff 

  0x000076dc8cf189cc: ;   {virtual_call}
  0x000076dc8cf189cc: ffff ffe8 

  0x000076dc8cf189d0: ; ImmutableOopMap {[336]=Oop }
                      ;*invokevirtual getDelegate$kotlinx_coroutines_core {reexecute=0 rethrow=0 return_oop=0}
                      ; - kotlinx.coroutines.DispatchedTask::run@362 (line 105)
  0x000076dc8cf189d0: ac4c f906 

  0x000076dc8cf189d4: ;   {other}
  0x000076dc8cf189d4: 0f1f 8400 | c42e 002d 

  0x000076dc8cf189dc: ; implicit exception: dispatches to 0x000076dc8cf191c9
  0x000076dc8cf189dc: 483b 0048 

  0x000076dc8cf189e0: ;   {metadata(method data for {method} {0x000076dc1c621e08} 'run' '()V' in 'kotlinx/coroutines/DispatchedTask')}
  0x000076dc8cf189e0: 8bf0 48bf | 0005 8d1d | dc76 0000 | 8b76 0849 | ba00 0000 | 26dc 7600 | 0049 03f2 | 483b b700 
  0x000076dc8cf18a00: 0a00 0075 | 0d48 8387 | 080a 0000 | 01e9 6000 | 0000 483b | b710 0a00 | 0075 0d48 | 8387 180a 
  0x000076dc8cf18a20: 0000 01e9 | 4a00 0000 | 4883 bf00 | 0a00 0000 | 7517 4889 | b700 0a00 | 0048 c787 | 080a 0000 
  0x000076dc8cf18a40: 0100 0000 | e929 0000 | 0048 83bf | 100a 0000 | 0075 1748 | 89b7 100a | 0000 48c7 | 8718 0a00 
  0x000076dc8cf18a60: 0001 0000 | 00e9 0800 | 0000 4883 | 87f0 0900 | 0001 488b | f048 b8ff | ffff ffff 

  0x000076dc8cf18a7c: ;   {virtual_call}
  0x000076dc8cf18a7c: ffff ffe8 

  0x000076dc8cf18a80: ; ImmutableOopMap {[336]=Oop }
                      ;*invokeinterface getContext {reexecute=0 rethrow=0 return_oop=0}
                      ; - kotlinx.coroutines.DispatchedTask::run@365 (line 105)
  0x000076dc8cf18a80: fc4b f906 

  0x000076dc8cf18a84: ;   {other}
  0x000076dc8cf18a84: 0f1f 8400 | 742f 002e | 488b b424 | 5001 0000 

  0x000076dc8cf18a94: ;   {metadata(method data for {method} {0x000076dc1c621e08} 'run' '()V' in 'kotlinx/coroutines/DispatchedTask')}
  0x000076dc8cf18a94: 48bf 0005 | 8d1d dc76 | 0000 8b76 | 0849 ba00 | 0000 26dc | 7600 0049 | 03f2 483b | b738 0a00 
  0x000076dc8cf18ab4: 0075 0d48 | 8387 400a | 0000 01e9 | 6000 0000 | 483b b748 | 0a00 0075 | 0d48 8387 | 500a 0000 
  0x000076dc8cf18ad4: 01e9 4a00 | 0000 4883 | bf38 0a00 | 0000 7517 | 4889 b738 | 0a00 0048 | c787 400a | 0000 0100 
  0x000076dc8cf18af4: 0000 e929 | 0000 0048 | 83bf 480a | 0000 0075 | 1748 89b7 | 480a 0000 | 48c7 8750 | 0a00 0001 
  0x000076dc8cf18b14: 0000 00e9 | 0800 0000 | 4883 8728 | 0a00 0001 | 488b b424 | 5001 0000 | 4889 8424 | 5801 0000 
  0x000076dc8cf18b34: ;   {optimized virtual_call}
  0x000076dc8cf18b34: 6666 90e8 

  0x000076dc8cf18b38: ; ImmutableOopMap {[344]=Oop }
                      ;*invokevirtual getCause {reexecute=0 rethrow=0 return_oop=0}
                      ; - kotlinx.coroutines.DispatchedTask::run@371 (line 105)
  0x000076dc8cf18b38: 4448 f906 

  0x000076dc8cf18b3c: ;   {other}
  0x000076dc8cf18b3c: 0f1f 8400 | 2c30 002f | 488b b424 | 5801 0000 

  0x000076dc8cf18b4c: ;   {static_call}
  0x000076dc8cf18b4c: 488b d0e8 

  0x000076dc8cf18b50: ; ImmutableOopMap {}
                      ;*invokestatic handleCoroutineException {reexecute=0 rethrow=0 return_oop=0}
                      ; - kotlinx.coroutines.DispatchedTask::run@374 (line 105)
  0x000076dc8cf18b50: 2c4e f906 

  0x000076dc8cf18b54: ;   {other}
  0x000076dc8cf18b54: 0f1f 8400 | 4430 0030 

  0x000076dc8cf18b5c: ;   {metadata(method data for {method} {0x000076dc1c621e08} 'run' '()V' in 'kotlinx/coroutines/DispatchedTask')}
  0x000076dc8cf18b5c: 48be 0005 | 8d1d dc76 | 0000 ff86 | 700a 0000 | 4881 c470 | 0100 005d 

  0x000076dc8cf18b74: ;   {poll_return}
  0x000076dc8cf18b74: 493b a748 | 0400 000f | 874d 0600 

  0x000076dc8cf18b80: ;   {metadata({method} {0x000076dc1c621e08} 'run' '()V' in 'kotlinx/coroutines/DispatchedTask')}
  0x000076dc8cf18b80: 00c3 49ba | 081e 621c | dc76 0000 | 4c89 5424 | 0848 c704 | 24ff ffff 

  0x000076dc8cf18b98: ;   {runtime_call counter_overflow Runtime1 stub}
  0x000076dc8cf18b98: ffe8 e2cd 

  0x000076dc8cf18b9c: ; ImmutableOopMap {rsi=Oop [176]=Oop }
                      ;*synchronization entry
                      ; - kotlinx.coroutines.DispatchedTask::run@-1 (line 78)
  0x000076dc8cf18b9c: 0507 e96b 

  0x000076dc8cf18ba0: ;   {metadata({method} {0x000076dc1c4ff420} 'getASSERTIONS_ENABLED' '()Z' in 'kotlinx/coroutines/DebugKt')}
  0x000076dc8cf18ba0: d6ff ff49 | ba20 f44f | 1cdc 7600 | 004c 8954 | 2408 48c7 | 0424 ffff 

  0x000076dc8cf18bb8: ;   {runtime_call counter_overflow Runtime1 stub}
  0x000076dc8cf18bb8: ffff e8c1 

  0x000076dc8cf18bbc: ; ImmutableOopMap {rsi=Oop [176]=Oop }
                      ;*synchronization entry
                      ; - kotlinx.coroutines.DebugKt::getASSERTIONS_ENABLED@-1 (line 63)
                      ; - kotlinx.coroutines.DispatchedTask::run@0 (line 78)
  0x000076dc8cf18bbc: cd05 07e9 | 83d6 ffff 

  0x000076dc8cf18bc4: ;   {metadata({method} {0x000076dc1c41abc8} 'checkNotNull' '(Ljava/lang/Object;Ljava/lang/String;)V' in 'kotlin/jvm/internal/Intrinsics')}
  0x000076dc8cf18bc4: 49ba c8ab | 411c dc76 | 0000 4c89 | 5424 0848 | c704 24ff 

  0x000076dc8cf18bd8: ;   {runtime_call counter_overflow Runtime1 stub}
  0x000076dc8cf18bd8: ffff ffe8 

  0x000076dc8cf18bdc: ; ImmutableOopMap {rax=Oop [176]=Oop [184]=Oop }
                      ;*synchronization entry
                      ; - kotlin.jvm.internal.Intrinsics::checkNotNull@-1 (line 30)
                      ; - kotlinx.coroutines.DispatchedTask::run@40 (line 80)
  0x000076dc8cf18bdc: a0cd 0507 | e968 d7ff 

  0x000076dc8cf18be4: ;   {metadata({method} {0x000076dc1c41aef8} 'throwJavaNpe' '(Ljava/lang/String;)V' in 'kotlin/jvm/internal/Intrinsics')}
  0x000076dc8cf18be4: ff49 baf8 | ae41 1cdc | 7600 004c | 8954 2408 | 48c7 0424 | ffff ffff 

  0x000076dc8cf18bfc: ;   {runtime_call counter_overflow Runtime1 stub}
  0x000076dc8cf18bfc: e87f cd05 

  0x000076dc8cf18c00: ; ImmutableOopMap {[176]=Oop [184]=Oop }
                      ;*synchronization entry
                      ; - kotlin.jvm.internal.Intrinsics::throwJavaNpe@-1 (line 50)
                      ; - kotlin.jvm.internal.Intrinsics::checkNotNull@5 (line 31)
                      ; - kotlinx.coroutines.DispatchedTask::run@40 (line 80)
  0x000076dc8cf18c00: 07e9 afd7 

  0x000076dc8cf18c04: ;   {metadata(nullptr)}
  0x000076dc8cf18c04: ffff 48ba | 0000 0000 | 0000 0000 | b800 0f05 

  0x000076dc8cf18c14: ;   {runtime_call load_klass_patching Runtime1 stub}
  0x000076dc8cf18c14: 0ae8 66be 

  0x000076dc8cf18c18: ; ImmutableOopMap {[176]=Oop [184]=Oop }
                      ;*new {reexecute=1 rethrow=0 return_oop=0}
                      ; - (reexecute) kotlin.jvm.internal.Intrinsics::throwJavaNpe@0 (line 50)
                      ; - kotlin.jvm.internal.Intrinsics::checkNotNull@5 (line 31)
                      ; - kotlinx.coroutines.DispatchedTask::run@40 (line 80)
  0x000076dc8cf18c18: 0507 e999 | d7ff ff48 

  0x000076dc8cf18c20: ;   {runtime_call fast_new_instance Runtime1 stub}
  0x000076dc8cf18c20: 8bd2 e859 

  0x000076dc8cf18c24: ; ImmutableOopMap {[176]=Oop [184]=Oop }
                      ;*new {reexecute=0 rethrow=0 return_oop=0}
                      ; - kotlin.jvm.internal.Intrinsics::throwJavaNpe@0 (line 50)
                      ; - kotlin.jvm.internal.Intrinsics::checkNotNull@5 (line 31)
                      ; - kotlinx.coroutines.DispatchedTask::run@40 (line 80)
  0x000076dc8cf18c24: 8205 07e9 | e8d7 ffff 

  0x000076dc8cf18c2c: ;   {metadata({method} {0x000076dc1c41d110} 'sanitizeStackTrace' '(Ljava/lang/Throwable;)Ljava/lang/Throwable;' in 'kotlin/jvm/internal/Intrinsics')}
  0x000076dc8cf18c2c: 49ba 10d1 | 411c dc76 | 0000 4c89 | 5424 0848 | c704 24ff 

  0x000076dc8cf18c40: ;   {runtime_call counter_overflow Runtime1 stub}
  0x000076dc8cf18c40: ffff ffe8 

  0x000076dc8cf18c44: ; ImmutableOopMap {[176]=Oop [184]=Oop [192]=Oop }
                      ;*synchronization entry
                      ; - kotlin.jvm.internal.Intrinsics::sanitizeStackTrace@-1 (line 253)
                      ; - kotlin.jvm.internal.Intrinsics::throwJavaNpe@8 (line 50)
                      ; - kotlin.jvm.internal.Intrinsics::checkNotNull@5 (line 31)
                      ; - kotlinx.coroutines.DispatchedTask::run@40 (line 80)
  0x000076dc8cf18c44: 38cd 0507 | e938 d8ff 

  0x000076dc8cf18c4c: ;   {metadata({method} {0x000076dc26b49be0} 'getName' '()Ljava/lang/String;' in 'java/lang/Class')}
  0x000076dc8cf18c4c: ff49 bae0 | 9bb4 26dc | 7600 004c | 8954 2408 | 48c7 0424 | ffff ffff 

  0x000076dc8cf18c64: ;   {runtime_call counter_overflow Runtime1 stub}
  0x000076dc8cf18c64: e817 cd05 

  0x000076dc8cf18c68: ; ImmutableOopMap {rsi=Oop [176]=Oop [184]=Oop [192]=Oop }
                      ;*synchronization entry
                      ; - java.lang.Class::getName@-1 (line 947)
                      ; - kotlin.jvm.internal.Intrinsics::sanitizeStackTrace@3 (line 253)
                      ; - kotlin.jvm.internal.Intrinsics::throwJavaNpe@8 (line 50)
                      ; - kotlin.jvm.internal.Intrinsics::checkNotNull@5 (line 31)
                      ; - kotlinx.coroutines.DispatchedTask::run@40 (line 80)
  0x000076dc8cf18c68: 07e9 5dd8 

  0x000076dc8cf18c6c: ;   {runtime_call throw_null_pointer_exception Runtime1 stub}
  0x000076dc8cf18c6c: ffff e80d 

  0x000076dc8cf18c70: ; ImmutableOopMap {[176]=Oop [184]=Oop [192]=Oop }
                      ;*getfield name {reexecute=1 rethrow=0 return_oop=0}
                      ; - (reexecute) java.lang.Class::getName@1 (line 947)
                      ; - kotlin.jvm.internal.Intrinsics::sanitizeStackTrace@3 (line 253)
                      ; - kotlin.jvm.internal.Intrinsics::throwJavaNpe@8 (line 50)
                      ; - kotlin.jvm.internal.Intrinsics::checkNotNull@5 (line 31)
                      ; - kotlinx.coroutines.DispatchedTask::run@40 (line 80)
  0x000076dc8cf18c70: 7405 0748 

  0x000076dc8cf18c74: ;   {runtime_call throw_class_cast_exception Runtime1 stub}
  0x000076dc8cf18c74: 8904 24e8 

  0x000076dc8cf18c78: ; ImmutableOopMap {[176]=Oop }
                      ;*checkcast {reexecute=0 rethrow=0 return_oop=0}
                      ; - kotlinx.coroutines.DispatchedTask::run@43 (line 80)
  0x000076dc8cf18c78: 04a2 0507 

  0x000076dc8cf18c7c: ;   {runtime_call throw_null_pointer_exception Runtime1 stub}
  0x000076dc8cf18c7c: e8ff 7305 

  0x000076dc8cf18c80: ; ImmutableOopMap {rsi=Oop [176]=Oop }
                      ;*getfield continuation {reexecute=1 rethrow=0 return_oop=0}
                      ; - (reexecute) kotlinx.coroutines.DispatchedTask::run@48 (line 81)
                      ;   {runtime_call throw_null_pointer_exception Runtime1 stub}
  0x000076dc8cf18c80: 07e8 fa73 

  0x000076dc8cf18c84: ; ImmutableOopMap {rdi=Oop rbx=Oop [176]=Oop }
                      ;*invokeinterface getContext {reexecute=0 rethrow=0 return_oop=0}
                      ; - kotlinx.coroutines.DispatchedTask::run@61 (line 222)
                      ;   {metadata({method} {0x000076dc1c63fae8} 'isCancellableMode' '(I)Z' in 'kotlinx/coroutines/DispatchedTaskKt')}
  0x000076dc8cf18c84: 0507 49ba | e8fa 631c | dc76 0000 | 4c89 5424 | 0848 c704 | 24ff ffff 

  0x000076dc8cf18c9c: ;   {runtime_call counter_overflow Runtime1 stub}
  0x000076dc8cf18c9c: ffe8 decc 

  0x000076dc8cf18ca0: ; ImmutableOopMap {rax=Oop rsi=Oop [176]=Oop [208]=Oop [216]=Oop [224]=Oop [232]=Oop [240]=Oop [248]=Oop [256]=Oop }
                      ;*synchronization entry
                      ; - kotlinx.coroutines.DispatchedTaskKt::isCancellableMode@-1 (line 43)
                      ; - kotlinx.coroutines.DispatchedTask::run@133 (line 91)
  0x000076dc8cf18ca0: 0507 e908 

  0x000076dc8cf18ca4: ;   {runtime_call throw_null_pointer_exception Runtime1 stub}
  0x000076dc8cf18ca4: deff ffe8 

  0x000076dc8cf18ca8: ; ImmutableOopMap {rax=Oop [176]=Oop [208]=Oop [216]=Oop [224]=Oop [232]=Oop [248]=Oop [256]=Oop }
                      ;*invokeinterface get {reexecute=0 rethrow=0 return_oop=0}
                      ; - kotlinx.coroutines.DispatchedTask::run@147 (line 91)
  0x000076dc8cf18ca8: d473 0507 | 4889 0424 

  0x000076dc8cf18cb0: ;   {runtime_call throw_class_cast_exception Runtime1 stub}
  0x000076dc8cf18cb0: e8cb a105 

  0x000076dc8cf18cb4: ; ImmutableOopMap {[176]=Oop [208]=Oop [216]=Oop [224]=Oop [232]=Oop [248]=Oop [256]=Oop }
                      ;*checkcast {reexecute=0 rethrow=0 return_oop=0}
                      ; - kotlinx.coroutines.DispatchedTask::run@152 (line 91)
                      ;   {runtime_call throw_null_pointer_exception Runtime1 stub}
  0x000076dc8cf18cb4: 07e8 c673 

  0x000076dc8cf18cb8: ; ImmutableOopMap {rdi=Oop [176]=Oop [208]=Oop [216]=Oop [224]=Oop [232]=Oop [248]=Oop [256]=Oop }
                      ;*invokeinterface isActive {reexecute=0 rethrow=0 return_oop=0}
                      ; - kotlinx.coroutines.DispatchedTask::run@168 (line 92)
                      ;   {metadata({method} {0x000076dc1c646b28} 'createFailure' '(Ljava/lang/Throwable;)Ljava/lang/Object;' in 'kotlin/ResultKt')}
  0x000076dc8cf18cb8: 0507 49ba | 286b 641c | dc76 0000 | 4c89 5424 | 0848 c704 | 24ff ffff 

  0x000076dc8cf18cd0: ;   {runtime_call counter_overflow Runtime1 stub}
  0x000076dc8cf18cd0: ffe8 aacc 

  0x000076dc8cf18cd4: ; ImmutableOopMap {rax=Oop [176]=Oop [208]=Oop [216]=Oop [224]=Oop [232]=Oop [256]=Oop }
                      ;*synchronization entry
                      ; - kotlin.ResultKt::createFailure@-1
                      ; - kotlinx.coroutines.DispatchedTask::run@273 (line 98)
  0x000076dc8cf18cd4: 0507 e9f7 

  0x000076dc8cf18cd8: ;   {metadata({method} {0x000076dc1c41bd20} 'checkNotNullParameter' '(Ljava/lang/Object;Ljava/lang/String;)V' in 'kotlin/jvm/internal/Intrinsics')}
  0x000076dc8cf18cd8: e1ff ff49 | ba20 bd41 | 1cdc 7600 | 004c 8954 | 2408 48c7 | 0424 ffff 

  0x000076dc8cf18cf0: ;   {runtime_call counter_overflow Runtime1 stub}
  0x000076dc8cf18cf0: ffff e889 

  0x000076dc8cf18cf4: ; ImmutableOopMap {rax=Oop [176]=Oop [208]=Oop [216]=Oop [224]=Oop [232]=Oop [256]=Oop }
                      ;*synchronization entry
                      ; - kotlin.jvm.internal.Intrinsics::checkNotNullParameter@-1 (line 130)
                      ; - kotlin.ResultKt::createFailure@3
                      ; - kotlinx.coroutines.DispatchedTask::run@273 (line 98)
  0x000076dc8cf18cf4: cc05 07e9 | 0fe2 ffff 

  0x000076dc8cf18cfc: ;   {metadata({method} {0x000076dc1c41bed0} 'throwParameterIsNullNPE' '(Ljava/lang/String;)V' in 'kotlin/jvm/internal/Intrinsics')}
  0x000076dc8cf18cfc: 49ba d0be | 411c dc76 | 0000 4c89 | 5424 0848 | c704 24ff 

  0x000076dc8cf18d10: ;   {runtime_call counter_overflow Runtime1 stub}
  0x000076dc8cf18d10: ffff ffe8 

  0x000076dc8cf18d14: ; ImmutableOopMap {[176]=Oop [208]=Oop [216]=Oop [224]=Oop [232]=Oop [256]=Oop }
                      ;*synchronization entry
                      ; - kotlin.jvm.internal.Intrinsics::throwParameterIsNullNPE@-1 (line 140)
                      ; - kotlin.jvm.internal.Intrinsics::checkNotNullParameter@5 (line 131)
                      ; - kotlin.ResultKt::createFailure@3
                      ; - kotlinx.coroutines.DispatchedTask::run@273 (line 98)
  0x000076dc8cf18d14: 68cc 0507 | e956 e2ff 

  0x000076dc8cf18d1c: ;   {metadata(nullptr)}
  0x000076dc8cf18d1c: ff48 ba00 | 0000 0000 | 0000 00b8 | 000f 050a 

  0x000076dc8cf18d2c: ;   {runtime_call load_klass_patching Runtime1 stub}
  0x000076dc8cf18d2c: e84f bd05 

  0x000076dc8cf18d30: ; ImmutableOopMap {[176]=Oop [208]=Oop [216]=Oop [224]=Oop [232]=Oop [256]=Oop }
                      ;*new {reexecute=1 rethrow=0 return_oop=0}
                      ; - (reexecute) kotlin.jvm.internal.Intrinsics::throwParameterIsNullNPE@0 (line 140)
                      ; - kotlin.jvm.internal.Intrinsics::checkNotNullParameter@5 (line 131)
                      ; - kotlin.ResultKt::createFailure@3
                      ; - kotlinx.coroutines.DispatchedTask::run@273 (line 98)
  0x000076dc8cf18d30: 07e9 42e2 | ffff 488b 

  0x000076dc8cf18d38: ;   {runtime_call fast_new_instance Runtime1 stub}
  0x000076dc8cf18d38: d2e8 4281 

  0x000076dc8cf18d3c: ; ImmutableOopMap {[176]=Oop [208]=Oop [216]=Oop [224]=Oop [232]=Oop [256]=Oop }
                      ;*new {reexecute=0 rethrow=0 return_oop=0}
                      ; - kotlin.jvm.internal.Intrinsics::throwParameterIsNullNPE@0 (line 140)
                      ; - kotlin.jvm.internal.Intrinsics::checkNotNullParameter@5 (line 131)
                      ; - kotlin.ResultKt::createFailure@3
                      ; - kotlinx.coroutines.DispatchedTask::run@273 (line 98)
  0x000076dc8cf18d3c: 0507 e991 

  0x000076dc8cf18d40: ;   {metadata({method} {0x000076dc1c41d110} 'sanitizeStackTrace' '(Ljava/lang/Throwable;)Ljava/lang/Throwable;' in 'kotlin/jvm/internal/Intrinsics')}
  0x000076dc8cf18d40: e2ff ff49 | ba10 d141 | 1cdc 7600 | 004c 8954 | 2408 48c7 | 0424 ffff 

  0x000076dc8cf18d58: ;   {runtime_call counter_overflow Runtime1 stub}
  0x000076dc8cf18d58: ffff e821 

  0x000076dc8cf18d5c: ; ImmutableOopMap {[176]=Oop [208]=Oop [216]=Oop [224]=Oop [232]=Oop [256]=Oop [272]=Oop }
                      ;*synchronization entry
                      ; - kotlin.jvm.internal.Intrinsics::sanitizeStackTrace@-1 (line 253)
                      ; - kotlin.jvm.internal.Intrinsics::throwParameterIsNullNPE@11 (line 140)
                      ; - kotlin.jvm.internal.Intrinsics::checkNotNullParameter@5 (line 131)
                      ; - kotlin.ResultKt::createFailure@3
                      ; - kotlinx.coroutines.DispatchedTask::run@273 (line 98)
  0x000076dc8cf18d5c: cc05 07e9 | 19e3 ffff 

  0x000076dc8cf18d64: ;   {metadata({method} {0x000076dc26b49be0} 'getName' '()Ljava/lang/String;' in 'java/lang/Class')}
  0x000076dc8cf18d64: 49ba e09b | b426 dc76 | 0000 4c89 | 5424 0848 | c704 24ff 

  0x000076dc8cf18d78: ;   {runtime_call counter_overflow Runtime1 stub}
  0x000076dc8cf18d78: ffff ffe8 

  0x000076dc8cf18d7c: ; ImmutableOopMap {rsi=Oop [176]=Oop [208]=Oop [216]=Oop [224]=Oop [232]=Oop [256]=Oop [272]=Oop }
                      ;*synchronization entry
                      ; - java.lang.Class::getName@-1 (line 947)
                      ; - kotlin.jvm.internal.Intrinsics::sanitizeStackTrace@3 (line 253)
                      ; - kotlin.jvm.internal.Intrinsics::throwParameterIsNullNPE@11 (line 140)
                      ; - kotlin.jvm.internal.Intrinsics::checkNotNullParameter@5 (line 131)
                      ; - kotlin.ResultKt::createFailure@3
                      ; - kotlinx.coroutines.DispatchedTask::run@273 (line 98)
  0x000076dc8cf18d7c: 00cc 0507 | e93e e3ff 

  0x000076dc8cf18d84: ;   {runtime_call throw_null_pointer_exception Runtime1 stub}
  0x000076dc8cf18d84: ffe8 f672 

  0x000076dc8cf18d88: ; ImmutableOopMap {[176]=Oop [208]=Oop [216]=Oop [224]=Oop [232]=Oop [256]=Oop [272]=Oop }
                      ;*getfield name {reexecute=1 rethrow=0 return_oop=0}
                      ; - (reexecute) java.lang.Class::getName@1 (line 947)
                      ; - kotlin.jvm.internal.Intrinsics::sanitizeStackTrace@3 (line 253)
                      ; - kotlin.jvm.internal.Intrinsics::throwParameterIsNullNPE@11 (line 140)
                      ; - kotlin.jvm.internal.Intrinsics::checkNotNullParameter@5 (line 131)
                      ; - kotlin.ResultKt::createFailure@3
                      ; - kotlinx.coroutines.DispatchedTask::run@273 (line 98)
  0x000076dc8cf18d88: 0507 488b 

  0x000076dc8cf18d8c: ;   {runtime_call fast_new_instance Runtime1 stub}
  0x000076dc8cf18d8c: d2e8 ee80 

  0x000076dc8cf18d90: ; ImmutableOopMap {rbx=Oop [176]=Oop [208]=Oop [216]=Oop [224]=Oop [232]=Oop [256]=Oop }
                      ;*new {reexecute=0 rethrow=0 return_oop=0}
                      ; - kotlin.ResultKt::createFailure@6 (line 122)
                      ; - kotlinx.coroutines.DispatchedTask::run@273 (line 98)
  0x000076dc8cf18d90: 0507 e90c 

  0x000076dc8cf18d94: ;   {metadata({method} {0x000076dc1c62b958} '<init>' '(Ljava/lang/Throwable;)V' in 'kotlin/Result$Failure')}
  0x000076dc8cf18d94: e4ff ff49 | ba58 b962 | 1cdc 7600 | 004c 8954 | 2408 48c7 | 0424 ffff 

  0x000076dc8cf18dac: ;   {runtime_call counter_overflow Runtime1 stub}
  0x000076dc8cf18dac: ffff e8cd 

  0x000076dc8cf18db0: ; ImmutableOopMap {rbx=Oop rax=Oop [176]=Oop [208]=Oop [216]=Oop [224]=Oop [232]=Oop [256]=Oop [288]=Oop }
                      ;*synchronization entry
                      ; - kotlin.Result$Failure::<init>@-1
                      ; - kotlin.ResultKt::createFailure@11 (line 122)
                      ; - kotlinx.coroutines.DispatchedTask::run@273 (line 98)
  0x000076dc8cf18db0: cb05 07e9 | 2fe4 ffff 

  0x000076dc8cf18db8: ;   {metadata({method} {0x000076dc1c41bd20} 'checkNotNullParameter' '(Ljava/lang/Object;Ljava/lang/String;)V' in 'kotlin/jvm/internal/Intrinsics')}
  0x000076dc8cf18db8: 49ba 20bd | 411c dc76 | 0000 4c89 | 5424 0848 | c704 24ff 

  0x000076dc8cf18dcc: ;   {runtime_call counter_overflow Runtime1 stub}
  0x000076dc8cf18dcc: ffff ffe8 

  0x000076dc8cf18dd0: ; ImmutableOopMap {rbx=Oop rax=Oop [176]=Oop [208]=Oop [216]=Oop [224]=Oop [232]=Oop [256]=Oop [288]=Oop }
                      ;*synchronization entry
                      ; - kotlin.jvm.internal.Intrinsics::checkNotNullParameter@-1 (line 130)
                      ; - kotlin.Result$Failure::<init>@3
                      ; - kotlin.ResultKt::createFailure@11 (line 122)
                      ; - kotlinx.coroutines.DispatchedTask::run@273 (line 98)
  0x000076dc8cf18dd0: accb 0507 | e947 e4ff 

  0x000076dc8cf18dd8: ;   {metadata({method} {0x000076dc1c41bed0} 'throwParameterIsNullNPE' '(Ljava/lang/String;)V' in 'kotlin/jvm/internal/Intrinsics')}
  0x000076dc8cf18dd8: ff49 bad0 | be41 1cdc | 7600 004c | 8954 2408 | 48c7 0424 | ffff ffff 

  0x000076dc8cf18df0: ;   {runtime_call counter_overflow Runtime1 stub}
  0x000076dc8cf18df0: e88b cb05 

  0x000076dc8cf18df4: ; ImmutableOopMap {[176]=Oop [208]=Oop [216]=Oop [224]=Oop [232]=Oop [256]=Oop [288]=Oop }
                      ;*synchronization entry
                      ; - kotlin.jvm.internal.Intrinsics::throwParameterIsNullNPE@-1 (line 140)
                      ; - kotlin.jvm.internal.Intrinsics::checkNotNullParameter@5 (line 131)
                      ; - kotlin.Result$Failure::<init>@3
                      ; - kotlin.ResultKt::createFailure@11 (line 122)
                      ; - kotlinx.coroutines.DispatchedTask::run@273 (line 98)
  0x000076dc8cf18df4: 07e9 8ee4 

  0x000076dc8cf18df8: ;   {metadata(nullptr)}
  0x000076dc8cf18df8: ffff 48ba | 0000 0000 | 0000 0000 | b800 0f05 

  0x000076dc8cf18e08: ;   {runtime_call load_klass_patching Runtime1 stub}
  0x000076dc8cf18e08: 0ae8 72bc 

  0x000076dc8cf18e0c: ; ImmutableOopMap {[176]=Oop [208]=Oop [216]=Oop [224]=Oop [232]=Oop [256]=Oop [288]=Oop }
                      ;*new {reexecute=1 rethrow=0 return_oop=0}
                      ; - (reexecute) kotlin.jvm.internal.Intrinsics::throwParameterIsNullNPE@0 (line 140)
                      ; - kotlin.jvm.internal.Intrinsics::checkNotNullParameter@5 (line 131)
                      ; - kotlin.Result$Failure::<init>@3
                      ; - kotlin.ResultKt::createFailure@11 (line 122)
                      ; - kotlinx.coroutines.DispatchedTask::run@273 (line 98)
  0x000076dc8cf18e0c: 0507 e975 | e4ff ff48 

  0x000076dc8cf18e14: ;   {runtime_call fast_new_instance Runtime1 stub}
  0x000076dc8cf18e14: 8bd2 e865 

  0x000076dc8cf18e18: ; ImmutableOopMap {[176]=Oop [208]=Oop [216]=Oop [224]=Oop [232]=Oop [256]=Oop [288]=Oop }
                      ;*new {reexecute=0 rethrow=0 return_oop=0}
                      ; - kotlin.jvm.internal.Intrinsics::throwParameterIsNullNPE@0 (line 140)
                      ; - kotlin.jvm.internal.Intrinsics::checkNotNullParameter@5 (line 131)
                      ; - kotlin.Result$Failure::<init>@3
                      ; - kotlin.ResultKt::createFailure@11 (line 122)
                      ; - kotlinx.coroutines.DispatchedTask::run@273 (line 98)
  0x000076dc8cf18e18: 8005 07e9 | c4e4 ffff 

  0x000076dc8cf18e20: ;   {metadata({method} {0x000076dc1c41d110} 'sanitizeStackTrace' '(Ljava/lang/Throwable;)Ljava/lang/Throwable;' in 'kotlin/jvm/internal/Intrinsics')}
  0x000076dc8cf18e20: 49ba 10d1 | 411c dc76 | 0000 4c89 | 5424 0848 | c704 24ff 

  0x000076dc8cf18e34: ;   {runtime_call counter_overflow Runtime1 stub}
  0x000076dc8cf18e34: ffff ffe8 

  0x000076dc8cf18e38: ; ImmutableOopMap {[176]=Oop [208]=Oop [216]=Oop [224]=Oop [232]=Oop [256]=Oop [280]=Oop [288]=Oop }
                      ;*synchronization entry
                      ; - kotlin.jvm.internal.Intrinsics::sanitizeStackTrace@-1 (line 253)
                      ; - kotlin.jvm.internal.Intrinsics::throwParameterIsNullNPE@11 (line 140)
                      ; - kotlin.jvm.internal.Intrinsics::checkNotNullParameter@5 (line 131)
                      ; - kotlin.Result$Failure::<init>@3
                      ; - kotlin.ResultKt::createFailure@11 (line 122)
                      ; - kotlinx.coroutines.DispatchedTask::run@273 (line 98)
  0x000076dc8cf18e38: 44cb 0507 | e94c e5ff 

  0x000076dc8cf18e40: ;   {metadata({method} {0x000076dc26b49be0} 'getName' '()Ljava/lang/String;' in 'java/lang/Class')}
  0x000076dc8cf18e40: ff49 bae0 | 9bb4 26dc | 7600 004c | 8954 2408 | 48c7 0424 | ffff ffff 

  0x000076dc8cf18e58: ;   {runtime_call counter_overflow Runtime1 stub}
  0x000076dc8cf18e58: e823 cb05 

  0x000076dc8cf18e5c: ; ImmutableOopMap {rsi=Oop [176]=Oop [208]=Oop [216]=Oop [224]=Oop [232]=Oop [256]=Oop [280]=Oop [288]=Oop }
                      ;*synchronization entry
                      ; - java.lang.Class::getName@-1 (line 947)
                      ; - kotlin.jvm.internal.Intrinsics::sanitizeStackTrace@3 (line 253)
                      ; - kotlin.jvm.internal.Intrinsics::throwParameterIsNullNPE@11 (line 140)
                      ; - kotlin.jvm.internal.Intrinsics::checkNotNullParameter@5 (line 131)
                      ; - kotlin.Result$Failure::<init>@3
                      ; - kotlin.ResultKt::createFailure@11 (line 122)
                      ; - kotlinx.coroutines.DispatchedTask::run@273 (line 98)
  0x000076dc8cf18e5c: 07e9 71e5 

  0x000076dc8cf18e60: ;   {runtime_call throw_null_pointer_exception Runtime1 stub}
  0x000076dc8cf18e60: ffff e819 

  0x000076dc8cf18e64: ; ImmutableOopMap {[176]=Oop [208]=Oop [216]=Oop [224]=Oop [232]=Oop [256]=Oop [280]=Oop [288]=Oop }
                      ;*getfield name {reexecute=1 rethrow=0 return_oop=0}
                      ; - (reexecute) java.lang.Class::getName@1 (line 947)
                      ; - kotlin.jvm.internal.Intrinsics::sanitizeStackTrace@3 (line 253)
                      ; - kotlin.jvm.internal.Intrinsics::throwParameterIsNullNPE@11 (line 140)
                      ; - kotlin.jvm.internal.Intrinsics::checkNotNullParameter@5 (line 131)
                      ; - kotlin.Result$Failure::<init>@3
                      ; - kotlin.ResultKt::createFailure@11 (line 122)
                      ; - kotlinx.coroutines.DispatchedTask::run@273 (line 98)
                      ;   {metadata({method} {0x000076dc26b55e08} '<init>' '()V' in 'java/lang/Object')}
  0x000076dc8cf18e64: 7205 0749 | ba08 5eb5 | 26dc 7600 | 004c 8954 | 2408 48c7 | 0424 ffff 

  0x000076dc8cf18e7c: ;   {runtime_call counter_overflow Runtime1 stub}
  0x000076dc8cf18e7c: ffff e8fd 

  0x000076dc8cf18e80: ; ImmutableOopMap {rbx=Oop rax=Oop [176]=Oop [208]=Oop [216]=Oop [224]=Oop [232]=Oop [256]=Oop [288]=Oop }
                      ;*synchronization entry
                      ; - java.lang.Object::<init>@-1 (line 45)
                      ; - kotlin.Result$Failure::<init>@7 (line 105)
                      ; - kotlin.ResultKt::createFailure@11 (line 122)
                      ; - kotlinx.coroutines.DispatchedTask::run@273 (line 98)
  0x000076dc8cf18e80: ca05 07e9 | 18e6 ffff | 8b50 0c48 | c1e2 0348 | 83fa 000f | 8414 e6ff | ff48 8914 

  0x000076dc8cf18e9c: ;   {runtime_call g1_pre_barrier_slow}
  0x000076dc8cf18e9c: 24e8 ded0 | 0507 e906 | e6ff ff48 | 83fb 000f | 841b e6ff | ff48 8904 

  0x000076dc8cf18eb4: ;   {runtime_call g1_post_barrier_slow}
  0x000076dc8cf18eb4: 24e8 c6d3 | 0507 e90d 

  0x000076dc8cf18ebc: ;   {metadata({method} {0x000076dc1c6298a8} 'constructor-impl' '(Ljava/lang/Object;)Ljava/lang/Object;' in 'kotlin/Result')}
  0x000076dc8cf18ebc: e6ff ff49 | baa8 9862 | 1cdc 7600 | 004c 8954 | 2408 48c7 | 0424 ffff 

  0x000076dc8cf18ed4: ;   {runtime_call counter_overflow Runtime1 stub}
  0x000076dc8cf18ed4: ffff e8a5 

  0x000076dc8cf18ed8: ; ImmutableOopMap {rax=Oop [176]=Oop [208]=Oop [216]=Oop [224]=Oop [232]=Oop [288]=Oop }
                      ;*synchronization entry
                      ; - kotlin.Result::constructor-impl@-1
                      ; - kotlinx.coroutines.DispatchedTask::run@276 (line 98)
  0x000076dc8cf18ed8: ca05 07e9 | 25e6 ffff 

  0x000076dc8cf18ee0: ;   {metadata({method} {0x000076dc1c6298a8} 'constructor-impl' '(Ljava/lang/Object;)Ljava/lang/Object;' in 'kotlin/Result')}
  0x000076dc8cf18ee0: 49ba a898 | 621c dc76 | 0000 4c89 | 5424 0848 | c704 24ff 

  0x000076dc8cf18ef4: ;   {runtime_call counter_overflow Runtime1 stub}
  0x000076dc8cf18ef4: ffff ffe8 

  0x000076dc8cf18ef8: ; ImmutableOopMap {rax=Oop [176]=Oop [208]=Oop [216]=Oop [224]=Oop [232]=Oop }
                      ;*synchronization entry
                      ; - kotlin.Result::constructor-impl@-1
                      ; - kotlinx.coroutines.DispatchedTask::run@298 (line 100)
  0x000076dc8cf18ef8: 84ca 0507 | e9d4 e7ff 

  0x000076dc8cf18f00: ;   {runtime_call throw_incompatible_class_change_error Runtime1 stub}
  0x000076dc8cf18f00: ffe8 7aa2 

  0x000076dc8cf18f04: ; ImmutableOopMap {rdi=Oop [176]=Oop [208]=Oop [216]=Oop [224]=Oop [232]=Oop [248]=Oop }
                      ;*invokeinterface getCancellationException {reexecute=0 rethrow=0 return_oop=0}
                      ; - kotlinx.coroutines.DispatchedTask::run@178 (line 93)
                      ;   {metadata({method} {0x000076dc1c4ff580} 'getRECOVER_STACK_TRACES' '()Z' in 'kotlinx/coroutines/DebugKt')}
  0x000076dc8cf18f04: 0507 49ba | 80f5 4f1c | dc76 0000 | 4c89 5424 | 0848 c704 | 24ff ffff 

  0x000076dc8cf18f1c: ;   {runtime_call counter_overflow Runtime1 stub}
  0x000076dc8cf18f1c: ffe8 5eca 

  0x000076dc8cf18f20: ; ImmutableOopMap {[176]=Oop [208]=Oop [216]=Oop [224]=Oop [232]=Oop [296]=Oop }
                      ;*synchronization entry
                      ; - kotlinx.coroutines.DebugKt::getRECOVER_STACK_TRACES@-1 (line 77)
                      ; - kotlinx.coroutines.DispatchedTask::run@211 (line 233)
  0x000076dc8cf18f20: 0507 e95e 

  0x000076dc8cf18f24: ;   {metadata({method} {0x000076dc1c646b28} 'createFailure' '(Ljava/lang/Throwable;)Ljava/lang/Object;' in 'kotlin/ResultKt')}
  0x000076dc8cf18f24: eaff ff49 | ba28 6b64 | 1cdc 7600 | 004c 8954 | 2408 48c7 | 0424 ffff 

  0x000076dc8cf18f3c: ;   {runtime_call counter_overflow Runtime1 stub}
  0x000076dc8cf18f3c: ffff e83d 

  0x000076dc8cf18f40: ; ImmutableOopMap {rax=Oop [176]=Oop [208]=Oop [216]=Oop [224]=Oop [232]=Oop [296]=Oop }
                      ;*synchronization entry
                      ; - kotlin.ResultKt::createFailure@-1
                      ; - kotlinx.coroutines.DispatchedTask::run@246 (line 232)
  0x000076dc8cf18f40: ca05 07e9 | 9eea ffff 

  0x000076dc8cf18f48: ;   {metadata({method} {0x000076dc1c41bd20} 'checkNotNullParameter' '(Ljava/lang/Object;Ljava/lang/String;)V' in 'kotlin/jvm/internal/Intrinsics')}
  0x000076dc8cf18f48: 49ba 20bd | 411c dc76 | 0000 4c89 | 5424 0848 | c704 24ff 

  0x000076dc8cf18f5c: ;   {runtime_call counter_overflow Runtime1 stub}
  0x000076dc8cf18f5c: ffff ffe8 

  0x000076dc8cf18f60: ; ImmutableOopMap {rax=Oop [176]=Oop [208]=Oop [216]=Oop [224]=Oop [232]=Oop [296]=Oop }
                      ;*synchronization entry
                      ; - kotlin.jvm.internal.Intrinsics::checkNotNullParameter@-1 (line 130)
                      ; - kotlin.ResultKt::createFailure@3
                      ; - kotlinx.coroutines.DispatchedTask::run@246 (line 232)
  0x000076dc8cf18f60: 1cca 0507 | e9b6 eaff 

  0x000076dc8cf18f68: ;   {metadata({method} {0x000076dc1c41bed0} 'throwParameterIsNullNPE' '(Ljava/lang/String;)V' in 'kotlin/jvm/internal/Intrinsics')}
  0x000076dc8cf18f68: ff49 bad0 | be41 1cdc | 7600 004c | 8954 2408 | 48c7 0424 | ffff ffff 

  0x000076dc8cf18f80: ;   {runtime_call counter_overflow Runtime1 stub}
  0x000076dc8cf18f80: e8fb c905 

  0x000076dc8cf18f84: ; ImmutableOopMap {[176]=Oop [208]=Oop [216]=Oop [224]=Oop [232]=Oop [296]=Oop }
                      ;*synchronization entry
                      ; - kotlin.jvm.internal.Intrinsics::throwParameterIsNullNPE@-1 (line 140)
                      ; - kotlin.jvm.internal.Intrinsics::checkNotNullParameter@5 (line 131)
                      ; - kotlin.ResultKt::createFailure@3
                      ; - kotlinx.coroutines.DispatchedTask::run@246 (line 232)
  0x000076dc8cf18f84: 07e9 fdea 

  0x000076dc8cf18f88: ;   {metadata(nullptr)}
  0x000076dc8cf18f88: ffff 48ba | 0000 0000 | 0000 0000 | b800 0f05 

  0x000076dc8cf18f98: ;   {runtime_call load_klass_patching Runtime1 stub}
  0x000076dc8cf18f98: 0ae8 e2ba 

  0x000076dc8cf18f9c: ; ImmutableOopMap {[176]=Oop [208]=Oop [216]=Oop [224]=Oop [232]=Oop [296]=Oop }
                      ;*new {reexecute=1 rethrow=0 return_oop=0}
                      ; - (reexecute) kotlin.jvm.internal.Intrinsics::throwParameterIsNullNPE@0 (line 140)
                      ; - kotlin.jvm.internal.Intrinsics::checkNotNullParameter@5 (line 131)
                      ; - kotlin.ResultKt::createFailure@3
                      ; - kotlinx.coroutines.DispatchedTask::run@246 (line 232)
  0x000076dc8cf18f9c: 0507 e9e5 | eaff ff48 

  0x000076dc8cf18fa4: ;   {runtime_call fast_new_instance Runtime1 stub}
  0x000076dc8cf18fa4: 8bd2 e8d5 

  0x000076dc8cf18fa8: ; ImmutableOopMap {[176]=Oop [208]=Oop [216]=Oop [224]=Oop [232]=Oop [296]=Oop }
                      ;*new {reexecute=0 rethrow=0 return_oop=0}
                      ; - kotlin.jvm.internal.Intrinsics::throwParameterIsNullNPE@0 (line 140)
                      ; - kotlin.jvm.internal.Intrinsics::checkNotNullParameter@5 (line 131)
                      ; - kotlin.ResultKt::createFailure@3
                      ; - kotlinx.coroutines.DispatchedTask::run@246 (line 232)
  0x000076dc8cf18fa8: 7e05 07e9 | 34eb ffff 

  0x000076dc8cf18fb0: ;   {metadata({method} {0x000076dc1c41d110} 'sanitizeStackTrace' '(Ljava/lang/Throwable;)Ljava/lang/Throwable;' in 'kotlin/jvm/internal/Intrinsics')}
  0x000076dc8cf18fb0: 49ba 10d1 | 411c dc76 | 0000 4c89 | 5424 0848 | c704 24ff 

  0x000076dc8cf18fc4: ;   {runtime_call counter_overflow Runtime1 stub}
  0x000076dc8cf18fc4: ffff ffe8 

  0x000076dc8cf18fc8: ; ImmutableOopMap {[176]=Oop [208]=Oop [216]=Oop [224]=Oop [232]=Oop [296]=Oop [304]=Oop }
                      ;*synchronization entry
                      ; - kotlin.jvm.internal.Intrinsics::sanitizeStackTrace@-1 (line 253)
                      ; - kotlin.jvm.internal.Intrinsics::throwParameterIsNullNPE@11 (line 140)
                      ; - kotlin.jvm.internal.Intrinsics::checkNotNullParameter@5 (line 131)
                      ; - kotlin.ResultKt::createFailure@3
                      ; - kotlinx.coroutines.DispatchedTask::run@246 (line 232)
  0x000076dc8cf18fc8: b4c9 0507 | e9bc ebff 

  0x000076dc8cf18fd0: ;   {metadata({method} {0x000076dc26b49be0} 'getName' '()Ljava/lang/String;' in 'java/lang/Class')}
  0x000076dc8cf18fd0: ff49 bae0 | 9bb4 26dc | 7600 004c | 8954 2408 | 48c7 0424 | ffff ffff 

  0x000076dc8cf18fe8: ;   {runtime_call counter_overflow Runtime1 stub}
  0x000076dc8cf18fe8: e893 c905 

  0x000076dc8cf18fec: ; ImmutableOopMap {rsi=Oop [176]=Oop [208]=Oop [216]=Oop [224]=Oop [232]=Oop [296]=Oop [304]=Oop }
                      ;*synchronization entry
                      ; - java.lang.Class::getName@-1 (line 947)
                      ; - kotlin.jvm.internal.Intrinsics::sanitizeStackTrace@3 (line 253)
                      ; - kotlin.jvm.internal.Intrinsics::throwParameterIsNullNPE@11 (line 140)
                      ; - kotlin.jvm.internal.Intrinsics::checkNotNullParameter@5 (line 131)
                      ; - kotlin.ResultKt::createFailure@3
                      ; - kotlinx.coroutines.DispatchedTask::run@246 (line 232)
  0x000076dc8cf18fec: 07e9 e1eb 

  0x000076dc8cf18ff0: ;   {runtime_call throw_null_pointer_exception Runtime1 stub}
  0x000076dc8cf18ff0: ffff e889 

  0x000076dc8cf18ff4: ; ImmutableOopMap {[176]=Oop [208]=Oop [216]=Oop [224]=Oop [232]=Oop [296]=Oop [304]=Oop }
                      ;*getfield name {reexecute=1 rethrow=0 return_oop=0}
                      ; - (reexecute) java.lang.Class::getName@1 (line 947)
                      ; - kotlin.jvm.internal.Intrinsics::sanitizeStackTrace@3 (line 253)
                      ; - kotlin.jvm.internal.Intrinsics::throwParameterIsNullNPE@11 (line 140)
                      ; - kotlin.jvm.internal.Intrinsics::checkNotNullParameter@5 (line 131)
                      ; - kotlin.ResultKt::createFailure@3
                      ; - kotlinx.coroutines.DispatchedTask::run@246 (line 232)
  0x000076dc8cf18ff4: 7005 0748 

  0x000076dc8cf18ff8: ;   {runtime_call fast_new_instance Runtime1 stub}
  0x000076dc8cf18ff8: 8bd2 e881 

  0x000076dc8cf18ffc: ; ImmutableOopMap {rbx=Oop [176]=Oop [208]=Oop [216]=Oop [224]=Oop [232]=Oop [296]=Oop }
                      ;*new {reexecute=0 rethrow=0 return_oop=0}
                      ; - kotlin.ResultKt::createFailure@6 (line 122)
                      ; - kotlinx.coroutines.DispatchedTask::run@246 (line 232)
  0x000076dc8cf18ffc: 7e05 07e9 | afec ffff 

  0x000076dc8cf19004: ;   {metadata({method} {0x000076dc1c62b958} '<init>' '(Ljava/lang/Throwable;)V' in 'kotlin/Result$Failure')}
  0x000076dc8cf19004: 49ba 58b9 | 621c dc76 | 0000 4c89 | 5424 0848 | c704 24ff 

  0x000076dc8cf19018: ;   {runtime_call counter_overflow Runtime1 stub}
  0x000076dc8cf19018: ffff ffe8 

  0x000076dc8cf1901c: ; ImmutableOopMap {rbx=Oop rax=Oop [176]=Oop [208]=Oop [216]=Oop [224]=Oop [232]=Oop [296]=Oop [320]=Oop }
                      ;*synchronization entry
                      ; - kotlin.Result$Failure::<init>@-1
                      ; - kotlin.ResultKt::createFailure@11 (line 122)
                      ; - kotlinx.coroutines.DispatchedTask::run@246 (line 232)
  0x000076dc8cf1901c: 60c9 0507 | e9d2 ecff 

  0x000076dc8cf19024: ;   {metadata({method} {0x000076dc1c41bd20} 'checkNotNullParameter' '(Ljava/lang/Object;Ljava/lang/String;)V' in 'kotlin/jvm/internal/Intrinsics')}
  0x000076dc8cf19024: ff49 ba20 | bd41 1cdc | 7600 004c | 8954 2408 | 48c7 0424 | ffff ffff 

  0x000076dc8cf1903c: ;   {runtime_call counter_overflow Runtime1 stub}
  0x000076dc8cf1903c: e83f c905 

  0x000076dc8cf19040: ; ImmutableOopMap {rbx=Oop rax=Oop [176]=Oop [208]=Oop [216]=Oop [224]=Oop [232]=Oop [296]=Oop [320]=Oop }
                      ;*synchronization entry
                      ; - kotlin.jvm.internal.Intrinsics::checkNotNullParameter@-1 (line 130)
                      ; - kotlin.Result$Failure::<init>@3
                      ; - kotlin.ResultKt::createFailure@11 (line 122)
                      ; - kotlinx.coroutines.DispatchedTask::run@246 (line 232)
  0x000076dc8cf19040: 07e9 eaec 

  0x000076dc8cf19044: ;   {metadata({method} {0x000076dc1c41bed0} 'throwParameterIsNullNPE' '(Ljava/lang/String;)V' in 'kotlin/jvm/internal/Intrinsics')}
  0x000076dc8cf19044: ffff 49ba | d0be 411c | dc76 0000 | 4c89 5424 | 0848 c704 | 24ff ffff 

  0x000076dc8cf1905c: ;   {runtime_call counter_overflow Runtime1 stub}
  0x000076dc8cf1905c: ffe8 1ec9 

  0x000076dc8cf19060: ; ImmutableOopMap {[176]=Oop [208]=Oop [216]=Oop [224]=Oop [232]=Oop [296]=Oop [320]=Oop }
                      ;*synchronization entry
                      ; - kotlin.jvm.internal.Intrinsics::throwParameterIsNullNPE@-1 (line 140)
                      ; - kotlin.jvm.internal.Intrinsics::checkNotNullParameter@5 (line 131)
                      ; - kotlin.Result$Failure::<init>@3
                      ; - kotlin.ResultKt::createFailure@11 (line 122)
                      ; - kotlinx.coroutines.DispatchedTask::run@246 (line 232)
  0x000076dc8cf19060: 0507 e931 

  0x000076dc8cf19064: ;   {metadata(nullptr)}
  0x000076dc8cf19064: edff ff48 | ba00 0000 | 0000 0000 | 00b8 000f 

  0x000076dc8cf19074: ;   {runtime_call load_klass_patching Runtime1 stub}
  0x000076dc8cf19074: 050a e805 

  0x000076dc8cf19078: ; ImmutableOopMap {[176]=Oop [208]=Oop [216]=Oop [224]=Oop [232]=Oop [296]=Oop [320]=Oop }
                      ;*new {reexecute=1 rethrow=0 return_oop=0}
                      ; - (reexecute) kotlin.jvm.internal.Intrinsics::throwParameterIsNullNPE@0 (line 140)
                      ; - kotlin.jvm.internal.Intrinsics::checkNotNullParameter@5 (line 131)
                      ; - kotlin.Result$Failure::<init>@3
                      ; - kotlin.ResultKt::createFailure@11 (line 122)
                      ; - kotlinx.coroutines.DispatchedTask::run@246 (line 232)
  0x000076dc8cf19078: ba05 07e9 | 18ed ffff 

  0x000076dc8cf19080: ;   {runtime_call fast_new_instance Runtime1 stub}
  0x000076dc8cf19080: 488b d2e8 

  0x000076dc8cf19084: ; ImmutableOopMap {[176]=Oop [208]=Oop [216]=Oop [224]=Oop [232]=Oop [296]=Oop [320]=Oop }
                      ;*new {reexecute=0 rethrow=0 return_oop=0}
                      ; - kotlin.jvm.internal.Intrinsics::throwParameterIsNullNPE@0 (line 140)
                      ; - kotlin.jvm.internal.Intrinsics::checkNotNullParameter@5 (line 131)
                      ; - kotlin.Result$Failure::<init>@3
                      ; - kotlin.ResultKt::createFailure@11 (line 122)
                      ; - kotlinx.coroutines.DispatchedTask::run@246 (line 232)
  0x000076dc8cf19084: f87d 0507 | e967 edff 

  0x000076dc8cf1908c: ;   {metadata({method} {0x000076dc1c41d110} 'sanitizeStackTrace' '(Ljava/lang/Throwable;)Ljava/lang/Throwable;' in 'kotlin/jvm/internal/Intrinsics')}
  0x000076dc8cf1908c: ff49 ba10 | d141 1cdc | 7600 004c | 8954 2408 | 48c7 0424 | ffff ffff 

  0x000076dc8cf190a4: ;   {runtime_call counter_overflow Runtime1 stub}
  0x000076dc8cf190a4: e8d7 c805 

  0x000076dc8cf190a8: ; ImmutableOopMap {[176]=Oop [208]=Oop [216]=Oop [224]=Oop [232]=Oop [296]=Oop [312]=Oop [320]=Oop }
                      ;*synchronization entry
                      ; - kotlin.jvm.internal.Intrinsics::sanitizeStackTrace@-1 (line 253)
                      ; - kotlin.jvm.internal.Intrinsics::throwParameterIsNullNPE@11 (line 140)
                      ; - kotlin.jvm.internal.Intrinsics::checkNotNullParameter@5 (line 131)
                      ; - kotlin.Result$Failure::<init>@3
                      ; - kotlin.ResultKt::createFailure@11 (line 122)
                      ; - kotlinx.coroutines.DispatchedTask::run@246 (line 232)
  0x000076dc8cf190a8: 07e9 efed 

  0x000076dc8cf190ac: ;   {metadata({method} {0x000076dc26b49be0} 'getName' '()Ljava/lang/String;' in 'java/lang/Class')}
  0x000076dc8cf190ac: ffff 49ba | e09b b426 | dc76 0000 | 4c89 5424 | 0848 c704 | 24ff ffff 

  0x000076dc8cf190c4: ;   {runtime_call counter_overflow Runtime1 stub}
  0x000076dc8cf190c4: ffe8 b6c8 

  0x000076dc8cf190c8: ; ImmutableOopMap {rsi=Oop [176]=Oop [208]=Oop [216]=Oop [224]=Oop [232]=Oop [296]=Oop [312]=Oop [320]=Oop }
                      ;*synchronization entry
                      ; - java.lang.Class::getName@-1 (line 947)
                      ; - kotlin.jvm.internal.Intrinsics::sanitizeStackTrace@3 (line 253)
                      ; - kotlin.jvm.internal.Intrinsics::throwParameterIsNullNPE@11 (line 140)
                      ; - kotlin.jvm.internal.Intrinsics::checkNotNullParameter@5 (line 131)
                      ; - kotlin.Result$Failure::<init>@3
                      ; - kotlin.ResultKt::createFailure@11 (line 122)
                      ; - kotlinx.coroutines.DispatchedTask::run@246 (line 232)
  0x000076dc8cf190c8: 0507 e914 

  0x000076dc8cf190cc: ;   {runtime_call throw_null_pointer_exception Runtime1 stub}
  0x000076dc8cf190cc: eeff ffe8 

  0x000076dc8cf190d0: ; ImmutableOopMap {[176]=Oop [208]=Oop [216]=Oop [224]=Oop [232]=Oop [296]=Oop [312]=Oop [320]=Oop }
                      ;*getfield name {reexecute=1 rethrow=0 return_oop=0}
                      ; - (reexecute) java.lang.Class::getName@1 (line 947)
                      ; - kotlin.jvm.internal.Intrinsics::sanitizeStackTrace@3 (line 253)
                      ; - kotlin.jvm.internal.Intrinsics::throwParameterIsNullNPE@11 (line 140)
                      ; - kotlin.jvm.internal.Intrinsics::checkNotNullParameter@5 (line 131)
                      ; - kotlin.Result$Failure::<init>@3
                      ; - kotlin.ResultKt::createFailure@11 (line 122)
                      ; - kotlinx.coroutines.DispatchedTask::run@246 (line 232)
  0x000076dc8cf190d0: ac6f 0507 

  0x000076dc8cf190d4: ;   {metadata({method} {0x000076dc26b55e08} '<init>' '()V' in 'java/lang/Object')}
  0x000076dc8cf190d4: 49ba 085e | b526 dc76 | 0000 4c89 | 5424 0848 | c704 24ff 

  0x000076dc8cf190e8: ;   {runtime_call counter_overflow Runtime1 stub}
  0x000076dc8cf190e8: ffff ffe8 

  0x000076dc8cf190ec: ; ImmutableOopMap {rbx=Oop rax=Oop [176]=Oop [208]=Oop [216]=Oop [224]=Oop [232]=Oop [296]=Oop [320]=Oop }
                      ;*synchronization entry
                      ; - java.lang.Object::<init>@-1 (line 45)
                      ; - kotlin.Result$Failure::<init>@7 (line 105)
                      ; - kotlin.ResultKt::createFailure@11 (line 122)
                      ; - kotlinx.coroutines.DispatchedTask::run@246 (line 232)
  0x000076dc8cf190ec: 90c8 0507 | e9bb eeff | ff8b 500c | 48c1 e203 | 4883 fa00 | 0f84 b7ee | ffff 4889 

  0x000076dc8cf19108: ;   {runtime_call g1_pre_barrier_slow}
  0x000076dc8cf19108: 1424 e871 | ce05 07e9 | a9ee ffff | 4883 fb00 | 0f84 beee | ffff 4889 

  0x000076dc8cf19120: ;   {runtime_call g1_post_barrier_slow}
  0x000076dc8cf19120: 0424 e859 | d105 07e9 | b0ee ffff 

  0x000076dc8cf1912c: ;   {metadata({method} {0x000076dc1c6298a8} 'constructor-impl' '(Ljava/lang/Object;)Ljava/lang/Object;' in 'kotlin/Result')}
  0x000076dc8cf1912c: 49ba a898 | 621c dc76 | 0000 4c89 | 5424 0848 | c704 24ff 

  0x000076dc8cf19140: ;   {runtime_call counter_overflow Runtime1 stub}
  0x000076dc8cf19140: ffff ffe8 

  0x000076dc8cf19144: ; ImmutableOopMap {rax=Oop [176]=Oop [208]=Oop [216]=Oop [224]=Oop [232]=Oop [320]=Oop }
                      ;*synchronization entry
                      ; - kotlin.Result::constructor-impl@-1
                      ; - kotlinx.coroutines.DispatchedTask::run@249 (line 232)
  0x000076dc8cf19144: 38c8 0507 | e9c8 eeff 

  0x000076dc8cf1914c: ;   {runtime_call throw_null_pointer_exception Runtime1 stub}
  0x000076dc8cf1914c: ffe8 2e6f 

  0x000076dc8cf19150: ; ImmutableOopMap {rax=Oop [176]=Oop [216]=Oop [224]=Oop }
                      ;*invokevirtual clearThreadContext {reexecute=0 rethrow=0 return_oop=0}
                      ; - kotlinx.coroutines.DispatchedTask::run@319 (line 236)
                      ;   {internal_word}
  0x000076dc8cf19150: 0507 49ba | bc81 f18c | dc76 0000 | 4d89 9760 

  0x000076dc8cf19160: ;   {runtime_call SafepointBlob}
  0x000076dc8cf19160: 0400 00e9 | 98ae f906 | 4889 0424 

  0x000076dc8cf1916c: ;   {runtime_call throw_class_cast_exception Runtime1 stub}
  0x000076dc8cf1916c: e80f 9d05 

  0x000076dc8cf19170: ; ImmutableOopMap {rsi=Oop [176]=Oop [208]=Oop [216]=Oop [224]=Oop [232]=Oop [296]=Oop [320]=Oop }
                      ;*checkcast {reexecute=0 rethrow=0 return_oop=0}
                      ; - kotlin.jvm.internal.Intrinsics::throwParameterIsNullNPE@14 (line 140)
                      ; - kotlin.jvm.internal.Intrinsics::checkNotNullParameter@5 (line 131)
                      ; - kotlin.Result$Failure::<init>@3
                      ; - kotlin.ResultKt::createFailure@11 (line 122)
                      ; - kotlinx.coroutines.DispatchedTask::run@246 (line 232)
                      ;   {runtime_call throw_null_pointer_exception Runtime1 stub}
  0x000076dc8cf19170: 07e8 0a6f 

  0x000076dc8cf19174: ; ImmutableOopMap {rsi=Oop rax=Oop [176]=Oop [208]=Oop [216]=Oop [224]=Oop [232]=Oop [296]=Oop [320]=Oop }
                      ;*athrow {reexecute=1 rethrow=0 return_oop=0}
                      ; - (reexecute) kotlin.jvm.internal.Intrinsics::throwParameterIsNullNPE@17 (line 140)
                      ; - kotlin.jvm.internal.Intrinsics::checkNotNullParameter@5 (line 131)
                      ; - kotlin.Result$Failure::<init>@3
                      ; - kotlin.ResultKt::createFailure@11 (line 122)
                      ; - kotlinx.coroutines.DispatchedTask::run@246 (line 232)
  0x000076dc8cf19174: 0507 4889 

  0x000076dc8cf19178: ;   {runtime_call throw_class_cast_exception Runtime1 stub}
  0x000076dc8cf19178: 0424 e801 

  0x000076dc8cf1917c: ; ImmutableOopMap {rsi=Oop [176]=Oop [208]=Oop [216]=Oop [224]=Oop [232]=Oop [296]=Oop }
                      ;*checkcast {reexecute=0 rethrow=0 return_oop=0}
                      ; - kotlin.jvm.internal.Intrinsics::throwParameterIsNullNPE@14 (line 140)
                      ; - kotlin.jvm.internal.Intrinsics::checkNotNullParameter@5 (line 131)
                      ; - kotlin.ResultKt::createFailure@3
                      ; - kotlinx.coroutines.DispatchedTask::run@246 (line 232)
                      ;   {runtime_call throw_null_pointer_exception Runtime1 stub}
  0x000076dc8cf1917c: 9d05 07e8 

  0x000076dc8cf19180: ; ImmutableOopMap {rsi=Oop rax=Oop [176]=Oop [208]=Oop [216]=Oop [224]=Oop [232]=Oop [296]=Oop }
                      ;*athrow {reexecute=1 rethrow=0 return_oop=0}
                      ; - (reexecute) kotlin.jvm.internal.Intrinsics::throwParameterIsNullNPE@17 (line 140)
                      ; - kotlin.jvm.internal.Intrinsics::checkNotNullParameter@5 (line 131)
                      ; - kotlin.ResultKt::createFailure@3
                      ; - kotlinx.coroutines.DispatchedTask::run@246 (line 232)
  0x000076dc8cf19180: fc6e 0507 | 4889 0424 

  0x000076dc8cf19188: ;   {runtime_call throw_class_cast_exception Runtime1 stub}
  0x000076dc8cf19188: e8f3 9c05 

  0x000076dc8cf1918c: ; ImmutableOopMap {rsi=Oop [176]=Oop [208]=Oop [216]=Oop [224]=Oop [232]=Oop [256]=Oop [288]=Oop }
                      ;*checkcast {reexecute=0 rethrow=0 return_oop=0}
                      ; - kotlin.jvm.internal.Intrinsics::throwParameterIsNullNPE@14 (line 140)
                      ; - kotlin.jvm.internal.Intrinsics::checkNotNullParameter@5 (line 131)
                      ; - kotlin.Result$Failure::<init>@3
                      ; - kotlin.ResultKt::createFailure@11 (line 122)
                      ; - kotlinx.coroutines.DispatchedTask::run@273 (line 98)
                      ;   {runtime_call throw_null_pointer_exception Runtime1 stub}
  0x000076dc8cf1918c: 07e8 ee6e 

  0x000076dc8cf19190: ; ImmutableOopMap {rsi=Oop rax=Oop [176]=Oop [208]=Oop [216]=Oop [224]=Oop [232]=Oop [256]=Oop [288]=Oop }
                      ;*athrow {reexecute=1 rethrow=0 return_oop=0}
                      ; - (reexecute) kotlin.jvm.internal.Intrinsics::throwParameterIsNullNPE@17 (line 140)
                      ; - kotlin.jvm.internal.Intrinsics::checkNotNullParameter@5 (line 131)
                      ; - kotlin.Result$Failure::<init>@3
                      ; - kotlin.ResultKt::createFailure@11 (line 122)
                      ; - kotlinx.coroutines.DispatchedTask::run@273 (line 98)
  0x000076dc8cf19190: 0507 4889 

  0x000076dc8cf19194: ;   {runtime_call throw_class_cast_exception Runtime1 stub}
  0x000076dc8cf19194: 0424 e8e5 

  0x000076dc8cf19198: ; ImmutableOopMap {rsi=Oop rdi=Oop [176]=Oop [216]=Oop [224]=Oop [232]=Oop [256]=Oop }
                      ;*checkcast {reexecute=0 rethrow=0 return_oop=0}
                      ; - kotlin.jvm.internal.Intrinsics::throwParameterIsNullNPE@14 (line 140)
                      ; - kotlin.jvm.internal.Intrinsics::checkNotNullParameter@5 (line 131)
                      ; - kotlin.ResultKt::createFailure@3
                      ; - kotlinx.coroutines.DispatchedTask::run@273 (line 98)
                      ;   {runtime_call throw_null_pointer_exception Runtime1 stub}
  0x000076dc8cf19198: 9c05 07e8 

  0x000076dc8cf1919c: ; ImmutableOopMap {rsi=Oop rdi=Oop rax=Oop [176]=Oop [216]=Oop [224]=Oop [232]=Oop [256]=Oop }
                      ;*athrow {reexecute=1 rethrow=0 return_oop=0}
                      ; - (reexecute) kotlin.jvm.internal.Intrinsics::throwParameterIsNullNPE@17 (line 140)
                      ; - kotlin.jvm.internal.Intrinsics::checkNotNullParameter@5 (line 131)
                      ; - kotlin.ResultKt::createFailure@3
                      ; - kotlinx.coroutines.DispatchedTask::run@273 (line 98)
  0x000076dc8cf1919c: e06e 0507 

  0x000076dc8cf191a0: ;   {runtime_call throw_null_pointer_exception Runtime1 stub}
  0x000076dc8cf191a0: e8db 6e05 

  0x000076dc8cf191a4: ; ImmutableOopMap {rsi=Oop [176]=Oop [216]=Oop [224]=Oop [328]=Oop }
                      ;*invokevirtual clearThreadContext {reexecute=0 rethrow=0 return_oop=0}
                      ; - kotlinx.coroutines.DispatchedTask::run@344 (line 236)
  0x000076dc8cf191a4: 0748 8904 

  0x000076dc8cf191a8: ;   {runtime_call throw_class_cast_exception Runtime1 stub}
  0x000076dc8cf191a8: 24e8 d29c 

  0x000076dc8cf191ac: ; ImmutableOopMap {rsi=Oop [176]=Oop [184]=Oop }
                      ;*checkcast {reexecute=0 rethrow=0 return_oop=0}
                      ; - kotlin.jvm.internal.Intrinsics::throwJavaNpe@11 (line 50)
                      ; - kotlin.jvm.internal.Intrinsics::checkNotNull@5 (line 31)
                      ; - kotlinx.coroutines.DispatchedTask::run@40 (line 80)
                      ;   {runtime_call throw_null_pointer_exception Runtime1 stub}
  0x000076dc8cf191ac: 0507 e8cd 

  0x000076dc8cf191b0: ; ImmutableOopMap {rsi=Oop rax=Oop [176]=Oop [184]=Oop }
                      ;*athrow {reexecute=1 rethrow=0 return_oop=0}
                      ; - (reexecute) kotlin.jvm.internal.Intrinsics::throwJavaNpe@14 (line 50)
                      ; - kotlin.jvm.internal.Intrinsics::checkNotNull@5 (line 31)
                      ; - kotlinx.coroutines.DispatchedTask::run@40 (line 80)
                      ;   {internal_word}
  0x000076dc8cf191b0: 6e05 0749 | baf4 88f1 | 8cdc 7600 | 004d 8997 | 6004 0000 

  0x000076dc8cf191c4: ;   {runtime_call SafepointBlob}
  0x000076dc8cf191c4: e937 aef9 

  0x000076dc8cf191c8: ;   {runtime_call throw_null_pointer_exception Runtime1 stub}
  0x000076dc8cf191c8: 06e8 b26e 

  0x000076dc8cf191cc: ; ImmutableOopMap {rax=Oop [336]=Oop }
                      ;*invokeinterface getContext {reexecute=0 rethrow=0 return_oop=0}
                      ; - kotlinx.coroutines.DispatchedTask::run@365 (line 105)
                      ;   {internal_word}
  0x000076dc8cf191cc: 0507 49ba | 748b f18c | dc76 0000 | 4d89 9760 

  0x000076dc8cf191dc: ;   {runtime_call SafepointBlob}
  0x000076dc8cf191dc: 0400 00e9 | 1cae f906 | 498b 87f8 | 0400 0049 | c787 f804 | 0000 0000 | 0000 49c7 | 8700 0500 
  0x000076dc8cf191fc: 0000 0000 | 0048 81c4 | 7001 0000 

  0x000076dc8cf19208: ;   {runtime_call unwind_exception Runtime1 stub}
  0x000076dc8cf19208: 5de9 f25a | 0507 f4f4 
[Stub Code]
  0x000076dc8cf19210: ;   {no_reloc}
  0x000076dc8cf19210: 0f1f 4400 

  0x000076dc8cf19214: ;   {static_stub}
  0x000076dc8cf19214: 0048 bb00 | 0000 0000 

  0x000076dc8cf1921c: ;   {runtime_call nmethod}
  0x000076dc8cf1921c: 0000 00e9 | fbff ffff 

  0x000076dc8cf19224: ;   {static_stub}
  0x000076dc8cf19224: 9048 bb00 | 0000 0000 

  0x000076dc8cf1922c: ;   {runtime_call nmethod}
  0x000076dc8cf1922c: 0000 00e9 | fbff ffff 

  0x000076dc8cf19234: ;   {static_stub}
  0x000076dc8cf19234: 9048 bb00 | 0000 0000 

  0x000076dc8cf1923c: ;   {runtime_call nmethod}
  0x000076dc8cf1923c: 0000 00e9 | fbff ffff 

  0x000076dc8cf19244: ;   {static_stub}
  0x000076dc8cf19244: 9048 bb00 | 0000 0000 

  0x000076dc8cf1924c: ;   {runtime_call nmethod}
  0x000076dc8cf1924c: 0000 00e9 | fbff ffff 

  0x000076dc8cf19254: ;   {static_stub}
  0x000076dc8cf19254: 9048 bb00 | 0000 0000 

  0x000076dc8cf1925c: ;   {runtime_call nmethod}
  0x000076dc8cf1925c: 0000 00e9 | fbff ffff 

  0x000076dc8cf19264: ;   {static_stub}
  0x000076dc8cf19264: 9048 bb00 | 0000 0000 

  0x000076dc8cf1926c: ;   {runtime_call nmethod}
  0x000076dc8cf1926c: 0000 00e9 | fbff ffff 

  0x000076dc8cf19274: ;   {static_stub}
  0x000076dc8cf19274: 9048 bb00 | 0000 0000 

  0x000076dc8cf1927c: ;   {runtime_call nmethod}
  0x000076dc8cf1927c: 0000 00e9 | fbff ffff 

  0x000076dc8cf19284: ;   {static_stub}
  0x000076dc8cf19284: 9048 bb00 | 0000 0000 

  0x000076dc8cf1928c: ;   {runtime_call nmethod}
  0x000076dc8cf1928c: 0000 00e9 | fbff ffff 

  0x000076dc8cf19294: ;   {static_stub}
  0x000076dc8cf19294: 9048 bb00 | 0000 0000 

  0x000076dc8cf1929c: ;   {runtime_call nmethod}
  0x000076dc8cf1929c: 0000 00e9 | fbff ffff 

  0x000076dc8cf192a4: ;   {static_stub}
  0x000076dc8cf192a4: 9048 bb00 | 0000 0000 

  0x000076dc8cf192ac: ;   {runtime_call nmethod}
  0x000076dc8cf192ac: 0000 00e9 | fbff ffff 

  0x000076dc8cf192b4: ;   {static_stub}
  0x000076dc8cf192b4: 9048 bbe0 | 9860 1cdc 

  0x000076dc8cf192bc: ;   {runtime_call I2C/C2I adapters}
  0x000076dc8cf192bc: 7600 00e9 | 9f8a f906 

  0x000076dc8cf192c4: ;   {static_stub}
  0x000076dc8cf192c4: 9048 bb00 | 0000 0000 

  0x000076dc8cf192cc: ;   {runtime_call nmethod}
  0x000076dc8cf192cc: 0000 00e9 | fbff ffff 

  0x000076dc8cf192d4: ;   {static_stub}
  0x000076dc8cf192d4: 9048 bb00 | 0000 0000 

  0x000076dc8cf192dc: ;   {runtime_call nmethod}
  0x000076dc8cf192dc: 0000 00e9 | fbff ffff 

  0x000076dc8cf192e4: ;   {static_stub}
  0x000076dc8cf192e4: 9048 bb00 | 0000 0000 

  0x000076dc8cf192ec: ;   {runtime_call nmethod}
  0x000076dc8cf192ec: 0000 00e9 | fbff ffff 

  0x000076dc8cf192f4: ;   {static_stub}
  0x000076dc8cf192f4: 9048 bb00 | 0000 0000 

  0x000076dc8cf192fc: ;   {runtime_call nmethod}
  0x000076dc8cf192fc: 0000 00e9 | fbff ffff 

  0x000076dc8cf19304: ;   {static_stub}
  0x000076dc8cf19304: 9048 bb00 | 0000 0000 

  0x000076dc8cf1930c: ;   {runtime_call nmethod}
  0x000076dc8cf1930c: 0000 00e9 | fbff ffff 

  0x000076dc8cf19314: ;   {static_stub}
  0x000076dc8cf19314: 9048 bb00 | 0000 0000 

  0x000076dc8cf1931c: ;   {runtime_call nmethod}
  0x000076dc8cf1931c: 0000 00e9 | fbff ffff 

  0x000076dc8cf19324: ;   {static_stub}
  0x000076dc8cf19324: 48bb 0000 | 0000 0000 

  0x000076dc8cf1932c: ;   {runtime_call nmethod}
  0x000076dc8cf1932c: 0000 e9fb 

  0x000076dc8cf19330: ;   {static_stub}
  0x000076dc8cf19330: ffff ff48 | bb00 0000 | 0000 0000 

  0x000076dc8cf1933c: ;   {runtime_call nmethod}
  0x000076dc8cf1933c: 00e9 fbff 

  0x000076dc8cf19340: ;   {static_stub}
  0x000076dc8cf19340: ffff 48bb | 0000 0000 | 0000 0000 

  0x000076dc8cf1934c: ;   {runtime_call nmethod}
  0x000076dc8cf1934c: e9fb ffff 

  0x000076dc8cf19350: ;   {static_stub}
  0x000076dc8cf19350: ff48 bb00 | 0000 0000 

  0x000076dc8cf19358: ;   {runtime_call nmethod}
  0x000076dc8cf19358: 0000 00e9 | fbff ffff 

  0x000076dc8cf19360: ;   {static_stub}
  0x000076dc8cf19360: 48bb 0000 | 0000 0000 

  0x000076dc8cf19368: ;   {runtime_call nmethod}
  0x000076dc8cf19368: 0000 e9fb 

  0x000076dc8cf1936c: ;   {static_stub}
  0x000076dc8cf1936c: ffff ff48 | bb00 0000 | 0000 0000 

  0x000076dc8cf19378: ;   {runtime_call nmethod}
  0x000076dc8cf19378: 00e9 fbff 

  0x000076dc8cf1937c: ;   {static_stub}
  0x000076dc8cf1937c: ffff 48bb | 0000 0000 | 0000 0000 

  0x000076dc8cf19388: ;   {runtime_call nmethod}
  0x000076dc8cf19388: e9fb ffff 

  0x000076dc8cf1938c: ;   {static_stub}
  0x000076dc8cf1938c: ff48 bb00 | 0000 0000 

  0x000076dc8cf19394: ;   {runtime_call nmethod}
  0x000076dc8cf19394: 0000 00e9 | fbff ffff 

  0x000076dc8cf1939c: ;   {static_stub}
  0x000076dc8cf1939c: 48bb 0000 | 0000 0000 

  0x000076dc8cf193a4: ;   {runtime_call nmethod}
  0x000076dc8cf193a4: 0000 e9fb 

  0x000076dc8cf193a8: ;   {runtime_call handle_exception_from_callee Runtime1 stub}
  0x000076dc8cf193a8: ffff ffe8 | d094 0507 

  0x000076dc8cf193b0: ;   {external_word}
  0x000076dc8cf193b0: 48bf d2d4 | 53a7 dc76 | 0000 4883 

  0x000076dc8cf193bc: ;   {runtime_call MacroAssembler::debug64(char*, long, long*)}
  0x000076dc8cf193bc: e4f0 e8dd | c60e 1af4 
[Deopt Handler Code]
  0x000076dc8cf193c4: ;   {section_word}
  0x000076dc8cf193c4: 49ba c493 | f18c dc76 | 0000 4152 

  0x000076dc8cf193d0: ;   {runtime_call DeoptimizationBlob}
  0x000076dc8cf193d0: e9cb 9ef9 | 06f4 f4f4 
[/MachCode]


---------------  P R O C E S S  ---------------

Threads class SMR info:
_java_thread_list=0x000076dba8001d80, length=26, elements={
0x000076dca002e400, 0x000076dca012e5f0, 0x000076dca0131830, 0x000076dca0132da0,
0x000076dca0134520, 0x000076dca0135b60, 0x000076dca01370f0, 0x000076dca0138ca0,
0x000076dca013a350, 0x000076dca0149660, 0x000076dca04fce30, 0x000076dca04fe160,
0x000076dca0604ec0, 0x000076dca0920b70, 0x000076dca0921620, 0x000076dba4000fc0,
0x000076dca092a1f0, 0x000076dba400e950, 0x000076dca0a4e900, 0x000076dca0a501e0,
0x000076db5832c310, 0x000076db58e4c3b0, 0x000076db50001d20, 0x000076dbf42d79a0,
0x000076db34003020, 0x000076dba8001130
}

Java Threads: ( => current thread )
  0x000076dca002e400 JavaThread "main"                              [_thread_blocked, id=37133, stack(0x000076dca61f3000,0x000076dca62f3000) (1024K)]
  0x000076dca012e5f0 JavaThread "Common-Cleaner"             daemon [_thread_blocked, id=37141, stack(0x000076dc25dff000,0x000076dc25eff000) (1024K)]
  0x000076dca0131830 JavaThread "Reference Handler"          daemon [_thread_blocked, id=37142, stack(0x000076dc25700000,0x000076dc25800000) (1024K)]
  0x000076dca0132da0 JavaThread "Finalizer"                  daemon [_thread_blocked, id=37143, stack(0x000076dc25600000,0x000076dc25700000) (1024K)]
  0x000076dca0134520 JavaThread "Signal Dispatcher"          daemon [_thread_blocked, id=37144, stack(0x000076dc25500000,0x000076dc25600000) (1024K)]
  0x000076dca0135b60 JavaThread "Service Thread"             daemon [_thread_blocked, id=37145, stack(0x000076dc25400000,0x000076dc25500000) (1024K)]
  0x000076dca01370f0 JavaThread "Monitor Deflation Thread"   daemon [_thread_blocked, id=37146, stack(0x000076dc25300000,0x000076dc25400000) (1024K)]
  0x000076dca0138ca0 JavaThread "C2 CompilerThread0"         daemon [_thread_blocked, id=37147, stack(0x000076dc25200000,0x000076dc25300000) (1024K)]
  0x000076dca013a350 JavaThread "C1 CompilerThread0"         daemon [_thread_blocked, id=37148, stack(0x000076dc25100000,0x000076dc25200000) (1024K)]
  0x000076dca0149660 JavaThread "Notification Thread"        daemon [_thread_blocked, id=37149, stack(0x000076dc24f2f000,0x000076dc2502f000) (1024K)]
  0x000076dca04fce30 JavaThread "Java2D Disposer"            daemon [_thread_blocked, id=37154, stack(0x000076dc240ba000,0x000076dc241ba000) (1024K)]
  0x000076dca04fe160 JavaThread "AWT-XAWT"                   daemon [_thread_in_native, id=37155, stack(0x000076dbe2500000,0x000076dbe2600000) (1024K)]
  0x000076dca0604ec0 JavaThread "SystemPropertyWatcher"      daemon [_thread_blocked, id=37160, stack(0x000076dbe0095000,0x000076dbe0195000) (1024K)]
=>0x000076dca0920b70 JavaThread "DefaultDispatcher-worker-1" daemon [_thread_in_native, id=37167, stack(0x000076dbd09a7000,0x000076dbd0aa7000) (1024K)]
  0x000076dca0921620 JavaThread "DefaultDispatcher-worker-2" daemon [_thread_in_native, id=37168, stack(0x000076dbd08a7000,0x000076dbd09a7000) (1024K)]
  0x000076dba4000fc0 JavaThread "DefaultDispatcher-worker-3" daemon [_thread_blocked, id=37169, stack(0x000076dbd07a7000,0x000076dbd08a7000) (1024K)]
  0x000076dca092a1f0 JavaThread "Reference Cleaner"          daemon [_thread_blocked, id=37170, stack(0x000076dbd06a7000,0x000076dbd07a7000) (1024K)]
  0x000076dba400e950 JavaThread "kotlinx.coroutines.DefaultExecutor" daemon [_thread_blocked, id=37185, stack(0x000076db836f8000,0x000076db837f8000) (1024K)]
  0x000076dca0a4e900 JavaThread "AWT-Shutdown"                      [_thread_blocked, id=37186, stack(0x000076db835f8000,0x000076db836f8000) (1024K)]
  0x000076dca0a501e0 JavaThread "AWT-EventQueue-0"                  [_thread_blocked, id=37187, stack(0x000076db834f8000,0x000076db835f8000) (1024K)]
  0x000076db5832c310 JavaThread "TimerQueue"                 daemon [_thread_blocked, id=37188, stack(0x000076db833f8000,0x000076db834f8000) (1024K)]
  0x000076db58e4c3b0 JavaThread "skiko-dispatcher-to-block-on" daemon [_thread_blocked, id=37190, stack(0x000076db80b01000,0x000076db80c01000) (1024K)]
  0x000076db50001d20 JavaThread "skiko-dispatcher-to-block-on" daemon [_thread_blocked, id=37196, stack(0x000076db802e1000,0x000076db803e1000) (1024K)]
  0x000076dbf42d79a0 JavaThread "C1 CompilerThread1"         daemon [_thread_blocked, id=37278, stack(0x000076dbd25fd000,0x000076dbd26fd000) (1024K)]
  0x000076db34003020 JavaThread "C2 CompilerThread1"         daemon [_thread_blocked, id=37313, stack(0x000076db80061000,0x000076db80161000) (1024K)]
  0x000076dba8001130 JavaThread "DefaultDispatcher-worker-4" daemon [_thread_in_native, id=37323, stack(0x000076db80161000,0x000076db80261000) (1024K)]
Total: 26

Other Threads:
  0x000076dca0126b20 VMThread "VM Thread"                           [id=37140, stack(0x000076dc25f00000,0x000076dc26000000) (1024K)]
  0x000076dca0114690 WatcherThread "VM Periodic Task Thread"        [id=37139, stack(0x000076dc7c062000,0x000076dc7c162000) (1024K)]
  0x000076dca0058260 WorkerThread "GC Thread#0"                     [id=37134, stack(0x000076dca4f58000,0x000076dca5058000) (1024K)]
  0x000076dc14009210 WorkerThread "GC Thread#1"                     [id=37171, stack(0x000076dbd05a7000,0x000076dbd06a7000) (1024K)]
  0x000076dc14009d40 WorkerThread "GC Thread#2"                     [id=37172, stack(0x000076dbd04a6000,0x000076dbd05a6000) (1024K)]
  0x000076dc1400a8b0 WorkerThread "GC Thread#3"                     [id=37173, stack(0x000076dbd03a5000,0x000076dbd04a5000) (1024K)]
  0x000076dc1400b420 WorkerThread "GC Thread#4"                     [id=37174, stack(0x000076dbd02a4000,0x000076dbd03a4000) (1024K)]
  0x000076dc1400bf90 WorkerThread "GC Thread#5"                     [id=37175, stack(0x000076dbd01a3000,0x000076dbd02a3000) (1024K)]
  0x000076dc1400cb30 WorkerThread "GC Thread#6"                     [id=37176, stack(0x000076dbd00a2000,0x000076dbd01a2000) (1024K)]
  0x000076dc1400d6d0 WorkerThread "GC Thread#7"                     [id=37177, stack(0x000076db83f00000,0x000076db84000000) (1024K)]
  0x000076dc1400e270 WorkerThread "GC Thread#8"                     [id=37178, stack(0x000076db83dff000,0x000076db83eff000) (1024K)]
  0x000076dc1400ee30 WorkerThread "GC Thread#9"                     [id=37179, stack(0x000076db83cfe000,0x000076db83dfe000) (1024K)]
  0x000076dc1400fa10 WorkerThread "GC Thread#10"                    [id=37180, stack(0x000076db83bfd000,0x000076db83cfd000) (1024K)]
  0x000076dc140105f0 WorkerThread "GC Thread#11"                    [id=37181, stack(0x000076db83afc000,0x000076db83bfc000) (1024K)]
  0x000076dc140111d0 WorkerThread "GC Thread#12"                    [id=37182, stack(0x000076db839fb000,0x000076db83afb000) (1024K)]
  0x000076dc14011db0 WorkerThread "GC Thread#13"                    [id=37183, stack(0x000076db838fa000,0x000076db839fa000) (1024K)]
  0x000076dc14012990 WorkerThread "GC Thread#14"                    [id=37184, stack(0x000076db837f9000,0x000076db838f9000) (1024K)]
  0x000076dca0064eb0 ConcurrentGCThread "G1 Main Marker"            [id=37135, stack(0x000076dca4e57000,0x000076dca4f57000) (1024K)]
  0x000076dca0065e80 WorkerThread "G1 Conc#0"                       [id=37136, stack(0x000076dca4d56000,0x000076dca4e56000) (1024K)]
  0x000076dc70000d60 WorkerThread "G1 Conc#1"                       [id=37191, stack(0x000076db80a01000,0x000076db80b01000) (1024K)]
  0x000076dc70001930 WorkerThread "G1 Conc#2"                       [id=37192, stack(0x000076db80900000,0x000076db80a00000) (1024K)]
  0x000076dc70002500 WorkerThread "G1 Conc#3"                       [id=37193, stack(0x000076db807ff000,0x000076db808ff000) (1024K)]
  0x000076dca00fa440 ConcurrentGCThread "G1 Refine#0"               [id=37137, stack(0x000076dc7c3ff000,0x000076dc7c4ff000) (1024K)]
  0x000076dca00fb3f0 ConcurrentGCThread "G1 Service"                [id=37138, stack(0x000076dc7c2fe000,0x000076dc7c3fe000) (1024K)]
Total: 24

Threads with active compile tasks:
Total: 0

VM state: not at safepoint (normal execution)

VM Mutex/Monitor currently owned by a thread: None

Heap address: 0x0000000527800000, size: 11656 MB, Compressed Oops mode: Zero based, Oop shift amount: 3

CDS archive(s) mapped at: [0x000076dc26000000-0x000076dc27c84000-0x000076dc27c84000), size 29900800, SharedBaseAddress: 0x000076dc26000000, ArchiveRelocationMode: 1.
Compressed class space mapped at: 0x000076dc28000000-0x000076dc68000000, reserved size: 1073741824
Narrow klass base: 0x000076dc26000000, Narrow klass shift: 0, Narrow klass range: 0x100000000

GC Precious Log:
 CardTable entry size: 512
 Card Set container configuration: InlinePtr #cards 4 size 8 Array Of Cards #cards 64 size 144 Howl #buckets 8 coarsen threshold 14745 Howl Bitmap #cards 2048 size 272 coarsen threshold 1843 Card regions per heap region 1 cards per card region 16384
 CPUs: 20 total, 20 available
 Memory: 46609M
 Large Page Support: Disabled
 NUMA Support: Disabled
 Compressed Oops: Enabled (Zero based)
 Heap Region Size: 8M
 Heap Min Capacity: 8M
 Heap Initial Capacity: 736M
 Heap Max Capacity: 11656M
 Pre-touch: Disabled
 Parallel Workers: 15
 Concurrent Workers: 4
 Concurrent Refinement Workers: 15
 Periodic GC: Disabled

Heap:
 garbage-first heap   total 81920K, used 57257K [0x0000000527800000, 0x0000000800000000)
  region size 8192K, 8 young (65536K), 1 survivors (8192K)
 Metaspace       used 34085K, committed 34624K, reserved 1114112K
  class space    used 3458K, committed 3648K, reserved 1048576K

Heap Regions: E=young(eden), S=young(survivor), O=old, HS=humongous(starts), HC=humongous(continues), CS=collection set, F=free, TAMS=top-at-mark-start, PB=parsable bottom
|   0|0x0000000527800000, 0x0000000527c119c0, 0x0000000528000000| 50%| O|Cm|TAMS 0x0000000527800000| PB 0x0000000527800000| Complete 
|   1|0x0000000528000000, 0x0000000528712618, 0x0000000528800000| 88%| E|  |TAMS 0x0000000528000000| PB 0x0000000528000000| Complete 
|   2|0x0000000528800000, 0x0000000529000000, 0x0000000529000000|100%| E|CS|TAMS 0x0000000528800000| PB 0x0000000528800000| Complete 
|   3|0x0000000529000000, 0x0000000529800000, 0x0000000529800000|100%| E|CS|TAMS 0x0000000529000000| PB 0x0000000529000000| Complete 
|   4|0x0000000529800000, 0x000000052a000000, 0x000000052a000000|100%| E|CS|TAMS 0x0000000529800000| PB 0x0000000529800000| Complete 
|   5|0x000000052a000000, 0x000000052a800000, 0x000000052a800000|100%| E|CS|TAMS 0x000000052a000000| PB 0x000000052a000000| Complete 
|   6|0x000000052a800000, 0x000000052b000000, 0x000000052b000000|100%| E|CS|TAMS 0x000000052a800000| PB 0x000000052a800000| Complete 
|  87|0x0000000553000000, 0x000000055319f8c8, 0x0000000553800000| 20%| S|CS|TAMS 0x0000000553000000| PB 0x0000000553000000| Complete 
|  91|0x0000000555000000, 0x0000000555800000, 0x0000000555800000|100%| E|CS|TAMS 0x0000000555000000| PB 0x0000000555000000| Complete 
|1456|0x00000007ff800000, 0x00000007ffa394e8, 0x0000000800000000| 27%| O|Cm|TAMS 0x00000007ff800000| PB 0x00000007ff800000| Complete 

Card table byte_map: [0x000076dc89c78000,0x000076dc8b33c000] _byte_map_base: 0x000076dc8733c000

Marking Bits: (CMBitMap*) 0x000076dca0058d80
 Bits: [0x000076dc7e658000, 0x000076dc89c78000)

Polling page: 0x000076dca7d9b000

Metaspace:

Usage:
  Non-class:     29,91 MB used.
      Class:      3,38 MB used.
       Both:     33,29 MB used.

Virtual space:
  Non-class space:       64,00 MB reserved,      30,25 MB ( 47%) committed,  1 nodes.
      Class space:        1,00 GB reserved,       3,56 MB ( <1%) committed,  1 nodes.
             Both:        1,06 GB reserved,      33,81 MB (  3%) committed. 

Chunk freelists:
   Non-Class:  1,66 MB
       Class:  12,38 MB
        Both:  14,03 MB

MaxMetaspaceSize: unlimited
CompressedClassSpaceSize: 1,00 GB
Initial GC threshold: 21,00 MB
Current GC threshold: 35,31 MB
CDS: on
 - commit_granule_bytes: 65536.
 - commit_granule_words: 8192.
 - virtual_space_node_default_size: 8388608.
 - enlarge_chunks_in_place: 1.
 - use_allocation_guard: 0.


Internal statistics:

num_allocs_failed_limit: 3.
num_arena_births: 758.
num_arena_deaths: 0.
num_vsnodes_births: 2.
num_vsnodes_deaths: 0.
num_space_committed: 541.
num_space_uncommitted: 0.
num_chunks_returned_to_freelist: 3.
num_chunks_taken_from_freelist: 1819.
num_chunk_merges: 3.
num_chunk_splits: 1276.
num_chunks_enlarged: 971.
num_inconsistent_stats: 0.

CodeHeap 'non-profiled nmethods': size=119168Kb used=1784Kb max_used=1784Kb free=117383Kb
 bounds [0x000076dc945a0000, 0x000076dc94810000, 0x000076dc9ba00000]
CodeHeap 'profiled nmethods': size=119164Kb used=9214Kb max_used=9214Kb free=109950Kb
 bounds [0x000076dc8ca00000, 0x000076dc8d300000, 0x000076dc93e5f000]
CodeHeap 'non-nmethods': size=7428Kb used=3375Kb max_used=4446Kb free=4052Kb
 bounds [0x000076dc93e5f000, 0x000076dc942bf000, 0x000076dc945a0000]
CodeCache: size=245760Kb, used=14373Kb, max_used=15444Kb, free=231385Kb
 total_blobs=6290, nmethods=4652, adapters=1542, full_count=0
Compilation: enabled, stopped_count=0, restarted_count=0

Compilation events (20 events):
Event: 5,069 Thread 0x000076dbf42d79a0 nmethod 4643 0x000076dc94754310 code [0x000076dc947544a0, 0x000076dc94754568]
Event: 5,069 Thread 0x000076dca013a350 4645       1       androidx.compose.ui.text.SpanStyle::getTextForegroundStyle$ui_text (5 bytes)
Event: 5,069 Thread 0x000076dbf42d79a0 4646       1       androidx.compose.ui.text.SpanStyle::getFontStyle-4Lr2A7w (5 bytes)
Event: 5,069 Thread 0x000076dbf42d79a0 nmethod 4646 0x000076dc94754610 code [0x000076dc947547a0, 0x000076dc94754868]
Event: 5,069 Thread 0x000076dbf42d79a0 4647       1       androidx.compose.ui.text.SpanStyle::getFontSynthesis-ZQGJjVo (5 bytes)
Event: 5,069 Thread 0x000076dca013a350 nmethod 4645 0x000076dc94754910 code [0x000076dc94754aa0, 0x000076dc94754b68]
Event: 5,069 Thread 0x000076dca013a350 4648       1       androidx.compose.ui.text.SpanStyle::getLocaleList (5 bytes)
Event: 5,069 Thread 0x000076dbf42d79a0 nmethod 4647 0x000076dc94754c10 code [0x000076dc94754da0, 0x000076dc94754e68]
Event: 5,069 Thread 0x000076dbf42d79a0 4649       3       androidx.compose.ui.node.InnerNodeCoordinator::performDraw (105 bytes)
Event: 5,069 Thread 0x000076dca013a350 nmethod 4648 0x000076dc94754f10 code [0x000076dc947550a0, 0x000076dc94755168]
Event: 5,069 Thread 0x000076dca013a350 4650       3       androidx.compose.ui.graphics.drawscope.DrawScope::getSize-NH-jbRc (12 bytes)
Event: 5,069 Thread 0x000076dca013a350 nmethod 4650 0x000076dc8d2fc590 code [0x000076dc8d2fc740, 0x000076dc8d2fca00]
Event: 5,069 Thread 0x000076dca013a350 4651       3       androidx.compose.ui.node.RootNodeOwner$OwnedLayerManagerImpl::voteFrameRate (114 bytes)
Event: 5,069 Thread 0x000076dca013a350 nmethod 4651 0x000076dc8d2fcb90 code [0x000076dc8d2fcd80, 0x000076dc8d2fd530]
Event: 5,069 Thread 0x000076dbf42d79a0 nmethod 4649 0x000076dc8d2fd690 code [0x000076dc8d2fd940, 0x000076dc8d2fe570]
Event: 5,070 Thread 0x000076dca0138ca0 nmethod 4505 0x000076dc94755210 code [0x000076dc94755840, 0x000076dc9475bb48]
Event: 5,071 Thread 0x000076db34003020 4652       4       androidx.compose.runtime.internal.ThreadMap::find (140 bytes)
Event: 5,071 Thread 0x000076dca013a350 4653       3       androidx.compose.ui.CombinedModifier::all (38 bytes)
Event: 5,072 Thread 0x000076db34003020 nmethod 4652 0x000076dc9475de90 code [0x000076dc9475e020, 0x000076dc9475e150]
Event: 5,072 Thread 0x000076dca013a350 nmethod 4653 0x000076dc8d2feb10 code [0x000076dc8d2fed60, 0x000076dc8d2ff540]

GC Heap History (6 events):
Event: 0,301 GC heap before
{Heap before GC invocations=0 (full 0):
 garbage-first heap   total 761856K, used 26853K [0x0000000527800000, 0x0000000800000000)
  region size 8192K, 4 young (32768K), 0 survivors (0K)
 Metaspace       used 6555K, committed 6784K, reserved 1114112K
  class space    used 582K, committed 704K, reserved 1048576K
}
Event: 0,303 GC heap after
{Heap after GC invocations=1 (full 0):
 garbage-first heap   total 761856K, used 6924K [0x0000000527800000, 0x0000000800000000)
  region size 8192K, 1 young (8192K), 1 survivors (8192K)
 Metaspace       used 6555K, committed 6784K, reserved 1114112K
  class space    used 582K, committed 704K, reserved 1048576K
}
Event: 0,429 GC heap before
{Heap before GC invocations=1 (full 0):
 garbage-first heap   total 761856K, used 23308K [0x0000000527800000, 0x0000000800000000)
  region size 8192K, 4 young (32768K), 1 survivors (8192K)
 Metaspace       used 14619K, committed 14784K, reserved 1114112K
  class space    used 1350K, committed 1408K, reserved 1048576K
}
Event: 0,430 GC heap after
{Heap after GC invocations=2 (full 0):
 garbage-first heap   total 761856K, used 7568K [0x0000000527800000, 0x0000000800000000)
  region size 8192K, 1 young (8192K), 1 survivors (8192K)
 Metaspace       used 14619K, committed 14784K, reserved 1114112K
  class space    used 1350K, committed 1408K, reserved 1048576K
}
Event: 0,625 GC heap before
{Heap before GC invocations=2 (full 0):
 garbage-first heap   total 761856K, used 23952K [0x0000000527800000, 0x0000000800000000)
  region size 8192K, 4 young (32768K), 1 survivors (8192K)
 Metaspace       used 21253K, committed 21504K, reserved 1114112K
  class space    used 1993K, committed 2112K, reserved 1048576K
}
Event: 0,626 GC heap after
{Heap after GC invocations=3 (full 0):
 garbage-first heap   total 761856K, used 8105K [0x0000000527800000, 0x0000000800000000)
  region size 8192K, 1 young (8192K), 1 survivors (8192K)
 Metaspace       used 21253K, committed 21504K, reserved 1114112K
  class space    used 1993K, committed 2112K, reserved 1048576K
}

Dll operation events (16 events):
Event: 0,001 Loaded shared library /home/elie-gambache/.jdks/jbrsdk_jcef-21.0.8-1/lib/libjava.so
Event: 0,022 Loaded shared library /home/elie-gambache/.jdks/jbrsdk_jcef-21.0.8-1/lib/libjsvml.so
Event: 0,025 Loaded shared library /home/elie-gambache/.jdks/jbrsdk_jcef-21.0.8-1/lib/libnio.so
Event: 0,026 Loaded shared library /home/elie-gambache/.jdks/jbrsdk_jcef-21.0.8-1/lib/libzip.so
Event: 0,057 Loaded shared library /home/elie-gambache/.jdks/jbrsdk_jcef-21.0.8-1/lib/libjimage.so
Event: 0,060 Loaded shared library /home/elie-gambache/.skiko/1e2ea5fc551f41d82555f34878b5242bb855debcececa6b7ebdeaf0d153a0311/libskiko-linux-x64.so
Event: 0,061 Loaded shared library /home/elie-gambache/.jdks/jbrsdk_jcef-21.0.8-1/lib/libzip.so
Event: 0,069 Loaded shared library /home/elie-gambache/.jdks/jbrsdk_jcef-21.0.8-1/lib/libawt.so
Event: 0,070 Loaded shared library /home/elie-gambache/.jdks/jbrsdk_jcef-21.0.8-1/lib/libawt_xawt.so
Event: 0,078 Loaded shared library /home/elie-gambache/.jdks/jbrsdk_jcef-21.0.8-1/lib/libnet.so
Event: 0,093 Loaded shared library /home/elie-gambache/.jdks/jbrsdk_jcef-21.0.8-1/lib/libfontmanager.so
Event: 0,093 Loaded shared library /home/elie-gambache/.jdks/jbrsdk_jcef-21.0.8-1/lib/libfontmanager_xawt.so
Event: 3,236 Loaded shared library /home/elie-gambache/.jdks/jbrsdk_jcef-21.0.8-1/lib/libjaas.so
Event: 3,251 Loaded shared library /home/elie-gambache/.jdks/jbrsdk_jcef-21.0.8-1/lib/libextnet.so
Event: 4,984 Loaded shared library /home/elie-gambache/.cache/pdfium/native/linux-x86-64/libpdfium.so
Event: 4,984 Loaded shared library /home/elie-gambache/.cache/pdfium/native/linux-x86-64/libpdfiumjni.so

Deoptimization events (20 events):
Event: 3,261 Thread 0x000076db59765100 Uncommon trap: trap_request=0xffffff45 fr.pc=0x000076dc947172c8 relative=0x0000000000000288
Event: 3,261 Thread 0x000076db59765100 Uncommon trap: reason=unstable_if action=reinterpret pc=0x000076dc947172c8 method=jdk.internal.misc.Unsafe.copyMemory(Ljava/lang/Object;JLjava/lang/Object;JJ)V @ 16 c2
Event: 3,261 Thread 0x000076db59765100 DEOPT PACKING pc=0x000076dc947172c8 sp=0x000076dbd26fb180
Event: 3,261 Thread 0x000076db59765100 DEOPT UNPACKING pc=0x000076dc93eb2f99 sp=0x000076dbd26fb148 mode 2
Event: 4,971 Thread 0x000076dca0a501e0 Uncommon trap: trap_request=0xffffffc6 fr.pc=0x000076dc9463e118 relative=0x0000000000000398
Event: 4,971 Thread 0x000076dca0a501e0 Uncommon trap: reason=bimorphic_or_optimized_type_check action=maybe_recompile pc=0x000076dc9463e118 method=java.util.HashMap.getNode(Ljava/lang/Object;)Ljava/util/HashMap$Node; @ 128 c2
Event: 4,971 Thread 0x000076dca0a501e0 DEOPT PACKING pc=0x000076dc9463e118 sp=0x000076db835f53f0
Event: 4,971 Thread 0x000076dca0a501e0 DEOPT UNPACKING pc=0x000076dc93eb2f99 sp=0x000076db835f5318 mode 2
Event: 4,980 Thread 0x000076dca0a501e0 Uncommon trap: trap_request=0xffffff45 fr.pc=0x000076dc94734b68 relative=0x0000000000000dc8
Event: 4,980 Thread 0x000076dca0a501e0 Uncommon trap: reason=unstable_if action=reinterpret pc=0x000076dc94734b68 method=java.security.AccessControlContext.optimize()Ljava/security/AccessControlContext; @ 280 c2
Event: 4,980 Thread 0x000076dca0a501e0 DEOPT PACKING pc=0x000076dc94734b68 sp=0x000076db835f5b50
Event: 4,980 Thread 0x000076dca0a501e0 DEOPT UNPACKING pc=0x000076dc93eb2f99 sp=0x000076db835f5b28 mode 2
Event: 4,995 Thread 0x000076dca0a501e0 Uncommon trap: trap_request=0xffffff45 fr.pc=0x000076dc9462f54c relative=0x000000000000170c
Event: 4,995 Thread 0x000076dca0a501e0 Uncommon trap: reason=unstable_if action=reinterpret pc=0x000076dc9462f54c method=java.util.concurrent.ConcurrentHashMap.transfer([Ljava/util/concurrent/ConcurrentHashMap$Node;[Ljava/util/concurrent/ConcurrentHashMap$Node;)V @ 26 c2
Event: 4,995 Thread 0x000076dca0a501e0 DEOPT PACKING pc=0x000076dc9462f54c sp=0x000076db835f37d0
Event: 4,995 Thread 0x000076dca0a501e0 DEOPT UNPACKING pc=0x000076dc93eb2f99 sp=0x000076db835f3740 mode 2
Event: 5,066 Thread 0x000076dca0a501e0 Uncommon trap: trap_request=0xffffff45 fr.pc=0x000076dc94627e20 relative=0x0000000000000740
Event: 5,066 Thread 0x000076dca0a501e0 Uncommon trap: reason=unstable_if action=reinterpret pc=0x000076dc94627e20 method=java.util.ArrayList.grow(I)[Ljava/lang/Object; @ 17 c2
Event: 5,066 Thread 0x000076dca0a501e0 DEOPT PACKING pc=0x000076dc94627e20 sp=0x000076db835f3380
Event: 5,066 Thread 0x000076dca0a501e0 DEOPT UNPACKING pc=0x000076dc93eb2f99 sp=0x000076db835f3218 mode 2

Classes loaded (20 events):
Event: 3,238 Loading class jdk/internal/icu/text/Replaceable done
Event: 3,238 Loading class jdk/internal/icu/text/ReplaceableString done
Event: 3,251 Loading class jdk/net/ExtendedSocketOptions
Event: 3,251 Loading class jdk/net/ExtendedSocketOptions done
Event: 3,251 Loading class jdk/net/ExtendedSocketOptions$ExtSocketOption
Event: 3,251 Loading class jdk/net/ExtendedSocketOptions$ExtSocketOption done
Event: 3,251 Loading class jdk/net/UnixDomainPrincipal
Event: 3,251 Loading class jdk/net/UnixDomainPrincipal done
Event: 3,251 Loading class jdk/net/ExtendedSocketOptions$PlatformSocketOptions
Event: 3,251 Loading class jdk/net/ExtendedSocketOptions$PlatformSocketOptions done
Event: 3,251 Loading class jdk/net/ExtendedSocketOptions$2
Event: 3,251 Loading class jdk/net/ExtendedSocketOptions$2 done
Event: 3,251 Loading class jdk/net/LinuxSocketOptions
Event: 3,251 Loading class jdk/net/LinuxSocketOptions done
Event: 3,252 Loading class jdk/net/ExtendedSocketOptions$1
Event: 3,252 Loading class jdk/net/ExtendedSocketOptions$1 done
Event: 3,252 Loading class java/nio/channels/ClosedByInterruptException
Event: 3,252 Loading class java/nio/channels/ClosedByInterruptException done
Event: 3,257 Loading class java/util/TreeMap$EntrySpliterator
Event: 3,257 Loading class java/util/TreeMap$EntrySpliterator done

Classes unloaded (0 events):
No events

Classes redefined (0 events):
No events

Internal exceptions (20 events):
Event: 0,804 Thread 0x000076dca0a501e0 Exception <a 'java/lang/NoSuchMethodError'{0x0000000529985ff0}: 'java.lang.Object java.lang.invoke.DirectMethodHandle$Holder.newInvokeSpecial(java.lang.Object, java.lang.Object, java.lang.Object, java.lang.Object, long, java.lang.Object)'> (0x0000000529985ff0) 
thrown [src/hotspot/share/interpreter/linkResolver.cpp, line 783]
Event: 0,804 Thread 0x000076dca0a501e0 Exception <a 'java/lang/NoSuchMethodError'{0x000000052998a5b8}: 'java.lang.Object java.lang.invoke.DirectMethodHandle$Holder.invokeSpecial(java.lang.Object, java.lang.Object, java.lang.Object, java.lang.Object, java.lang.Object, long, java.lang.Object)'> (0x000000052998a5b8) 
thrown [src/hotspot/share/interpreter/linkResolver.cpp, line 783]
Event: 0,826 Thread 0x000076dca0a501e0 Exception <a 'java/lang/NoSuchMethodError'{0x0000000529aa84e0}: 'java.lang.Object java.lang.invoke.Invokers$Holder.invoke_MT(java.lang.Object, java.lang.Object, java.lang.Object, java.lang.Object, java.lang.Object, java.lang.Object, java.lang.Object, java.lang.Object, java.lang.Object, java.lang.Object)'> (0x0000000529aa84e0) 
thrown [src/hotspot/share/interpreter/linkResolver.cpp, line 783]
Event: 0,828 Thread 0x000076dca04fe160 Exception <a 'java/lang/NoSuchMethodError'{0x000000052a391e70}: 'java.lang.Object java.lang.invoke.DirectMethodHandle$Holder.newInvokeSpecial(java.lang.Object, java.lang.Object, int, java.lang.Object, java.lang.Object)'> (0x000000052a391e70) 
thrown [src/hotspot/share/interpreter/linkResolver.cpp, line 783]
Event: 0,828 Thread 0x000076dca04fe160 Exception <a 'java/lang/NoSuchMethodError'{0x000000052a398fe0}: 'java.lang.Object java.lang.invoke.Invokers$Holder.linkToTargetMethod(java.lang.Object, int, java.lang.Object, java.lang.Object, java.lang.Object)'> (0x000000052a398fe0) 
thrown [src/hotspot/share/interpreter/linkResolver.cpp, line 783]
Event: 0,831 Thread 0x000076dca0a501e0 Exception <a 'java/lang/NoSuchMethodError'{0x0000000529bbf310}: 'java.lang.Object java.lang.invoke.DirectMethodHandle$Holder.invokeStatic(java.lang.Object, long, java.lang.Object, java.lang.Object)'> (0x0000000529bbf310) 
thrown [src/hotspot/share/interpreter/linkResolver.cpp, line 783]
Event: 2,388 Thread 0x000076dca0a501e0 Exception <a 'java/lang/NoSuchMethodError'{0x0000000529d6b4c0}: 'java.lang.Object java.lang.invoke.DirectMethodHandle$Holder.invokeStatic(java.lang.Object, java.lang.Object, java.lang.Object, java.lang.Object, java.lang.Object, java.lang.Object, java.lang.Object, java.lang.Object, java.lang.Object, java.lang.Object, long)'> (0x0000000529d6b4c0) 
thrown [src/hotspot/share/interpreter/linkResolver.cpp, line 783]
Event: 2,391 Thread 0x000076dca0a501e0 Exception <a 'java/lang/NoSuchMethodError'{0x0000000529d9d568}: 'java.lang.Object java.lang.invoke.Invokers$Holder.linkToTargetMethod(java.lang.Object, float, java.lang.Object, java.lang.Object, java.lang.Object, java.lang.Object)'> (0x0000000529d9d568) 
thrown [src/hotspot/share/interpreter/linkResolver.cpp, line 783]
Event: 3,249 Thread 0x000076db59754560 Exception <a 'java/lang/NoSuchMethodError'{0x000000052975fd60}: 'void java.lang.invoke.DirectMethodHandle$Holder.invokeSpecial(java.lang.Object, java.lang.Object, java.lang.Object, java.lang.Object, java.lang.Object)'> (0x000000052975fd60) 
thrown [src/hotspot/share/interpreter/linkResolver.cpp, line 783]
Event: 3,252 Thread 0x000076db59754560 Exception <a 'java/lang/IncompatibleClassChangeError'{0x0000000529768800}: Found class java.lang.Object, but interface was expected> (0x0000000529768800) 
thrown [src/hotspot/share/interpreter/linkResolver.cpp, line 851]
Event: 3,256 Thread 0x000076dca0a501e0 Exception <a 'java/lang/NoSuchMethodError'{0x0000000528afee38}: 'java.lang.Object java.lang.invoke.Invokers$Holder.invokeExact_MT(java.lang.Object, java.lang.Object, java.lang.Object, java.lang.Object, java.lang.Object)'> (0x0000000528afee38) 
thrown [src/hotspot/share/interpreter/linkResolver.cpp, line 783]
Event: 3,257 Thread 0x000076dca0a501e0 Exception <a 'java/lang/NoSuchMethodError'{0x0000000528b17b38}: 'void java.lang.invoke.DirectMethodHandle$Holder.invokeInterface(java.lang.Object, java.lang.Object, java.lang.Object)'> (0x0000000528b17b38) 
thrown [src/hotspot/share/interpreter/linkResolver.cpp, line 783]
Event: 4,998 Thread 0x000076dca0a501e0 Exception <a 'java/lang/NoSuchMethodError'{0x0000000528f59030}: 'java.lang.Object java.lang.invoke.DirectMethodHandle$Holder.invokeSpecial(java.lang.Object, java.lang.Object, java.lang.Object, java.lang.Object, java.lang.Object, java.lang.Object, java.lang.Object, java.lang.Object, int, int)'> (0x0000000528f59030) 
thrown [src/hotspot/share/interpreter/linkResolver.cpp, line 783]
Event: 5,001 Thread 0x000076dca0a501e0 Exception <a 'java/lang/NoSuchMethodError'{0x0000000528faa048}: 'java.lang.Object java.lang.invoke.DirectMethodHandle$Holder.invokeStatic(java.lang.Object, int, int)'> (0x0000000528faa048) 
thrown [src/hotspot/share/interpreter/linkResolver.cpp, line 783]
Event: 5,015 Thread 0x000076dca0a501e0 Exception <a 'java/lang/NoSuchMethodError'{0x000000052817aa30}: 'java.lang.Object java.lang.invoke.DirectMethodHandle$Holder.invokeStatic(java.lang.Object, java.lang.Object, java.lang.Object, java.lang.Object, java.lang.Object, java.lang.Object, java.lang.Object, int)'> (0x000000052817aa30) 
thrown [src/hotspot/share/interpreter/linkResolver.cpp, line 783]
Event: 5,055 Thread 0x000076dca0a501e0 Exception <a 'java/lang/NoSuchMethodError'{0x000000052841efa8}: 'java.lang.Object java.lang.invoke.DirectMethodHandle$Holder.invokeSpecial(java.lang.Object, java.lang.Object, int, int, java.lang.Object, java.lang.Object)'> (0x000000052841efa8) 
thrown [src/hotspot/share/interpreter/linkResolver.cpp, line 783]
Event: 5,056 Thread 0x000076dca0a501e0 Exception <a 'java/lang/NoSuchMethodError'{0x00000005284489f8}: 'java.lang.Object java.lang.invoke.DirectMethodHandle$Holder.newInvokeSpecial(java.lang.Object, java.lang.Object, long, int, int)'> (0x00000005284489f8) 
thrown [src/hotspot/share/interpreter/linkResolver.cpp, line 783]
Event: 5,058 Thread 0x000076dca0a501e0 Exception <a 'java/lang/NoSuchMethodError'{0x000000052849cb60}: 'java.lang.Object java.lang.invoke.DirectMethodHandle$Holder.newInvokeSpecial(java.lang.Object, java.lang.Object, int, java.lang.Object)'> (0x000000052849cb60) 
thrown [src/hotspot/share/interpreter/linkResolver.cpp, line 783]
Event: 5,058 Thread 0x000076dca0a501e0 Exception <a 'java/lang/NoSuchMethodError'{0x00000005284a1010}: 'java.lang.Object java.lang.invoke.DirectMethodHandle$Holder.invokeSpecial(java.lang.Object, java.lang.Object, java.lang.Object, int, java.lang.Object)'> (0x00000005284a1010) 
thrown [src/hotspot/share/interpreter/linkResolver.cpp, line 783]
Event: 5,059 Thread 0x000076dca0a501e0 Exception <a 'java/lang/NoSuchMethodError'{0x00000005284a4ce8}: 'java.lang.Object java.lang.invoke.Invokers$Holder.linkToTargetMethod(java.lang.Object, int, java.lang.Object, java.lang.Object)'> (0x00000005284a4ce8) 
thrown [src/hotspot/share/interpreter/linkResolver.cpp, line 783]

ZGC Phase Switch (0 events):
No events

VM Operations (20 events):
Event: 3,228 Executing VM operation: ICBufferFull
Event: 3,228 Executing VM operation: ICBufferFull done
Event: 3,231 Executing VM operation: HandshakeAllThreads (Deoptimize)
Event: 3,231 Executing VM operation: HandshakeAllThreads (Deoptimize) done
Event: 3,231 Executing VM operation: HandshakeAllThreads (Deoptimize)
Event: 3,231 Executing VM operation: HandshakeAllThreads (Deoptimize) done
Event: 3,250 Executing VM operation: HandshakeAllThreads (Deoptimize)
Event: 3,250 Executing VM operation: HandshakeAllThreads (Deoptimize) done
Event: 3,251 Executing VM operation: HandshakeAllThreads (Deoptimize)
Event: 3,251 Executing VM operation: HandshakeAllThreads (Deoptimize) done
Event: 3,262 Executing VM operation: HandshakeAllThreads (Deoptimize)
Event: 3,262 Executing VM operation: HandshakeAllThreads (Deoptimize) done
Event: 4,262 Executing VM operation: Cleanup
Event: 4,262 Executing VM operation: Cleanup done
Event: 4,973 Executing VM operation: HandshakeAllThreads (Deoptimize)
Event: 4,973 Executing VM operation: HandshakeAllThreads (Deoptimize) done
Event: 4,974 Executing VM operation: HandshakeAllThreads (Deoptimize)
Event: 4,974 Executing VM operation: HandshakeAllThreads (Deoptimize) done
Event: 5,011 Executing VM operation: HandshakeAllThreads (Deoptimize)
Event: 5,011 Executing VM operation: HandshakeAllThreads (Deoptimize) done

Memory protections (20 events):
Event: 0,299 Protecting memory [0x000076dbd08a7000,0x000076dbd08ab000] with protection modes 0
Event: 0,299 Protecting memory [0x000076dbd07a7000,0x000076dbd07ab000] with protection modes 0
Event: 0,301 Protecting memory [0x000076dbd06a7000,0x000076dbd06ab000] with protection modes 0
Event: 0,305 Protecting memory [0x000076db836f8000,0x000076db836fc000] with protection modes 0
Event: 0,313 Protecting memory [0x000076db835f8000,0x000076db835fc000] with protection modes 0
Event: 0,314 Protecting memory [0x000076db834f8000,0x000076db834fc000] with protection modes 0
Event: 0,403 Protecting memory [0x000076db833f8000,0x000076db833fc000] with protection modes 0
Event: 0,597 Protecting memory [0x000076db80b01000,0x000076db80b05000] with protection modes 0
Event: 0,823 Protecting memory [0x000076db802e1000,0x000076db802e5000] with protection modes 0
Event: 3,234 Protecting memory [0x000076dc24c2f000,0x000076dc24c33000] with protection modes 0
Event: 3,235 Protecting memory [0x000076dc24b2f000,0x000076dc24b33000] with protection modes 0
Event: 3,241 Protecting memory [0x000076dbd25fd000,0x000076dbd2601000] with protection modes 0
Event: 3,247 Protecting memory [0x000076db80161000,0x000076db80165000] with protection modes 0
Event: 3,249 Protecting memory [0x000076db80061000,0x000076db80065000] with protection modes 0
Event: 3,253 Protecting memory [0x000076db80161000,0x000076db80165000] with protection modes 0
Event: 3,253 Protecting memory [0x000076dbd25fd000,0x000076dbd2601000] with protection modes 0
Event: 3,254 Protecting memory [0x000076db80061000,0x000076db80065000] with protection modes 0
Event: 4,979 Protecting memory [0x000076dbd25fd000,0x000076dbd2601000] with protection modes 0
Event: 5,030 Protecting memory [0x000076db80061000,0x000076db80065000] with protection modes 0
Event: 5,071 Protecting memory [0x000076db80161000,0x000076db80165000] with protection modes 0

Nmethod flushes (0 events):
No events

Events (20 events):
Event: 3,241 Thread 0x000076dca0a501e0 Thread added: 0x000076db59754560
Event: 3,247 Thread 0x000076dca0a501e0 Thread added: 0x000076db59762f30
Event: 3,249 Thread 0x000076db59754560 Thread added: 0x000076dbc0014000
Event: 3,252 Thread 0x000076dbc0014000 Thread exited: 0x000076dbc0014000
Event: 3,252 Thread 0x000076db59762f30 Thread exited: 0x000076db59762f30
Event: 3,252 Thread 0x000076db59754560 Thread exited: 0x000076db59754560
Event: 3,253 Thread 0x000076dca0a501e0 Thread added: 0x000076db59762f30
Event: 3,253 Thread 0x000076dca0a501e0 Thread added: 0x000076db59765100
Event: 3,254 Thread 0x000076db59762f30 Thread added: 0x000076dbc0014000
Event: 3,385 Thread 0x000076dbbc0dbe30 Thread exited: 0x000076dbbc0dbe30
Event: 4,969 Thread 0x000076dbbc0dade0 Thread exited: 0x000076dbbc0dade0
Event: 4,969 Thread 0x000076dbec0d61e0 Thread exited: 0x000076dbec0d61e0
Event: 4,969 Thread 0x000076dc000905d0 Thread exited: 0x000076dc000905d0
Event: 4,969 Thread 0x000076dc0008f2d0 Thread exited: 0x000076dc0008f2d0
Event: 4,971 Thread 0x000076db59762f30 Thread exited: 0x000076db59762f30
Event: 4,971 Thread 0x000076dbc0014000 Thread exited: 0x000076dbc0014000
Event: 4,971 Thread 0x000076db59765100 Thread exited: 0x000076db59765100
Event: 4,979 Thread 0x000076dca013a350 Thread added: 0x000076dbf42d79a0
Event: 5,030 Thread 0x000076dbf42d79a0 Thread added: 0x000076db34003020
Event: 5,071 Thread 0x000076dca0921620 Thread added: 0x000076dba8001130


Dynamic libraries:
40549000-405f8000 rw-p 00000000 00:00 0 
40aed000-40aef000 r-xs 00000000 00:01 3142                               /memfd:/.glXXXXXX (deleted)
527800000-52b000000 rw-p 00000000 00:00 0 
52b000000-553000000 ---p 00000000 00:00 0 
553000000-553800000 rw-p 00000000 00:00 0 
553800000-555000000 ---p 00000000 00:00 0 
555000000-555800000 rw-p 00000000 00:00 0 
555800000-7ff800000 ---p 00000000 00:00 0 
7ff800000-7ffa3a000 rw-p 01d11000 103:06 44190815                        /home/elie-gambache/.jdks/jbrsdk_jcef-21.0.8-1/lib/server/classes.jsa
7ffa3a000-800000000 rw-p 00000000 00:00 0 
606d18fff000-606d19000000 r--p 00000000 103:06 44190180                  /home/elie-gambache/.jdks/jbrsdk_jcef-21.0.8-1/bin/java
606d19000000-606d19001000 r-xp 00001000 103:06 44190180                  /home/elie-gambache/.jdks/jbrsdk_jcef-21.0.8-1/bin/java
606d19001000-606d19002000 r--p 00002000 103:06 44190180                  /home/elie-gambache/.jdks/jbrsdk_jcef-21.0.8-1/bin/java
606d19002000-606d19003000 r--p 00002000 103:06 44190180                  /home/elie-gambache/.jdks/jbrsdk_jcef-21.0.8-1/bin/java
606d19003000-606d19004000 rw-p 00003000 103:06 44190180                  /home/elie-gambache/.jdks/jbrsdk_jcef-21.0.8-1/bin/java
606d47179000-606d471c2000 rw-p 00000000 00:00 0                          [heap]
76db28000000-76db2848a000 rw-p 00000000 00:00 0 
76db2848a000-76db2c000000 ---p 00000000 00:00 0 
76db30000000-76db30021000 rw-p 00000000 00:00 0 
76db30021000-76db34000000 ---p 00000000 00:00 0 
76db34000000-76db3404f000 rw-p 00000000 00:00 0 
76db3404f000-76db38000000 ---p 00000000 00:00 0 
76db38000000-76db38021000 rw-p 00000000 00:00 0 
76db38021000-76db3c000000 ---p 00000000 00:00 0 
76db3c000000-76db3c021000 rw-p 00000000 00:00 0 
76db3c021000-76db40000000 ---p 00000000 00:00 0 
76db40000000-76db40021000 rw-p 00000000 00:00 0 
76db40021000-76db44000000 ---p 00000000 00:00 0 
76db46000000-76db46280000 r--p 00000000 103:06 42097597                  /home/elie-gambache/.cache/pdfium/native/linux-x86-64/libpdfium.so
76db46280000-76db46606000 r-xp 0027f000 103:06 42097597                  /home/elie-gambache/.cache/pdfium/native/linux-x86-64/libpdfium.so
76db46606000-76db4661b000 r--p 00604000 103:06 42097597                  /home/elie-gambache/.cache/pdfium/native/linux-x86-64/libpdfium.so
76db4661b000-76db4661f000 rw-p 00618000 103:06 42097597                  /home/elie-gambache/.cache/pdfium/native/linux-x86-64/libpdfium.so
76db4661f000-76db46621000 rw-p 00000000 00:00 0 
76db4679a000-76db46800000 r--p 00000000 103:06 7488087                   /usr/share/fonts/truetype/liberation/LiberationSans-Bold.ttf
76db46800000-76db46b12000 r--p 00000000 103:06 7359947                   /usr/lib/x86_64-linux-gnu/libnvidia-gpucomp.so.590.48.01
76db46b12000-76db4a80c000 r-xp 00312000 103:06 7359947                   /usr/lib/x86_64-linux-gnu/libnvidia-gpucomp.so.590.48.01
76db4a80c000-76db4ba8a000 r--p 0400c000 103:06 7359947                   /usr/lib/x86_64-linux-gnu/libnvidia-gpucomp.so.590.48.01
76db4ba8a000-76db4ba8b000 ---p 0528a000 103:06 7359947                   /usr/lib/x86_64-linux-gnu/libnvidia-gpucomp.so.590.48.01
76db4ba8b000-76db4bc94000 r--p 0528a000 103:06 7359947                   /usr/lib/x86_64-linux-gnu/libnvidia-gpucomp.so.590.48.01
76db4bc94000-76db4bda1000 rw-p 05493000 103:06 7359947                   /usr/lib/x86_64-linux-gnu/libnvidia-gpucomp.so.590.48.01
76db4bda1000-76db4be45000 rw-p 00000000 00:00 0 
76db4be54000-76db4bf02000 r--p 00000000 103:06 7488065                   /usr/share/fonts/truetype/dejavu/DejaVuSans-Bold.ttf
76db4bf02000-76db4bf80000 r--p 00000000 103:06 7488156                   /usr/share/fonts/truetype/noto/NotoSans-Bold.ttf
76db4bf80000-76db4c000000 rw-s 00000000 00:06 1158                       /dev/nvidiactl
76db4c000000-76db4c021000 rw-p 00000000 00:00 0 
76db4c021000-76db50000000 ---p 00000000 00:00 0 
76db50000000-76db50021000 rw-p 00000000 00:00 0 
76db50021000-76db54000000 ---p 00000000 00:00 0 
76db54000000-76db54021000 rw-p 00000000 00:00 0 
76db54021000-76db58000000 ---p 00000000 00:00 0 
76db58000000-76db5986f000 rw-p 00000000 00:00 0 
76db5986f000-76db5c000000 ---p 00000000 00:00 0 
76db5c000000-76db5c021000 rw-p 00000000 00:00 0 
76db5c021000-76db60000000 ---p 00000000 00:00 0 
76db60000000-76db60021000 rw-p 00000000 00:00 0 
76db60021000-76db64000000 ---p 00000000 00:00 0 
76db64000000-76db64021000 rw-p 00000000 00:00 0 
76db64021000-76db68000000 ---p 00000000 00:00 0 
76db68000000-76db68021000 rw-p 00000000 00:00 0 
76db68021000-76db6c000000 ---p 00000000 00:00 0 
76db6c000000-76db6c021000 rw-p 00000000 00:00 0 
76db6c021000-76db70000000 ---p 00000000 00:00 0 
76db70000000-76db70021000 rw-p 00000000 00:00 0 
76db70021000-76db74000000 ---p 00000000 00:00 0 
76db74000000-76db74021000 rw-p 00000000 00:00 0 
76db74021000-76db78000000 ---p 00000000 00:00 0 
76db78000000-76db78021000 rw-p 00000000 00:00 0 
76db78021000-76db7c000000 ---p 00000000 00:00 0 
76db7c000000-76db7c021000 rw-p 00000000 00:00 0 
76db7c021000-76db80000000 ---p 00000000 00:00 0 
76db80061000-76db80065000 ---p 00000000 00:00 0 
76db80065000-76db80161000 rw-p 00000000 00:00 0 
76db80161000-76db80165000 ---p 00000000 00:00 0 
76db80165000-76db80261000 rw-p 00000000 00:00 0 
76db80261000-76db802e1000 rw-s 00000000 00:06 1158                       /dev/nvidiactl
76db802e1000-76db802e5000 ---p 00000000 00:00 0 
76db802e5000-76db803e1000 rw-p 00000000 00:00 0 
76db803e1000-76db805e1000 rw-s 00000000 00:06 1158                       /dev/nvidiactl
76db805e1000-76db80661000 rw-s 00000000 00:06 1159                       /dev/nvidia0
76db80661000-76db806c6000 r--p 00000000 103:06 7488090                   /usr/share/fonts/truetype/liberation/LiberationSans-Regular.ttf
76db806c6000-76db80780000 r--p 00000000 103:06 7488070                   /usr/share/fonts/truetype/dejavu/DejaVuSans.ttf
76db80780000-76db807fe000 r--p 00000000 103:06 7488159                   /usr/share/fonts/truetype/noto/NotoSans-Regular.ttf
76db807fe000-76db80b01000 rw-p 00000000 00:00 0 
76db80b01000-76db80b05000 ---p 00000000 00:00 0 
76db80b05000-76db80c01000 rw-p 00000000 00:00 0 
76db80c01000-76db80c81000 rw-s 00000000 00:06 1158                       /dev/nvidiactl
76db80c81000-76db80d81000 rw-s 00000000 00:06 1158                       /dev/nvidiactl
76db80d81000-76db80e01000 rw-s 00000000 00:06 1158                       /dev/nvidiactl
76db80e01000-76db80e41000 rw-s 00000000 00:06 1158                       /dev/nvidiactl
76db80e41000-76db80e61000 rw-s 00000000 00:06 1158                       /dev/nvidiactl
76db80e61000-76db80ea1000 rw-s 00000000 00:06 1158                       /dev/nvidiactl
76db80ea1000-76db80ec1000 rw-s 00000000 00:06 1158                       /dev/nvidiactl
76db80ec1000-76db80f41000 rw-s 00000000 00:06 1159                       /dev/nvidia0
76db80f41000-76db80f81000 rw-s 00000000 00:06 1158                       /dev/nvidiactl
76db80fa1000-76db80fa4000 r--p 00000000 103:06 7342238                   /usr/lib/x86_64-linux-gnu/libnvidia-allocator.so.590.48.01
76db80fa4000-76db80fbd000 r-xp 00003000 103:06 7342238                   /usr/lib/x86_64-linux-gnu/libnvidia-allocator.so.590.48.01
76db80fbd000-76db80fc8000 r--p 0001c000 103:06 7342238                   /usr/lib/x86_64-linux-gnu/libnvidia-allocator.so.590.48.01
76db80fc8000-76db80fc9000 r--p 00026000 103:06 7342238                   /usr/lib/x86_64-linux-gnu/libnvidia-allocator.so.590.48.01
76db80fc9000-76db80fca000 rw-p 00027000 103:06 7342238                   /usr/lib/x86_64-linux-gnu/libnvidia-allocator.so.590.48.01
76db80fca000-76db80fcb000 rw-p 00000000 00:00 0 
76db80fcb000-76db80fd0000 r--p 00000000 103:06 7348406                   /usr/lib/x86_64-linux-gnu/libdrm.so.2.125.0
76db80fd0000-76db80fdc000 r-xp 00005000 103:06 7348406                   /usr/lib/x86_64-linux-gnu/libdrm.so.2.125.0
76db80fdc000-76db80fe0000 r--p 00011000 103:06 7348406                   /usr/lib/x86_64-linux-gnu/libdrm.so.2.125.0
76db80fe0000-76db80fe1000 r--p 00015000 103:06 7348406                   /usr/lib/x86_64-linux-gnu/libdrm.so.2.125.0
76db80fe1000-76db80fe2000 rw-p 00016000 103:06 7348406                   /usr/lib/x86_64-linux-gnu/libdrm.so.2.125.0
76db80fe6000-76db80fe8000 r--p 00000000 103:06 42098579                  /home/elie-gambache/.cache/pdfium/native/linux-x86-64/libpdfiumjni.so
76db80fe8000-76db80fea000 r-xp 00002000 103:06 42098579                  /home/elie-gambache/.cache/pdfium/native/linux-x86-64/libpdfiumjni.so
76db80fea000-76db80feb000 r--p 00004000 103:06 42098579                  /home/elie-gambache/.cache/pdfium/native/linux-x86-64/libpdfiumjni.so
76db80feb000-76db80fec000 r--p 00004000 103:06 42098579                  /home/elie-gambache/.cache/pdfium/native/linux-x86-64/libpdfiumjni.so
76db80fec000-76db80fed000 rw-p 00005000 103:06 42098579                  /home/elie-gambache/.cache/pdfium/native/linux-x86-64/libpdfiumjni.so
76db80fed000-76db81000000 rw-s 00000000 00:06 1158                       /dev/nvidiactl
76db81000000-76db8124f000 r-xp 00000000 103:06 7359943                   /usr/lib/x86_64-linux-gnu/libnvidia-glcore.so.590.48.01
76db8124f000-76db81270000 rwxp 0024f000 103:06 7359943                   /usr/lib/x86_64-linux-gnu/libnvidia-glcore.so.590.48.01
76db81270000-76db81400000 r-xp 00270000 103:06 7359943                   /usr/lib/x86_64-linux-gnu/libnvidia-glcore.so.590.48.01
76db81400000-76db82000000 r-xp 00400000 103:06 7359943                   /usr/lib/x86_64-linux-gnu/libnvidia-glcore.so.590.48.01
76db82000000-76db8309a000 r-xp 01000000 103:06 7359943                   /usr/lib/x86_64-linux-gnu/libnvidia-glcore.so.590.48.01
76db8309a000-76db8309b000 ---p 0209a000 103:06 7359943                   /usr/lib/x86_64-linux-gnu/libnvidia-glcore.so.590.48.01
76db8309b000-76db83210000 r--p 0209a000 103:06 7359943                   /usr/lib/x86_64-linux-gnu/libnvidia-glcore.so.590.48.01
76db83210000-76db83273000 rw-p 0220f000 103:06 7359943                   /usr/lib/x86_64-linux-gnu/libnvidia-glcore.so.590.48.01
76db83273000-76db83292000 rw-p 00000000 00:00 0 
76db83294000-76db832a4000 rw-s 00000000 00:06 1159                       /dev/nvidia0
76db832a4000-76db832a7000 r--p 00000000 103:06 7348519                   /usr/lib/x86_64-linux-gnu/libxcb-xfixes.so.0.0.0
76db832a7000-76db832aa000 r-xp 00003000 103:06 7348519                   /usr/lib/x86_64-linux-gnu/libxcb-xfixes.so.0.0.0
76db832aa000-76db832ad000 r--p 00006000 103:06 7348519                   /usr/lib/x86_64-linux-gnu/libxcb-xfixes.so.0.0.0
76db832ad000-76db832ae000 r--p 00008000 103:06 7348519                   /usr/lib/x86_64-linux-gnu/libxcb-xfixes.so.0.0.0
76db832ae000-76db832af000 rw-p 00009000 103:06 7348519                   /usr/lib/x86_64-linux-gnu/libxcb-xfixes.so.0.0.0
76db832af000-76db832b2000 r--p 00000000 103:06 7342191                   /usr/lib/x86_64-linux-gnu/libxcb-sync.so.1.0.0
76db832b2000-76db832b5000 r-xp 00003000 103:06 7342191                   /usr/lib/x86_64-linux-gnu/libxcb-sync.so.1.0.0
76db832b5000-76db832b7000 r--p 00006000 103:06 7342191                   /usr/lib/x86_64-linux-gnu/libxcb-sync.so.1.0.0
76db832b7000-76db832b8000 r--p 00008000 103:06 7342191                   /usr/lib/x86_64-linux-gnu/libxcb-sync.so.1.0.0
76db832b8000-76db832b9000 rw-p 00009000 103:06 7342191                   /usr/lib/x86_64-linux-gnu/libxcb-sync.so.1.0.0
76db832b9000-76db832c0000 r--p 00000000 103:06 7341084                   /usr/lib/x86_64-linux-gnu/libxcb-randr.so.0.1.0
76db832c0000-76db832c5000 r-xp 00007000 103:06 7341084                   /usr/lib/x86_64-linux-gnu/libxcb-randr.so.0.1.0
76db832c5000-76db832cb000 r--p 0000c000 103:06 7341084                   /usr/lib/x86_64-linux-gnu/libxcb-randr.so.0.1.0
76db832cb000-76db832cc000 r--p 00011000 103:06 7341084                   /usr/lib/x86_64-linux-gnu/libxcb-randr.so.0.1.0
76db832cc000-76db832cd000 rw-p 00012000 103:06 7341084                   /usr/lib/x86_64-linux-gnu/libxcb-randr.so.0.1.0
76db832cd000-76db8331e000 r--p 00000000 103:06 7359933                   /usr/lib/x86_64-linux-gnu/libGLX_nvidia.so.590.48.01
76db8331e000-76db8337b000 r-xp 00051000 103:06 7359933                   /usr/lib/x86_64-linux-gnu/libGLX_nvidia.so.590.48.01
76db8337b000-76db833b0000 rwxp 000ae000 103:06 7359933                   /usr/lib/x86_64-linux-gnu/libGLX_nvidia.so.590.48.01
76db833b0000-76db833b1000 r-xp 000e3000 103:06 7359933                   /usr/lib/x86_64-linux-gnu/libGLX_nvidia.so.590.48.01
76db833b1000-76db833d1000 r--p 000e4000 103:06 7359933                   /usr/lib/x86_64-linux-gnu/libGLX_nvidia.so.590.48.01
76db833d1000-76db833f1000 r--p 00103000 103:06 7359933                   /usr/lib/x86_64-linux-gnu/libGLX_nvidia.so.590.48.01
76db833f1000-76db833f6000 rw-p 00123000 103:06 7359933                   /usr/lib/x86_64-linux-gnu/libGLX_nvidia.so.590.48.01
76db833f6000-76db833f8000 rw-p 00000000 00:00 0 
76db833f8000-76db833fc000 ---p 00000000 00:00 0 
76db833fc000-76db834f8000 rw-p 00000000 00:00 0 
76db834f8000-76db834fc000 ---p 00000000 00:00 0 
76db834fc000-76db835f8000 rw-p 00000000 00:00 0 
76db835f8000-76db835fc000 ---p 00000000 00:00 0 
76db835fc000-76db836f8000 rw-p 00000000 00:00 0 
76db836f8000-76db836fc000 ---p 00000000 00:00 0 
76db836fc000-76db84000000 rw-p 00000000 00:00 0 
76db84000000-76db84021000 rw-p 00000000 00:00 0 
76db84021000-76db88000000 ---p 00000000 00:00 0 
76db88000000-76db88021000 rw-p 00000000 00:00 0 
76db88021000-76db8c000000 ---p 00000000 00:00 0 
76db8c000000-76db8c021000 rw-p 00000000 00:00 0 
76db8c021000-76db90000000 ---p 00000000 00:00 0 
76db90000000-76db90021000 rw-p 00000000 00:00 0 
76db90021000-76db94000000 ---p 00000000 00:00 0 
76db94000000-76db94021000 rw-p 00000000 00:00 0 
76db94021000-76db98000000 ---p 00000000 00:00 0 
76db98000000-76db98021000 rw-p 00000000 00:00 0 
76db98021000-76db9c000000 ---p 00000000 00:00 0 
76db9c000000-76db9c021000 rw-p 00000000 00:00 0 
76db9c021000-76dba0000000 ---p 00000000 00:00 0 
76dba0000000-76dba0021000 rw-p 00000000 00:00 0 
76dba0021000-76dba4000000 ---p 00000000 00:00 0 
76dba4000000-76dba4718000 rw-p 00000000 00:00 0 
76dba4718000-76dba8000000 ---p 00000000 00:00 0 
76dba8000000-76dba8079000 rw-p 00000000 00:00 0 
76dba8079000-76dbac000000 ---p 00000000 00:00 0 
76dbac000000-76dbac021000 rw-p 00000000 00:00 0 
76dbac021000-76dbb0000000 ---p 00000000 00:00 0 
76dbb0000000-76dbb0021000 rw-p 00000000 00:00 0 
76dbb0021000-76dbb4000000 ---p 00000000 00:00 0 
76dbb4000000-76dbb4021000 rw-p 00000000 00:00 0 
76dbb4021000-76dbb8000000 ---p 00000000 00:00 0 
76dbb8000000-76dbb8021000 rw-p 00000000 00:00 0 
76dbb8021000-76dbbc000000 ---p 00000000 00:00 0 
76dbbc000000-76dbbc0e4000 rw-p 00000000 00:00 0 
76dbbc0e4000-76dbc0000000 ---p 00000000 00:00 0 
76dbc0000000-76dbc0ed9000 rw-p 00000000 00:00 0 
76dbc0ed9000-76dbc4000000 ---p 00000000 00:00 0 
76dbc4000000-76dbc4021000 rw-p 00000000 00:00 0 
76dbc4021000-76dbc8000000 ---p 00000000 00:00 0 
76dbc8000000-76dbc8021000 rw-p 00000000 00:00 0 
76dbc8021000-76dbcc000000 ---p 00000000 00:00 0 
76dbcc000000-76dbcc021000 rw-p 00000000 00:00 0 
76dbcc021000-76dbd0000000 ---p 00000000 00:00 0 
76dbd0000000-76dbd0001000 r--p 00000000 103:06 44190711                  /home/elie-gambache/.jdks/jbrsdk_jcef-21.0.8-1/lib/libextnet.so
76dbd0001000-76dbd0002000 r-xp 00001000 103:06 44190711                  /home/elie-gambache/.jdks/jbrsdk_jcef-21.0.8-1/lib/libextnet.so
76dbd0002000-76dbd0003000 r--p 00002000 103:06 44190711                  /home/elie-gambache/.jdks/jbrsdk_jcef-21.0.8-1/lib/libextnet.so
76dbd0003000-76dbd0004000 r--p 00002000 103:06 44190711                  /home/elie-gambache/.jdks/jbrsdk_jcef-21.0.8-1/lib/libextnet.so
76dbd0004000-76dbd0005000 rw-p 00000000 00:00 0 
76dbd0005000-76dbd0015000 r--p 00000000 103:06 7359944                   /usr/lib/x86_64-linux-gnu/libnvidia-glsi.so.590.48.01
76dbd0015000-76dbd0075000 r-xp 00010000 103:06 7359944                   /usr/lib/x86_64-linux-gnu/libnvidia-glsi.so.590.48.01
76dbd0075000-76dbd0092000 r--p 00070000 103:06 7359944                   /usr/lib/x86_64-linux-gnu/libnvidia-glsi.so.590.48.01
76dbd0092000-76dbd0098000 r--p 0008c000 103:06 7359944                   /usr/lib/x86_64-linux-gnu/libnvidia-glsi.so.590.48.01
76dbd0098000-76dbd0099000 rw-p 00092000 103:06 7359944                   /usr/lib/x86_64-linux-gnu/libnvidia-glsi.so.590.48.01
76dbd0099000-76dbd00a1000 rw-p 00000000 00:00 0 
76dbd00a1000-76dbd06a7000 rw-p 00000000 00:00 0 
76dbd06a7000-76dbd06ab000 ---p 00000000 00:00 0 
76dbd06ab000-76dbd07a7000 rw-p 00000000 00:00 0 
76dbd07a7000-76dbd07ab000 ---p 00000000 00:00 0 
76dbd07ab000-76dbd08a7000 rw-p 00000000 00:00 0 
76dbd08a7000-76dbd08ab000 ---p 00000000 00:00 0 
76dbd08ab000-76dbd09a7000 rw-p 00000000 00:00 0 
76dbd09a7000-76dbd09ab000 ---p 00000000 00:00 0 
76dbd09ab000-76dbd22aa000 rw-p 00000000 00:00 0 
76dbd22aa000-76dbd22bb000 r--p 00000000 103:06 7340316                   /usr/lib/x86_64-linux-gnu/libibus-1.0.so.5.0.532
76dbd22bb000-76dbd22f4000 r-xp 00011000 103:06 7340316                   /usr/lib/x86_64-linux-gnu/libibus-1.0.so.5.0.532
76dbd22f4000-76dbd2335000 r--p 0004a000 103:06 7340316                   /usr/lib/x86_64-linux-gnu/libibus-1.0.so.5.0.532
76dbd2335000-76dbd2338000 r--p 0008a000 103:06 7340316                   /usr/lib/x86_64-linux-gnu/libibus-1.0.so.5.0.532
76dbd2338000-76dbd2339000 rw-p 0008d000 103:06 7340316                   /usr/lib/x86_64-linux-gnu/libibus-1.0.so.5.0.532
76dbd2339000-76dbd2441000 r--p 00000000 103:06 7488419                   /usr/share/fonts/truetype/ubuntu/UbuntuSans[wdth,wght].ttf
76dbd2441000-76dbd2549000 r--p 00000000 103:06 7488419                   /usr/share/fonts/truetype/ubuntu/UbuntuSans[wdth,wght].ttf
76dbd2549000-76dbd25fd000 r--p 00000000 103:06 7770630                   /usr/share/themes/Yaru-blue-dark/gtk-3.0/gtk.gresource
76dbd25fd000-76dbd2601000 ---p 00000000 00:00 0 
76dbd2601000-76dbd26fd000 rw-p 00000000 00:00 0 
76dbd26fd000-76dbd2701000 ---p 00000000 00:00 0 
76dbd2701000-76dbd4000000 rw-p 00000000 00:00 0 
76dbd4000000-76dbd4021000 rw-p 00000000 00:00 0 
76dbd4021000-76dbd8000000 ---p 00000000 00:00 0 
76dbd8000000-76dbd807d000 rw-p 00000000 00:00 0 
76dbd807d000-76dbdc000000 ---p 00000000 00:00 0 
76dbdc000000-76dbdc021000 rw-p 00000000 00:00 0 
76dbdc021000-76dbe0000000 ---p 00000000 00:00 0 
76dbe0003000-76dbe000e000 r--p 00000000 103:06 7340695                   /usr/lib/x86_64-linux-gnu/libxcb-glx.so.0.0.0
76dbe000e000-76dbe0017000 r-xp 0000b000 103:06 7340695                   /usr/lib/x86_64-linux-gnu/libxcb-glx.so.0.0.0
76dbe0017000-76dbe0020000 r--p 00014000 103:06 7340695                   /usr/lib/x86_64-linux-gnu/libxcb-glx.so.0.0.0
76dbe0020000-76dbe0022000 r--p 0001d000 103:06 7340695                   /usr/lib/x86_64-linux-gnu/libxcb-glx.so.0.0.0
76dbe0022000-76dbe0023000 rw-p 0001f000 103:06 7340695                   /usr/lib/x86_64-linux-gnu/libxcb-glx.so.0.0.0
76dbe0024000-76dbe0025000 r--p 00000000 103:06 44190689                  /home/elie-gambache/.jdks/jbrsdk_jcef-21.0.8-1/lib/libjaas.so
76dbe0025000-76dbe0026000 r-xp 00001000 103:06 44190689                  /home/elie-gambache/.jdks/jbrsdk_jcef-21.0.8-1/lib/libjaas.so
76dbe0026000-76dbe0027000 r--p 00002000 103:06 44190689                  /home/elie-gambache/.jdks/jbrsdk_jcef-21.0.8-1/lib/libjaas.so
76dbe0027000-76dbe0028000 r--p 00002000 103:06 44190689                  /home/elie-gambache/.jdks/jbrsdk_jcef-21.0.8-1/lib/libjaas.so
76dbe0028000-76dbe0029000 rw-p 00000000 00:00 0 
76dbe0029000-76dbe002d000 rw-s 00000000 00:06 1158                       /dev/nvidiactl
76dbe002d000-76dbe0031000 rw-s 00000000 00:06 1158                       /dev/nvidiactl
76dbe0031000-76dbe0041000 rw-s 00000000 00:06 1159                       /dev/nvidia0
76dbe0041000-76dbe0095000 r--p 00000000 103:06 7488074                   /usr/share/fonts/truetype/dejavu/DejaVuSansMono.ttf
76dbe0095000-76dbe0099000 ---p 00000000 00:00 0 
76dbe0099000-76dbe0195000 rw-p 00000000 00:00 0 
76dbe0195000-76dbe019b000 r--p 00000000 103:06 7355313                   /usr/lib/x86_64-linux-gnu/libmvec.so.1
76dbe019b000-76dbe01be000 r-xp 00006000 103:06 7355313                   /usr/lib/x86_64-linux-gnu/libmvec.so.1
76dbe01be000-76dbe0295000 r--p 00029000 103:06 7355313                   /usr/lib/x86_64-linux-gnu/libmvec.so.1
76dbe0295000-76dbe0296000 r--p 00100000 103:06 7355313                   /usr/lib/x86_64-linux-gnu/libmvec.so.1
76dbe0296000-76dbe0297000 rw-p 00101000 103:06 7355313                   /usr/lib/x86_64-linux-gnu/libmvec.so.1
76dbe0297000-76dbe0299000 r--p 00000000 103:06 7372656                   /usr/lib/x86_64-linux-gnu/libogg.so.0.8.5
76dbe0299000-76dbe029c000 r-xp 00002000 103:06 7372656                   /usr/lib/x86_64-linux-gnu/libogg.so.0.8.5
76dbe029c000-76dbe029f000 r--p 00005000 103:06 7372656                   /usr/lib/x86_64-linux-gnu/libogg.so.0.8.5
76dbe029f000-76dbe02a0000 r--p 00007000 103:06 7372656                   /usr/lib/x86_64-linux-gnu/libogg.so.0.8.5
76dbe02a0000-76dbe02a1000 rw-p 00008000 103:06 7372656                   /usr/lib/x86_64-linux-gnu/libogg.so.0.8.5
76dbe02a1000-76dbe02a4000 r--p 00000000 103:06 7343122                   /usr/lib/x86_64-linux-gnu/libvorbis.so.0.4.9
76dbe02a4000-76dbe02bd000 r-xp 00003000 103:06 7343122                   /usr/lib/x86_64-linux-gnu/libvorbis.so.0.4.9
76dbe02bd000-76dbe02cf000 r--p 0001c000 103:06 7343122                   /usr/lib/x86_64-linux-gnu/libvorbis.so.0.4.9
76dbe02cf000-76dbe02d0000 r--p 0002e000 103:06 7343122                   /usr/lib/x86_64-linux-gnu/libvorbis.so.0.4.9
76dbe02d0000-76dbe02d1000 rw-p 0002f000 103:06 7343122                   /usr/lib/x86_64-linux-gnu/libvorbis.so.0.4.9
76dbe02d1000-76dbe033a000 rw-p 00000000 00:00 0 
76dbe033d000-76dbe033f000 r--p 00000000 103:06 7344699                   /usr/lib/x86_64-linux-gnu/libltdl.so.7.3.3
76dbe033f000-76dbe0344000 r-xp 00002000 103:06 7344699                   /usr/lib/x86_64-linux-gnu/libltdl.so.7.3.3
76dbe0344000-76dbe0347000 r--p 00007000 103:06 7344699                   /usr/lib/x86_64-linux-gnu/libltdl.so.7.3.3
76dbe0347000-76dbe0348000 r--p 0000a000 103:06 7344699                   /usr/lib/x86_64-linux-gnu/libltdl.so.7.3.3
76dbe0348000-76dbe0349000 rw-p 0000b000 103:06 7344699                   /usr/lib/x86_64-linux-gnu/libltdl.so.7.3.3
76dbe0349000-76dbe034d000 r--p 00000000 103:06 7340852                   /usr/lib/x86_64-linux-gnu/libtdb.so.1.4.13
76dbe034d000-76dbe035b000 r-xp 00004000 103:06 7340852                   /usr/lib/x86_64-linux-gnu/libtdb.so.1.4.13
76dbe035b000-76dbe0360000 r--p 00012000 103:06 7340852                   /usr/lib/x86_64-linux-gnu/libtdb.so.1.4.13
76dbe0360000-76dbe0361000 r--p 00016000 103:06 7340852                   /usr/lib/x86_64-linux-gnu/libtdb.so.1.4.13
76dbe0361000-76dbe0362000 rw-p 00017000 103:06 7340852                   /usr/lib/x86_64-linux-gnu/libtdb.so.1.4.13
76dbe0362000-76dbe0365000 r--p 00000000 103:06 7350534                   /usr/lib/x86_64-linux-gnu/libcanberra.so.0.2.5
76dbe0365000-76dbe036f000 r-xp 00003000 103:06 7350534                   /usr/lib/x86_64-linux-gnu/libcanberra.so.0.2.5
76dbe036f000-76dbe0373000 r--p 0000d000 103:06 7350534                   /usr/lib/x86_64-linux-gnu/libcanberra.so.0.2.5
76dbe0373000-76dbe0374000 r--p 00011000 103:06 7350534                   /usr/lib/x86_64-linux-gnu/libcanberra.so.0.2.5
76dbe0374000-76dbe0375000 rw-p 00012000 103:06 7350534                   /usr/lib/x86_64-linux-gnu/libcanberra.so.0.2.5
76dbe0376000-76dbe0377000 r--p 00000000 103:06 7342706                   /usr/lib/x86_64-linux-gnu/libxcb-present.so.0.0.0
76dbe0377000-76dbe0378000 r-xp 00001000 103:06 7342706                   /usr/lib/x86_64-linux-gnu/libxcb-present.so.0.0.0
76dbe0378000-76dbe0379000 r--p 00002000 103:06 7342706                   /usr/lib/x86_64-linux-gnu/libxcb-present.so.0.0.0
76dbe0379000-76dbe037a000 r--p 00002000 103:06 7342706                   /usr/lib/x86_64-linux-gnu/libxcb-present.so.0.0.0
76dbe037a000-76dbe037b000 rw-p 00003000 103:06 7342706                   /usr/lib/x86_64-linux-gnu/libxcb-present.so.0.0.0
76dbe037b000-76dbe037c000 r--p 00000000 103:06 7348385                   /usr/lib/x86_64-linux-gnu/libX11-xcb.so.1.0.0
76dbe037c000-76dbe037d000 r-xp 00001000 103:06 7348385                   /usr/lib/x86_64-linux-gnu/libX11-xcb.so.1.0.0
76dbe037d000-76dbe037e000 r--p 00002000 103:06 7348385                   /usr/lib/x86_64-linux-gnu/libX11-xcb.so.1.0.0
76dbe037e000-76dbe037f000 r--p 00002000 103:06 7348385                   /usr/lib/x86_64-linux-gnu/libX11-xcb.so.1.0.0
76dbe037f000-76dbe0380000 rw-p 00003000 103:06 7348385                   /usr/lib/x86_64-linux-gnu/libX11-xcb.so.1.0.0
76dbe0380000-76dbe0382000 r--p 00000000 103:06 7341014                   /usr/lib/x86_64-linux-gnu/libxcb-dri3.so.0.1.0
76dbe0382000-76dbe0384000 r-xp 00002000 103:06 7341014                   /usr/lib/x86_64-linux-gnu/libxcb-dri3.so.0.1.0
76dbe0384000-76dbe0386000 r--p 00004000 103:06 7341014                   /usr/lib/x86_64-linux-gnu/libxcb-dri3.so.0.1.0
76dbe0386000-76dbe0387000 r--p 00005000 103:06 7341014                   /usr/lib/x86_64-linux-gnu/libxcb-dri3.so.0.1.0
76dbe0387000-76dbe0388000 rw-p 00006000 103:06 7341014                   /usr/lib/x86_64-linux-gnu/libxcb-dri3.so.0.1.0
76dbe0388000-76dbe038b000 r--p 00000000 103:06 7471261                   /usr/lib/x86_64-linux-gnu/gtk-3.0/3.0.0/immodules/im-ibus.so
76dbe038b000-76dbe038f000 r-xp 00003000 103:06 7471261                   /usr/lib/x86_64-linux-gnu/gtk-3.0/3.0.0/immodules/im-ibus.so
76dbe038f000-76dbe0391000 r--p 00007000 103:06 7471261                   /usr/lib/x86_64-linux-gnu/gtk-3.0/3.0.0/immodules/im-ibus.so
76dbe0391000-76dbe0392000 r--p 00009000 103:06 7471261                   /usr/lib/x86_64-linux-gnu/gtk-3.0/3.0.0/immodules/im-ibus.so
76dbe0392000-76dbe0393000 rw-p 0000a000 103:06 7471261                   /usr/lib/x86_64-linux-gnu/gtk-3.0/3.0.0/immodules/im-ibus.so
76dbe0393000-76dbe03d4000 rw-p 00000000 00:00 0 
76dbe03d4000-76dbe03d5000 r--p 00000000 103:06 7360537                   /usr/lib/x86_64-linux-gnu/libnvidia-tls.so.590.48.01
76dbe03d5000-76dbe03d7000 r-xp 00001000 103:06 7360537                   /usr/lib/x86_64-linux-gnu/libnvidia-tls.so.590.48.01
76dbe03d7000-76dbe03d8000 r--p 00003000 103:06 7360537                   /usr/lib/x86_64-linux-gnu/libnvidia-tls.so.590.48.01
76dbe03d8000-76dbe03d9000 r--p 00003000 103:06 7360537                   /usr/lib/x86_64-linux-gnu/libnvidia-tls.so.590.48.01
76dbe03d9000-76dbe03da000 rw-p 00004000 103:06 7360537                   /usr/lib/x86_64-linux-gnu/libnvidia-tls.so.590.48.01
76dbe03da000-76dbe03dc000 r--p 00000000 103:06 7343120                   /usr/lib/x86_64-linux-gnu/libvorbisfile.so.3.3.8
76dbe03dc000-76dbe03e2000 r-xp 00002000 103:06 7343120                   /usr/lib/x86_64-linux-gnu/libvorbisfile.so.3.3.8
76dbe03e2000-76dbe03e4000 r--p 00008000 103:06 7343120                   /usr/lib/x86_64-linux-gnu/libvorbisfile.so.3.3.8
76dbe03e4000-76dbe03e5000 r--p 00009000 103:06 7343120                   /usr/lib/x86_64-linux-gnu/libvorbisfile.so.3.3.8
76dbe03e5000-76dbe03e6000 rw-p 0000a000 103:06 7343120                   /usr/lib/x86_64-linux-gnu/libvorbisfile.so.3.3.8
76dbe03e6000-76dbe03e8000 r--p 00000000 103:06 7350536                   /usr/lib/x86_64-linux-gnu/libcanberra-gtk3.so.0.1.9
76dbe03e8000-76dbe03ea000 r-xp 00002000 103:06 7350536                   /usr/lib/x86_64-linux-gnu/libcanberra-gtk3.so.0.1.9
76dbe03ea000-76dbe03eb000 r--p 00004000 103:06 7350536                   /usr/lib/x86_64-linux-gnu/libcanberra-gtk3.so.0.1.9
76dbe03eb000-76dbe03ec000 r--p 00004000 103:06 7350536                   /usr/lib/x86_64-linux-gnu/libcanberra-gtk3.so.0.1.9
76dbe03ec000-76dbe03ed000 rw-p 00005000 103:06 7350536                   /usr/lib/x86_64-linux-gnu/libcanberra-gtk3.so.0.1.9
76dbe03ed000-76dbe03ef000 r--p 00000000 103:06 7472217                   /usr/lib/x86_64-linux-gnu/gtk-3.0/modules/libcanberra-gtk3-module.so
76dbe03ef000-76dbe03f2000 r-xp 00002000 103:06 7472217                   /usr/lib/x86_64-linux-gnu/gtk-3.0/modules/libcanberra-gtk3-module.so
76dbe03f2000-76dbe03f3000 r--p 00005000 103:06 7472217                   /usr/lib/x86_64-linux-gnu/gtk-3.0/modules/libcanberra-gtk3-module.so
76dbe03f3000-76dbe03f4000 r--p 00006000 103:06 7472217                   /usr/lib/x86_64-linux-gnu/gtk-3.0/modules/libcanberra-gtk3-module.so
76dbe03f4000-76dbe03f5000 rw-p 00007000 103:06 7472217                   /usr/lib/x86_64-linux-gnu/gtk-3.0/modules/libcanberra-gtk3-module.so
76dbe03f5000-76dbe0403000 r--s 00000000 103:06 34344044                  /var/cache/fontconfig/a4e60e8d1e10d2fdff3fe3037a1845fb-le64.cache-9
76dbe0403000-76dbe0461000 r--s 00000000 103:06 34345567                  /var/cache/fontconfig/2300eef321c393bfd76478a5c0e95b23-le64.cache-9
76dbe0461000-76dbe04d6000 r--s 00000000 103:06 34343686                  /var/cache/fontconfig/0bd3dc0958fa2205aaaa8ebb13e2872b-le64.cache-9
76dbe04d6000-76dbe04de000 r--s 00000000 103:06 34345564                  /var/cache/fontconfig/3047814df9a2f067bd2d96a2b9c36e5a-le64.cache-9
76dbe04de000-76dbe04f5000 r--s 00000000 103:06 34345563                  /var/cache/fontconfig/d52a8644073d54c13679302ca1180695-le64.cache-9
76dbe04f5000-76dbe0502000 r--s 00000000 103:06 34345560                  /var/cache/fontconfig/d589a48862398ed80a3d6066f4f56f4c-le64.cache-9
76dbe0502000-76dbe0512000 r--s 00000000 103:06 34345556                  /var/cache/fontconfig/6cc790b63b123a6a96ee260fcdad32a9-le64.cache-9
76dbe0512000-76dbe0523000 r--s 00000000 103:06 34345550                  /var/cache/fontconfig/9b89f8e3dae116d678bbf48e5f21f69b-le64.cache-9
76dbe0523000-76dbe0536000 r--p 00000000 103:06 7349382                   /usr/lib/x86_64-linux-gnu/gvfs/libgvfscommon.so
76dbe0536000-76dbe0552000 r-xp 00013000 103:06 7349382                   /usr/lib/x86_64-linux-gnu/gvfs/libgvfscommon.so
76dbe0552000-76dbe055e000 r--p 0002f000 103:06 7349382                   /usr/lib/x86_64-linux-gnu/gvfs/libgvfscommon.so
76dbe055e000-76dbe0564000 r--p 0003a000 103:06 7349382                   /usr/lib/x86_64-linux-gnu/gvfs/libgvfscommon.so
76dbe0564000-76dbe0565000 rw-p 00040000 103:06 7349382                   /usr/lib/x86_64-linux-gnu/gvfs/libgvfscommon.so
76dbe0565000-76dbe0570000 r--p 00000000 103:06 7349377                   /usr/lib/x86_64-linux-gnu/gio/modules/libgvfsdbus.so
76dbe0570000-76dbe058e000 r-xp 0000b000 103:06 7349377                   /usr/lib/x86_64-linux-gnu/gio/modules/libgvfsdbus.so
76dbe058e000-76dbe0596000 r--p 00029000 103:06 7349377                   /usr/lib/x86_64-linux-gnu/gio/modules/libgvfsdbus.so
76dbe0596000-76dbe0598000 r--p 00031000 103:06 7349377                   /usr/lib/x86_64-linux-gnu/gio/modules/libgvfsdbus.so
76dbe0598000-76dbe0599000 rw-p 00033000 103:06 7349377                   /usr/lib/x86_64-linux-gnu/gio/modules/libgvfsdbus.so
76dbe0599000-76dbe064d000 r--p 00000000 103:06 7770630                   /usr/share/themes/Yaru-blue-dark/gtk-3.0/gtk.gresource
76dbe064d000-76dbe064e000 r--p 00000000 103:06 44190740                  /home/elie-gambache/.jdks/jbrsdk_jcef-21.0.8-1/lib/libjawt.so
76dbe064e000-76dbe064f000 r-xp 00001000 103:06 44190740                  /home/elie-gambache/.jdks/jbrsdk_jcef-21.0.8-1/lib/libjawt.so
76dbe064f000-76dbe0650000 r--p 00002000 103:06 44190740                  /home/elie-gambache/.jdks/jbrsdk_jcef-21.0.8-1/lib/libjawt.so
76dbe0650000-76dbe0651000 r--p 00002000 103:06 44190740                  /home/elie-gambache/.jdks/jbrsdk_jcef-21.0.8-1/lib/libjawt.so
76dbe0651000-76dbe0652000 rw-p 00000000 00:00 0 
76dbe0652000-76dbe0660000 r--s 00000000 103:06 34341322                  /var/cache/fontconfig/e13b20fdb08344e0e664864cc2ede53d-le64.cache-9
76dbe0660000-76dbe0673000 r--s 00000000 103:06 34342342                  /var/cache/fontconfig/7ef2298fde41cc6eeb7af42e48b7d293-le64.cache-9
76dbe0673000-76dbe0698000 r--p 00000000 103:06 7735317                   /usr/share/locale-langpack/fr/LC_MESSAGES/glib20.mo
76dbe0698000-76dbe06cf000 r--p 00000000 103:06 7735455                   /usr/share/locale-langpack/fr/LC_MESSAGES/gtk30-properties.mo
76dbe06cf000-76dbe0ed0000 rw-p 00000000 00:00 0 
76dbe0ed0000-76dbe0ed1000 r--p 00000000 103:06 7346315                   /usr/lib/x86_64-linux-gnu/libgthread-2.0.so.0.8600.0
76dbe0ed1000-76dbe0ed2000 r-xp 00001000 103:06 7346315                   /usr/lib/x86_64-linux-gnu/libgthread-2.0.so.0.8600.0
76dbe0ed2000-76dbe0ed3000 r--p 00002000 103:06 7346315                   /usr/lib/x86_64-linux-gnu/libgthread-2.0.so.0.8600.0
76dbe0ed3000-76dbe0ed4000 r--p 00002000 103:06 7346315                   /usr/lib/x86_64-linux-gnu/libgthread-2.0.so.0.8600.0
76dbe0ed4000-76dbe0ed5000 rw-p 00003000 103:06 7346315                   /usr/lib/x86_64-linux-gnu/libgthread-2.0.so.0.8600.0
76dbe0ed5000-76dbe0ed8000 r--p 00000000 103:06 7343227                   /usr/lib/x86_64-linux-gnu/libcap.so.2.75
76dbe0ed8000-76dbe0ede000 r-xp 00003000 103:06 7343227                   /usr/lib/x86_64-linux-gnu/libcap.so.2.75
76dbe0ede000-76dbe0ee1000 r--p 00009000 103:06 7343227                   /usr/lib/x86_64-linux-gnu/libcap.so.2.75
76dbe0ee1000-76dbe0ee2000 r--p 0000c000 103:06 7343227                   /usr/lib/x86_64-linux-gnu/libcap.so.2.75
76dbe0ee2000-76dbe0ee3000 rw-p 0000d000 103:06 7343227                   /usr/lib/x86_64-linux-gnu/libcap.so.2.75
76dbe0ee3000-76dbe0efd000 r--p 00000000 103:06 7342577                   /usr/lib/x86_64-linux-gnu/libsystemd.so.0.40.0
76dbe0efd000-76dbe0faf000 r-xp 0001a000 103:06 7342577                   /usr/lib/x86_64-linux-gnu/libsystemd.so.0.40.0
76dbe0faf000-76dbe0fe5000 r--p 000cc000 103:06 7342577                   /usr/lib/x86_64-linux-gnu/libsystemd.so.0.40.0
76dbe0fe5000-76dbe0ff1000 r--p 00102000 103:06 7342577                   /usr/lib/x86_64-linux-gnu/libsystemd.so.0.40.0
76dbe0ff1000-76dbe0ff2000 rw-p 0010e000 103:06 7342577                   /usr/lib/x86_64-linux-gnu/libsystemd.so.0.40.0
76dbe0ff2000-76dbe0ff3000 rw-p 00000000 00:00 0 
76dbe0ff3000-76dbe0ff5000 r--p 00000000 103:06 7344389                   /usr/lib/x86_64-linux-gnu/libdatrie.so.1.4.0
76dbe0ff5000-76dbe0ff9000 r-xp 00002000 103:06 7344389                   /usr/lib/x86_64-linux-gnu/libdatrie.so.1.4.0
76dbe0ff9000-76dbe0ffa000 r--p 00006000 103:06 7344389                   /usr/lib/x86_64-linux-gnu/libdatrie.so.1.4.0
76dbe0ffa000-76dbe0ffb000 r--p 00006000 103:06 7344389                   /usr/lib/x86_64-linux-gnu/libdatrie.so.1.4.0
76dbe0ffb000-76dbe0ffc000 rw-p 00007000 103:06 7344389                   /usr/lib/x86_64-linux-gnu/libdatrie.so.1.4.0
76dbe0ffc000-76dbe1003000 r--p 00000000 103:06 7340126                   /usr/lib/x86_64-linux-gnu/libblkid.so.1.1.0
76dbe1003000-76dbe1028000 r-xp 00007000 103:06 7340126                   /usr/lib/x86_64-linux-gnu/libblkid.so.1.1.0
76dbe1028000-76dbe1031000 r--p 0002c000 103:06 7340126                   /usr/lib/x86_64-linux-gnu/libblkid.so.1.1.0
76dbe1031000-76dbe1037000 r--p 00034000 103:06 7340126                   /usr/lib/x86_64-linux-gnu/libblkid.so.1.1.0
76dbe1037000-76dbe1038000 rw-p 0003a000 103:06 7340126                   /usr/lib/x86_64-linux-gnu/libblkid.so.1.1.0
76dbe1038000-76dbe1044000 r--p 00000000 103:06 7340463                   /usr/lib/x86_64-linux-gnu/libdbus-1.so.3.38.3
76dbe1044000-76dbe1075000 r-xp 0000c000 103:06 7340463                   /usr/lib/x86_64-linux-gnu/libdbus-1.so.3.38.3
76dbe1075000-76dbe1086000 r--p 0003d000 103:06 7340463                   /usr/lib/x86_64-linux-gnu/libdbus-1.so.3.38.3
76dbe1086000-76dbe1087000 r--p 0004d000 103:06 7340463                   /usr/lib/x86_64-linux-gnu/libdbus-1.so.3.38.3
76dbe1087000-76dbe1088000 rw-p 0004e000 103:06 7340463                   /usr/lib/x86_64-linux-gnu/libdbus-1.so.3.38.3
76dbe1088000-76dbe1099000 r--p 00000000 103:06 7347205                   /usr/lib/x86_64-linux-gnu/libatspi.so.0.0.1
76dbe1099000-76dbe10b4000 r-xp 00011000 103:06 7347205                   /usr/lib/x86_64-linux-gnu/libatspi.so.0.0.1
76dbe10b4000-76dbe10c1000 r--p 0002c000 103:06 7347205                   /usr/lib/x86_64-linux-gnu/libatspi.so.0.0.1
76dbe10c1000-76dbe10c5000 r--p 00039000 103:06 7347205                   /usr/lib/x86_64-linux-gnu/libatspi.so.0.0.1
76dbe10c5000-76dbe10c6000 rw-p 0003d000 103:06 7347205                   /usr/lib/x86_64-linux-gnu/libatspi.so.0.0.1
76dbe10c6000-76dbe10ca000 r--p 00000000 103:06 7346242                   /usr/lib/x86_64-linux-gnu/libjpeg.so.8.2.2
76dbe10ca000-76dbe111a000 r-xp 00004000 103:06 7346242                   /usr/lib/x86_64-linux-gnu/libjpeg.so.8.2.2
76dbe111a000-76dbe114a000 r--p 00054000 103:06 7346242                   /usr/lib/x86_64-linux-gnu/libjpeg.so.8.2.2
76dbe114a000-76dbe114b000 r--p 00084000 103:06 7346242                   /usr/lib/x86_64-linux-gnu/libjpeg.so.8.2.2
76dbe114b000-76dbe114c000 rw-p 00085000 103:06 7346242                   /usr/lib/x86_64-linux-gnu/libjpeg.so.8.2.2
76dbe114c000-76dbe1157000 r--p 00000000 103:06 7372700                   /usr/lib/x86_64-linux-gnu/libpixman-1.so.0.44.0
76dbe1157000-76dbe124a000 r-xp 0000b000 103:06 7372700                   /usr/lib/x86_64-linux-gnu/libpixman-1.so.0.44.0
76dbe124a000-76dbe125a000 r--p 000fe000 103:06 7372700                   /usr/lib/x86_64-linux-gnu/libpixman-1.so.0.44.0
76dbe125a000-76dbe1262000 r--p 0010d000 103:06 7372700                   /usr/lib/x86_64-linux-gnu/libpixman-1.so.0.44.0
76dbe1262000-76dbe1263000 rw-p 00115000 103:06 7372700                   /usr/lib/x86_64-linux-gnu/libpixman-1.so.0.44.0
76dbe1263000-76dbe1264000 r--p 00000000 103:06 7348470                   /usr/lib/x86_64-linux-gnu/libxcb-shm.so.0.0.0
76dbe1264000-76dbe1265000 r-xp 00001000 103:06 7348470                   /usr/lib/x86_64-linux-gnu/libxcb-shm.so.0.0.0
76dbe1265000-76dbe1266000 r--p 00002000 103:06 7348470                   /usr/lib/x86_64-linux-gnu/libxcb-shm.so.0.0.0
76dbe1266000-76dbe1267000 r--p 00002000 103:06 7348470                   /usr/lib/x86_64-linux-gnu/libxcb-shm.so.0.0.0
76dbe1267000-76dbe1268000 rw-p 00003000 103:06 7348470                   /usr/lib/x86_64-linux-gnu/libxcb-shm.so.0.0.0
76dbe1268000-76dbe126d000 r--p 00000000 103:06 7342716                   /usr/lib/x86_64-linux-gnu/libxcb-render.so.0.0.0
76dbe126d000-76dbe1272000 r-xp 00005000 103:06 7342716                   /usr/lib/x86_64-linux-gnu/libxcb-render.so.0.0.0
76dbe1272000-76dbe1276000 r--p 0000a000 103:06 7342716                   /usr/lib/x86_64-linux-gnu/libxcb-render.so.0.0.0
76dbe1276000-76dbe1277000 r--p 0000e000 103:06 7342716                   /usr/lib/x86_64-linux-gnu/libxcb-render.so.0.0.0
76dbe1277000-76dbe1278000 rw-p 0000f000 103:06 7342716                   /usr/lib/x86_64-linux-gnu/libxcb-render.so.0.0.0
76dbe1278000-76dbe127b000 r--p 00000000 103:06 7372411                   /usr/lib/x86_64-linux-gnu/libgraphite2.so.3.2.1
76dbe127b000-76dbe1298000 r-xp 00003000 103:06 7372411                   /usr/lib/x86_64-linux-gnu/libgraphite2.so.3.2.1
76dbe1298000-76dbe129b000 r--p 00020000 103:06 7372411                   /usr/lib/x86_64-linux-gnu/libgraphite2.so.3.2.1
76dbe129b000-76dbe129d000 r--p 00022000 103:06 7372411                   /usr/lib/x86_64-linux-gnu/libgraphite2.so.3.2.1
76dbe129d000-76dbe129e000 rw-p 00024000 103:06 7372411                   /usr/lib/x86_64-linux-gnu/libgraphite2.so.3.2.1
76dbe129e000-76dbe12a0000 r--p 00000000 103:06 7372842                   /usr/lib/x86_64-linux-gnu/libthai.so.0.3.1
76dbe12a0000-76dbe12a4000 r-xp 00002000 103:06 7372842                   /usr/lib/x86_64-linux-gnu/libthai.so.0.3.1
76dbe12a4000-76dbe12a7000 r--p 00006000 103:06 7372842                   /usr/lib/x86_64-linux-gnu/libthai.so.0.3.1
76dbe12a7000-76dbe12a8000 r--p 00008000 103:06 7372842                   /usr/lib/x86_64-linux-gnu/libthai.so.0.3.1
76dbe12a8000-76dbe12a9000 rw-p 00009000 103:06 7372842                   /usr/lib/x86_64-linux-gnu/libthai.so.0.3.1
76dbe12a9000-76dbe12b0000 r--p 00000000 103:06 7343218                   /usr/lib/x86_64-linux-gnu/libselinux.so.1
76dbe12b0000-76dbe12d1000 r-xp 00007000 103:06 7343218                   /usr/lib/x86_64-linux-gnu/libselinux.so.1
76dbe12d1000-76dbe12dc000 r--p 00028000 103:06 7343218                   /usr/lib/x86_64-linux-gnu/libselinux.so.1
76dbe12dc000-76dbe12dd000 r--p 00032000 103:06 7343218                   /usr/lib/x86_64-linux-gnu/libselinux.so.1
76dbe12dd000-76dbe12de000 rw-p 00033000 103:06 7343218                   /usr/lib/x86_64-linux-gnu/libselinux.so.1
76dbe12de000-76dbe12e0000 rw-p 00000000 00:00 0 
76dbe12e0000-76dbe12ea000 r--p 00000000 103:06 7340469                   /usr/lib/x86_64-linux-gnu/libmount.so.1.1.0
76dbe12ea000-76dbe1322000 r-xp 0000a000 103:06 7340469                   /usr/lib/x86_64-linux-gnu/libmount.so.1.1.0
76dbe1322000-76dbe1330000 r--p 00042000 103:06 7340469                   /usr/lib/x86_64-linux-gnu/libmount.so.1.1.0
76dbe1330000-76dbe1332000 r--p 00050000 103:06 7340469                   /usr/lib/x86_64-linux-gnu/libmount.so.1.1.0
76dbe1332000-76dbe1333000 rw-p 00052000 103:06 7340469                   /usr/lib/x86_64-linux-gnu/libmount.so.1.1.0
76dbe1333000-76dbe1336000 r--p 00000000 103:06 7343212                   /usr/lib/x86_64-linux-gnu/libpcre2-8.so.0.14.0
76dbe1336000-76dbe13b2000 r-xp 00003000 103:06 7343212                   /usr/lib/x86_64-linux-gnu/libpcre2-8.so.0.14.0
76dbe13b2000-76dbe13e0000 r--p 0007f000 103:06 7343212                   /usr/lib/x86_64-linux-gnu/libpcre2-8.so.0.14.0
76dbe13e0000-76dbe13e1000 r--p 000ac000 103:06 7343212                   /usr/lib/x86_64-linux-gnu/libpcre2-8.so.0.14.0
76dbe13e1000-76dbe13e2000 rw-p 000ad000 103:06 7343212                   /usr/lib/x86_64-linux-gnu/libpcre2-8.so.0.14.0
76dbe13e2000-76dbe13e4000 r--p 00000000 103:06 7347901                   /usr/lib/x86_64-linux-gnu/libatomic.so.1.2.0
76dbe13e4000-76dbe13e8000 r-xp 00002000 103:06 7347901                   /usr/lib/x86_64-linux-gnu/libatomic.so.1.2.0
76dbe13e8000-76dbe13ea000 r--p 00006000 103:06 7347901                   /usr/lib/x86_64-linux-gnu/libatomic.so.1.2.0
76dbe13ea000-76dbe13eb000 r--p 00007000 103:06 7347901                   /usr/lib/x86_64-linux-gnu/libatomic.so.1.2.0
76dbe13eb000-76dbe13ec000 rw-p 00008000 103:06 7347901                   /usr/lib/x86_64-linux-gnu/libatomic.so.1.2.0
76dbe13ec000-76dbe13ed000 rw-p 00000000 00:00 0 
76dbe13ed000-76dbe13ef000 r--p 00000000 103:06 7372035                   /usr/lib/x86_64-linux-gnu/libXrandr.so.2.2.0
76dbe13ef000-76dbe13f6000 r-xp 00002000 103:06 7372035                   /usr/lib/x86_64-linux-gnu/libXrandr.so.2.2.0
76dbe13f6000-76dbe13f8000 r--p 00009000 103:06 7372035                   /usr/lib/x86_64-linux-gnu/libXrandr.so.2.2.0
76dbe13f8000-76dbe13f9000 r--p 0000a000 103:06 7372035                   /usr/lib/x86_64-linux-gnu/libXrandr.so.2.2.0
76dbe13f9000-76dbe13fa000 rw-p 0000b000 103:06 7372035                   /usr/lib/x86_64-linux-gnu/libXrandr.so.2.2.0
76dbe13fa000-76dbe13ff000 r--p 00000000 103:06 7348284                   /usr/lib/x86_64-linux-gnu/libxkbcommon.so.0.0.0
76dbe13ff000-76dbe1421000 r-xp 00005000 103:06 7348284                   /usr/lib/x86_64-linux-gnu/libxkbcommon.so.0.0.0
76dbe1421000-76dbe1445000 r--p 00027000 103:06 7348284                   /usr/lib/x86_64-linux-gnu/libxkbcommon.so.0.0.0
76dbe1445000-76dbe1447000 r--p 0004a000 103:06 7348284                   /usr/lib/x86_64-linux-gnu/libxkbcommon.so.0.0.0
76dbe1447000-76dbe1448000 rw-p 0004c000 103:06 7348284                   /usr/lib/x86_64-linux-gnu/libxkbcommon.so.0.0.0
76dbe1448000-76dbe1454000 r--p 00000000 103:06 7347192                   /usr/lib/x86_64-linux-gnu/libatk-bridge-2.0.so.0.0.0
76dbe1454000-76dbe146f000 r-xp 0000c000 103:06 7347192                   /usr/lib/x86_64-linux-gnu/libatk-bridge-2.0.so.0.0.0
76dbe146f000-76dbe1483000 r--p 00027000 103:06 7347192                   /usr/lib/x86_64-linux-gnu/libatk-bridge-2.0.so.0.0.0
76dbe1483000-76dbe1484000 r--p 0003b000 103:06 7347192                   /usr/lib/x86_64-linux-gnu/libatk-bridge-2.0.so.0.0.0
76dbe1484000-76dbe1486000 rw-p 0003c000 103:06 7347192                   /usr/lib/x86_64-linux-gnu/libatk-bridge-2.0.so.0.0.0
76dbe1486000-76dbe14e6000 r--p 00000000 103:06 7372310                   /usr/lib/x86_64-linux-gnu/libepoxy.so.0.0.0
76dbe14e6000-76dbe154e000 r-xp 00060000 103:06 7372310                   /usr/lib/x86_64-linux-gnu/libepoxy.so.0.0.0
76dbe154e000-76dbe159c000 r--p 000c8000 103:06 7372310                   /usr/lib/x86_64-linux-gnu/libepoxy.so.0.0.0
76dbe159c000-76dbe15a4000 r--p 00115000 103:06 7372310                   /usr/lib/x86_64-linux-gnu/libepoxy.so.0.0.0
76dbe15a4000-76dbe15ab000 rw-p 0011d000 103:06 7372310                   /usr/lib/x86_64-linux-gnu/libepoxy.so.0.0.0
76dbe15ab000-76dbe15bf000 r--p 00000000 103:06 7348157                   /usr/lib/x86_64-linux-gnu/libcairo.so.2.11804.4
76dbe15bf000-76dbe16b6000 r-xp 00014000 103:06 7348157                   /usr/lib/x86_64-linux-gnu/libcairo.so.2.11804.4
76dbe16b6000-76dbe1710000 r--p 0010b000 103:06 7348157                   /usr/lib/x86_64-linux-gnu/libcairo.so.2.11804.4
76dbe1710000-76dbe1714000 r--p 00165000 103:06 7348157                   /usr/lib/x86_64-linux-gnu/libcairo.so.2.11804.4
76dbe1714000-76dbe1716000 rw-p 00169000 103:06 7348157                   /usr/lib/x86_64-linux-gnu/libcairo.so.2.11804.4
76dbe1716000-76dbe1717000 rw-p 00000000 00:00 0 
76dbe1717000-76dbe1723000 r--p 00000000 103:06 7372458                   /usr/lib/x86_64-linux-gnu/libharfbuzz.so.0.61020.0
76dbe1723000-76dbe181f000 r-xp 0000c000 103:06 7372458                   /usr/lib/x86_64-linux-gnu/libharfbuzz.so.0.61020.0
76dbe181f000-76dbe1852000 r--p 00108000 103:06 7372458                   /usr/lib/x86_64-linux-gnu/libharfbuzz.so.0.61020.0
76dbe1852000-76dbe1853000 r--p 0013b000 103:06 7372458                   /usr/lib/x86_64-linux-gnu/libharfbuzz.so.0.61020.0
76dbe1853000-76dbe1854000 rw-p 0013c000 103:06 7372458                   /usr/lib/x86_64-linux-gnu/libharfbuzz.so.0.61020.0
76dbe1854000-76dbe1867000 r--p 00000000 103:06 7340538                   /usr/lib/x86_64-linux-gnu/libpango-1.0.so.0.5600.3
76dbe1867000-76dbe18a6000 r-xp 00013000 103:06 7340538                   /usr/lib/x86_64-linux-gnu/libpango-1.0.so.0.5600.3
76dbe18a6000-76dbe18c7000 r--p 00052000 103:06 7340538                   /usr/lib/x86_64-linux-gnu/libpango-1.0.so.0.5600.3
76dbe18c7000-76dbe18cb000 r--p 00072000 103:06 7340538                   /usr/lib/x86_64-linux-gnu/libpango-1.0.so.0.5600.3
76dbe18cb000-76dbe18cc000 rw-p 00076000 103:06 7340538                   /usr/lib/x86_64-linux-gnu/libpango-1.0.so.0.5600.3
76dbe18cc000-76dbe1909000 r--p 00000000 103:06 7346311                   /usr/lib/x86_64-linux-gnu/libgio-2.0.so.0.8600.0
76dbe1909000-76dbe1a27000 r-xp 0003d000 103:06 7346311                   /usr/lib/x86_64-linux-gnu/libgio-2.0.so.0.8600.0
76dbe1a27000-76dbe1a9c000 r--p 0015b000 103:06 7346311                   /usr/lib/x86_64-linux-gnu/libgio-2.0.so.0.8600.0
76dbe1a9c000-76dbe1aa5000 r--p 001cf000 103:06 7346311                   /usr/lib/x86_64-linux-gnu/libgio-2.0.so.0.8600.0
76dbe1aa5000-76dbe1aa6000 rw-p 001d8000 103:06 7346311                   /usr/lib/x86_64-linux-gnu/libgio-2.0.so.0.8600.0
76dbe1aa6000-76dbe1aa8000 rw-p 00000000 00:00 0 
76dbe1aa8000-76dbe1ac7000 r--p 00000000 103:06 7346312                   /usr/lib/x86_64-linux-gnu/libglib-2.0.so.0.8600.0
76dbe1ac7000-76dbe1b6d000 r-xp 0001f000 103:06 7346312                   /usr/lib/x86_64-linux-gnu/libglib-2.0.so.0.8600.0
76dbe1b6d000-76dbe1bfd000 r--p 000c5000 103:06 7346312                   /usr/lib/x86_64-linux-gnu/libglib-2.0.so.0.8600.0
76dbe1bfd000-76dbe1bfe000 r--p 00155000 103:06 7346312                   /usr/lib/x86_64-linux-gnu/libglib-2.0.so.0.8600.0
76dbe1bfe000-76dbe1bff000 rw-p 00156000 103:06 7346312                   /usr/lib/x86_64-linux-gnu/libglib-2.0.so.0.8600.0
76dbe1bff000-76dbe1c00000 rw-p 00000000 00:00 0 
76dbe1c00000-76dbe1c8b000 r--p 00000000 103:06 7348288                   /usr/lib/x86_64-linux-gnu/libgtk-3.so.0.2418.32
76dbe1c8b000-76dbe203f000 r-xp 0008b000 103:06 7348288                   /usr/lib/x86_64-linux-gnu/libgtk-3.so.0.2418.32
76dbe203f000-76dbe2396000 r--p 0043f000 103:06 7348288                   /usr/lib/x86_64-linux-gnu/libgtk-3.so.0.2418.32
76dbe2396000-76dbe23a8000 r--p 00795000 103:06 7348288                   /usr/lib/x86_64-linux-gnu/libgtk-3.so.0.2418.32
76dbe23a8000-76dbe23aa000 rw-p 007a7000 103:06 7348288                   /usr/lib/x86_64-linux-gnu/libgtk-3.so.0.2418.32
76dbe23aa000-76dbe23af000 rw-p 00000000 00:00 0 
76dbe23af000-76dbe23b0000 r--p 00000000 103:06 7372022                   /usr/lib/x86_64-linux-gnu/libXcomposite.so.1.0.0
76dbe23b0000-76dbe23b1000 r-xp 00001000 103:06 7372022                   /usr/lib/x86_64-linux-gnu/libXcomposite.so.1.0.0
76dbe23b1000-76dbe23b2000 r--p 00002000 103:06 7372022                   /usr/lib/x86_64-linux-gnu/libXcomposite.so.1.0.0
76dbe23b2000-76dbe23b3000 r--p 00002000 103:06 7372022                   /usr/lib/x86_64-linux-gnu/libXcomposite.so.1.0.0
76dbe23b3000-76dbe23b4000 rw-p 00003000 103:06 7372022                   /usr/lib/x86_64-linux-gnu/libXcomposite.so.1.0.0
76dbe23b4000-76dbe23bf000 r--p 00000000 103:06 7347195                   /usr/lib/x86_64-linux-gnu/libatk-1.0.so.0.25710.1
76dbe23bf000-76dbe23cf000 r-xp 0000b000 103:06 7347195                   /usr/lib/x86_64-linux-gnu/libatk-1.0.so.0.25710.1
76dbe23cf000-76dbe23da000 r--p 0001b000 103:06 7347195                   /usr/lib/x86_64-linux-gnu/libatk-1.0.so.0.25710.1
76dbe23da000-76dbe23dd000 r--p 00026000 103:06 7347195                   /usr/lib/x86_64-linux-gnu/libatk-1.0.so.0.25710.1
76dbe23dd000-76dbe23de000 rw-p 00029000 103:06 7347195                   /usr/lib/x86_64-linux-gnu/libatk-1.0.so.0.25710.1
76dbe23de000-76dbe240c000 r--p 00000000 103:06 7348286                   /usr/lib/x86_64-linux-gnu/libgdk-3.so.0.2418.32
76dbe240c000-76dbe2499000 r-xp 0002e000 103:06 7348286                   /usr/lib/x86_64-linux-gnu/libgdk-3.so.0.2418.32
76dbe2499000-76dbe24f4000 r--p 000bb000 103:06 7348286                   /usr/lib/x86_64-linux-gnu/libgdk-3.so.0.2418.32
76dbe24f4000-76dbe24fe000 r--p 00115000 103:06 7348286                   /usr/lib/x86_64-linux-gnu/libgdk-3.so.0.2418.32
76dbe24fe000-76dbe2500000 rw-p 0011f000 103:06 7348286                   /usr/lib/x86_64-linux-gnu/libgdk-3.so.0.2418.32
76dbe2500000-76dbe2504000 ---p 00000000 00:00 0 
76dbe2504000-76dbe2600000 rw-p 00000000 00:00 0 
76dbe2600000-76dbe3f48000 r-xp 00000000 103:06 39209582                  /home/elie-gambache/.skiko/1e2ea5fc551f41d82555f34878b5242bb855debcececa6b7ebdeaf0d153a0311/libskiko-linux-x64.so
76dbe3f48000-76dbe3f80000 r--p 01947000 103:06 39209582                  /home/elie-gambache/.skiko/1e2ea5fc551f41d82555f34878b5242bb855debcececa6b7ebdeaf0d153a0311/libskiko-linux-x64.so
76dbe3f80000-76dbe3f83000 rw-p 0197f000 103:06 39209582                  /home/elie-gambache/.skiko/1e2ea5fc551f41d82555f34878b5242bb855debcececa6b7ebdeaf0d153a0311/libskiko-linux-x64.so
76dbe3f83000-76dbe3f8c000 rw-p 00000000 00:00 0 
76dbe3f8c000-76dbe3f8f000 rw-s 00000000 00:06 1158                       /dev/nvidiactl
76dbe3f8f000-76dbe3f90000 r--p 00000000 103:06 7372024                   /usr/lib/x86_64-linux-gnu/libXdamage.so.1.1.0
76dbe3f90000-76dbe3f91000 r-xp 00001000 103:06 7372024                   /usr/lib/x86_64-linux-gnu/libXdamage.so.1.1.0
76dbe3f91000-76dbe3f92000 r--p 00002000 103:06 7372024                   /usr/lib/x86_64-linux-gnu/libXdamage.so.1.1.0
76dbe3f92000-76dbe3f93000 r--p 00002000 103:06 7372024                   /usr/lib/x86_64-linux-gnu/libXdamage.so.1.1.0
76dbe3f93000-76dbe3f94000 rw-p 00003000 103:06 7372024                   /usr/lib/x86_64-linux-gnu/libXdamage.so.1.1.0
76dbe3f94000-76dbe3f95000 r--p 00000000 103:06 7348911                   /usr/lib/x86_64-linux-gnu/libwayland-egl.so.1.24.0
76dbe3f95000-76dbe3f96000 r-xp 00001000 103:06 7348911                   /usr/lib/x86_64-linux-gnu/libwayland-egl.so.1.24.0
76dbe3f96000-76dbe3f97000 r--p 00002000 103:06 7348911                   /usr/lib/x86_64-linux-gnu/libwayland-egl.so.1.24.0
76dbe3f97000-76dbe3f98000 r--p 00002000 103:06 7348911                   /usr/lib/x86_64-linux-gnu/libwayland-egl.so.1.24.0
76dbe3f98000-76dbe3f99000 rw-p 00003000 103:06 7348911                   /usr/lib/x86_64-linux-gnu/libwayland-egl.so.1.24.0
76dbe3f99000-76dbe3f9b000 r--p 00000000 103:06 7348908                   /usr/lib/x86_64-linux-gnu/libwayland-cursor.so.0.24.0
76dbe3f9b000-76dbe3f9d000 r-xp 00002000 103:06 7348908                   /usr/lib/x86_64-linux-gnu/libwayland-cursor.so.0.24.0
76dbe3f9d000-76dbe3f9e000 r--p 00004000 103:06 7348908                   /usr/lib/x86_64-linux-gnu/libwayland-cursor.so.0.24.0
76dbe3f9e000-76dbe3f9f000 r--p 00004000 103:06 7348908                   /usr/lib/x86_64-linux-gnu/libwayland-cursor.so.0.24.0
76dbe3f9f000-76dbe3fa3000 rw-p 00005000 103:06 7348908                   /usr/lib/x86_64-linux-gnu/libwayland-cursor.so.0.24.0
76dbe3fa3000-76dbe3fab000 r--p 00000000 103:06 7379479                   /usr/lib/x86_64-linux-gnu/libgdk_pixbuf-2.0.so.0.4200.12
76dbe3fab000-76dbe3fc7000 r-xp 00008000 103:06 7379479                   /usr/lib/x86_64-linux-gnu/libgdk_pixbuf-2.0.so.0.4200.12
76dbe3fc7000-76dbe3fd0000 r--p 00024000 103:06 7379479                   /usr/lib/x86_64-linux-gnu/libgdk_pixbuf-2.0.so.0.4200.12
76dbe3fd0000-76dbe3fd1000 r--p 0002d000 103:06 7379479                   /usr/lib/x86_64-linux-gnu/libgdk_pixbuf-2.0.so.0.4200.12
76dbe3fd1000-76dbe3fd2000 rw-p 0002e000 103:06 7379479                   /usr/lib/x86_64-linux-gnu/libgdk_pixbuf-2.0.so.0.4200.12
76dbe3fd2000-76dbe3fd6000 r--p 00000000 103:06 7348155                   /usr/lib/x86_64-linux-gnu/libcairo-gobject.so.2.11804.4
76dbe3fd6000-76dbe3fd8000 r-xp 00004000 103:06 7348155                   /usr/lib/x86_64-linux-gnu/libcairo-gobject.so.2.11804.4
76dbe3fd8000-76dbe3fdb000 r--p 00006000 103:06 7348155                   /usr/lib/x86_64-linux-gnu/libcairo-gobject.so.2.11804.4
76dbe3fdb000-76dbe3fdd000 r--p 00008000 103:06 7348155                   /usr/lib/x86_64-linux-gnu/libcairo-gobject.so.2.11804.4
76dbe3fdd000-76dbe3fde000 rw-p 0000a000 103:06 7348155                   /usr/lib/x86_64-linux-gnu/libcairo-gobject.so.2.11804.4
76dbe3fde000-76dbe3fe6000 r--p 00000000 103:06 7348272                   /usr/lib/x86_64-linux-gnu/libpangoft2-1.0.so.0.5600.3
76dbe3fe6000-76dbe3ff7000 r-xp 00008000 103:06 7348272                   /usr/lib/x86_64-linux-gnu/libpangoft2-1.0.so.0.5600.3
76dbe3ff7000-76dbe3ffe000 r--p 00019000 103:06 7348272                   /usr/lib/x86_64-linux-gnu/libpangoft2-1.0.so.0.5600.3
76dbe3ffe000-76dbe3fff000 r--p 00020000 103:06 7348272                   /usr/lib/x86_64-linux-gnu/libpangoft2-1.0.so.0.5600.3
76dbe3fff000-76dbe4000000 rw-p 00021000 103:06 7348272                   /usr/lib/x86_64-linux-gnu/libpangoft2-1.0.so.0.5600.3
76dbe4000000-76dbe4699000 rw-p 00000000 00:00 0 
76dbe4699000-76dbe8000000 ---p 00000000 00:00 0 
76dbe8000000-76dbe8e24000 rw-p 00000000 00:00 0 
76dbe8e24000-76dbec000000 ---p 00000000 00:00 0 
76dbec000000-76dbec295000 rw-p 00000000 00:00 0 
76dbec295000-76dbf0000000 ---p 00000000 00:00 0 
76dbf0000000-76dbf02c4000 rw-p 00000000 00:00 0 
76dbf02c4000-76dbf4000000 ---p 00000000 00:00 0 
76dbf4000000-76dbf42ed000 rw-p 00000000 00:00 0 
76dbf42ed000-76dbf8000000 ---p 00000000 00:00 0 
76dbf8000000-76dbf8021000 rw-p 00000000 00:00 0 
76dbf8021000-76dbfc000000 ---p 00000000 00:00 0 
76dbfc000000-76dbfc021000 rw-p 00000000 00:00 0 
76dbfc021000-76dc00000000 ---p 00000000 00:00 0 
76dc00000000-76dc00ba4000 rw-p 00000000 00:00 0 
76dc00ba4000-76dc04000000 ---p 00000000 00:00 0 
76dc04000000-76dc04021000 rw-p 00000000 00:00 0 
76dc04021000-76dc08000000 ---p 00000000 00:00 0 
76dc08000000-76dc08021000 rw-p 00000000 00:00 0 
76dc08021000-76dc0c000000 ---p 00000000 00:00 0 
76dc0c000000-76dc0c021000 rw-p 00000000 00:00 0 
76dc0c021000-76dc10000000 ---p 00000000 00:00 0 
76dc10000000-76dc10021000 rw-p 00000000 00:00 0 
76dc10021000-76dc14000000 ---p 00000000 00:00 0 
76dc14000000-76dc14021000 rw-p 00000000 00:00 0 
76dc14021000-76dc18000000 ---p 00000000 00:00 0 
76dc18000000-76dc18021000 rw-p 00000000 00:00 0 
76dc18021000-76dc1c000000 ---p 00000000 00:00 0 
76dc1c000000-76dc1c400000 rw-p 00000000 00:00 0 
76dc1c400000-76dc1c500000 rw-p 00000000 00:00 0 
76dc1c500000-76dc1c600000 rw-p 00000000 00:00 0 
76dc1c600000-76dc1cb00000 rw-p 00000000 00:00 0 
76dc1cb00000-76dc1cc00000 rw-p 00000000 00:00 0 
76dc1cc00000-76dc1cd80000 rw-p 00000000 00:00 0 
76dc1cd80000-76dc1ce00000 rw-p 00000000 00:00 0 
76dc1ce00000-76dc1d100000 rw-p 00000000 00:00 0 
76dc1d100000-76dc1d200000 rw-p 00000000 00:00 0 
76dc1d200000-76dc1d900000 rw-p 00000000 00:00 0 
76dc1d900000-76dc1da00000 rw-p 00000000 00:00 0 
76dc1da00000-76dc1db80000 rw-p 00000000 00:00 0 
76dc1db80000-76dc1dbe0000 rw-p 00000000 00:00 0 
76dc1dbe0000-76dc1dc00000 ---p 00000000 00:00 0 
76dc1dc00000-76dc1de60000 rw-p 00000000 00:00 0 
76dc1de60000-76dc20000000 ---p 00000000 00:00 0 
76dc20000000-76dc20021000 rw-p 00000000 00:00 0 
76dc20021000-76dc24000000 ---p 00000000 00:00 0 
76dc24001000-76dc24003000 r--p 00000000 103:06 7372349                   /usr/lib/x86_64-linux-gnu/libfribidi.so.0.4.0
76dc24003000-76dc24007000 r-xp 00002000 103:06 7372349                   /usr/lib/x86_64-linux-gnu/libfribidi.so.0.4.0
76dc24007000-76dc2401e000 r--p 00006000 103:06 7372349                   /usr/lib/x86_64-linux-gnu/libfribidi.so.0.4.0
76dc2401e000-76dc2401f000 r--p 0001c000 103:06 7372349                   /usr/lib/x86_64-linux-gnu/libfribidi.so.0.4.0
76dc2401f000-76dc24020000 rw-p 0001d000 103:06 7372349                   /usr/lib/x86_64-linux-gnu/libfribidi.so.0.4.0
76dc24020000-76dc24025000 r--p 00000000 103:06 7348270                   /usr/lib/x86_64-linux-gnu/libpangocairo-1.0.so.0.5600.3
76dc24025000-76dc2402d000 r-xp 00005000 103:06 7348270                   /usr/lib/x86_64-linux-gnu/libpangocairo-1.0.so.0.5600.3
76dc2402d000-76dc24030000 r--p 0000d000 103:06 7348270                   /usr/lib/x86_64-linux-gnu/libpangocairo-1.0.so.0.5600.3
76dc24030000-76dc24031000 r--p 00010000 103:06 7348270                   /usr/lib/x86_64-linux-gnu/libpangocairo-1.0.so.0.5600.3
76dc24031000-76dc24032000 rw-p 00011000 103:06 7348270                   /usr/lib/x86_64-linux-gnu/libpangocairo-1.0.so.0.5600.3
76dc24032000-76dc24042000 r--p 00000000 103:06 7346314                   /usr/lib/x86_64-linux-gnu/libgobject-2.0.so.0.8600.0
76dc24042000-76dc24079000 r-xp 00010000 103:06 7346314                   /usr/lib/x86_64-linux-gnu/libgobject-2.0.so.0.8600.0
76dc24079000-76dc24091000 r--p 00047000 103:06 7346314                   /usr/lib/x86_64-linux-gnu/libgobject-2.0.so.0.8600.0
76dc24091000-76dc24094000 r--p 0005f000 103:06 7346314                   /usr/lib/x86_64-linux-gnu/libgobject-2.0.so.0.8600.0
76dc24094000-76dc24095000 rw-p 00062000 103:06 7346314                   /usr/lib/x86_64-linux-gnu/libgobject-2.0.so.0.8600.0
76dc24095000-76dc24097000 r--p 00000000 103:06 7346313                   /usr/lib/x86_64-linux-gnu/libgmodule-2.0.so.0.8600.0
76dc24097000-76dc24099000 r-xp 00002000 103:06 7346313                   /usr/lib/x86_64-linux-gnu/libgmodule-2.0.so.0.8600.0
76dc24099000-76dc2409a000 r--p 00004000 103:06 7346313                   /usr/lib/x86_64-linux-gnu/libgmodule-2.0.so.0.8600.0
76dc2409a000-76dc2409b000 r--p 00004000 103:06 7346313                   /usr/lib/x86_64-linux-gnu/libgmodule-2.0.so.0.8600.0
76dc2409b000-76dc2409c000 rw-p 00005000 103:06 7346313                   /usr/lib/x86_64-linux-gnu/libgmodule-2.0.so.0.8600.0
76dc2409e000-76dc240ba000 r--p 00000000 103:06 7735457                   /usr/share/locale-langpack/fr/LC_MESSAGES/gtk30.mo
76dc240ba000-76dc240be000 ---p 00000000 00:00 0 
76dc240be000-76dc241ba000 rw-p 00000000 00:00 0 
76dc241ba000-76dc241c0000 r--p 00000000 103:06 44190685                  /home/elie-gambache/.jdks/jbrsdk_jcef-21.0.8-1/lib/libfontmanager.so
76dc241c0000-76dc2431c000 r-xp 00006000 103:06 44190685                  /home/elie-gambache/.jdks/jbrsdk_jcef-21.0.8-1/lib/libfontmanager.so
76dc2431c000-76dc24356000 r--p 00162000 103:06 44190685                  /home/elie-gambache/.jdks/jbrsdk_jcef-21.0.8-1/lib/libfontmanager.so
76dc24356000-76dc24357000 ---p 0019c000 103:06 44190685                  /home/elie-gambache/.jdks/jbrsdk_jcef-21.0.8-1/lib/libfontmanager.so
76dc24357000-76dc24359000 r--p 0019c000 103:06 44190685                  /home/elie-gambache/.jdks/jbrsdk_jcef-21.0.8-1/lib/libfontmanager.so
76dc24359000-76dc2435a000 rw-p 0019e000 103:06 44190685                  /home/elie-gambache/.jdks/jbrsdk_jcef-21.0.8-1/lib/libfontmanager.so
76dc2435a000-76dc2435b000 rw-p 00000000 00:00 0 
76dc2435b000-76dc2435d000 r--p 00000000 103:06 7348886                   /usr/lib/x86_64-linux-gnu/libffi.so.8.2.0
76dc2435d000-76dc24364000 r-xp 00002000 103:06 7348886                   /usr/lib/x86_64-linux-gnu/libffi.so.8.2.0
76dc24364000-76dc24366000 r--p 00009000 103:06 7348886                   /usr/lib/x86_64-linux-gnu/libffi.so.8.2.0
76dc24366000-76dc24367000 r--p 0000a000 103:06 7348886                   /usr/lib/x86_64-linux-gnu/libffi.so.8.2.0
76dc24367000-76dc24368000 rw-p 0000b000 103:06 7348886                   /usr/lib/x86_64-linux-gnu/libffi.so.8.2.0
76dc24368000-76dc2436e000 r--p 00000000 103:06 7348941                   /usr/lib/x86_64-linux-gnu/libwayland-client.so.0.24.0
76dc2436e000-76dc24375000 r-xp 00006000 103:06 7348941                   /usr/lib/x86_64-linux-gnu/libwayland-client.so.0.24.0
76dc24375000-76dc24378000 r--p 0000d000 103:06 7348941                   /usr/lib/x86_64-linux-gnu/libwayland-client.so.0.24.0
76dc24378000-76dc2437a000 r--p 00010000 103:06 7348941                   /usr/lib/x86_64-linux-gnu/libwayland-client.so.0.24.0
76dc2437a000-76dc2437b000 rw-p 00012000 103:06 7348941                   /usr/lib/x86_64-linux-gnu/libwayland-client.so.0.24.0
76dc2437b000-76dc2437e000 r--p 00000000 103:06 7372030                   /usr/lib/x86_64-linux-gnu/libXi.so.6.1.0
76dc2437e000-76dc2438a000 r-xp 00003000 103:06 7372030                   /usr/lib/x86_64-linux-gnu/libXi.so.6.1.0
76dc2438a000-76dc2438c000 r--p 0000f000 103:06 7372030                   /usr/lib/x86_64-linux-gnu/libXi.so.6.1.0
76dc2438c000-76dc2438d000 r--p 00011000 103:06 7372030                   /usr/lib/x86_64-linux-gnu/libXi.so.6.1.0
76dc2438d000-76dc2438e000 rw-p 00012000 103:06 7372030                   /usr/lib/x86_64-linux-gnu/libXi.so.6.1.0
76dc2438e000-76dc24392000 r--p 00000000 103:06 7372026                   /usr/lib/x86_64-linux-gnu/libXext.so.6.4.0
76dc24392000-76dc2439d000 r-xp 00004000 103:06 7372026                   /usr/lib/x86_64-linux-gnu/libXext.so.6.4.0
76dc2439d000-76dc243a0000 r--p 0000f000 103:06 7372026                   /usr/lib/x86_64-linux-gnu/libXext.so.6.4.0
76dc243a0000-76dc243a1000 r--p 00011000 103:06 7372026                   /usr/lib/x86_64-linux-gnu/libXext.so.6.4.0
76dc243a1000-76dc243a2000 rw-p 00012000 103:06 7372026                   /usr/lib/x86_64-linux-gnu/libXext.so.6.4.0
76dc243a2000-76dc243b5000 r--p 00000000 103:06 44190719                  /home/elie-gambache/.jdks/jbrsdk_jcef-21.0.8-1/lib/libawt_xawt.so
76dc243b5000-76dc24400000 r-xp 00013000 103:06 44190719                  /home/elie-gambache/.jdks/jbrsdk_jcef-21.0.8-1/lib/libawt_xawt.so
76dc24400000-76dc2441a000 r--p 0005e000 103:06 44190719                  /home/elie-gambache/.jdks/jbrsdk_jcef-21.0.8-1/lib/libawt_xawt.so
76dc2441a000-76dc24420000 r--p 00077000 103:06 44190719                  /home/elie-gambache/.jdks/jbrsdk_jcef-21.0.8-1/lib/libawt_xawt.so
76dc24420000-76dc24422000 rw-p 0007d000 103:06 44190719                  /home/elie-gambache/.jdks/jbrsdk_jcef-21.0.8-1/lib/libawt_xawt.so
76dc24422000-76dc24424000 rw-p 00000000 00:00 0 
76dc24424000-76dc24443000 r--p 00000000 103:06 44190682                  /home/elie-gambache/.jdks/jbrsdk_jcef-21.0.8-1/lib/libawt.so
76dc24443000-76dc244e3000 r-xp 0001f000 103:06 44190682                  /home/elie-gambache/.jdks/jbrsdk_jcef-21.0.8-1/lib/libawt.so
76dc244e3000-76dc244fc000 r--p 000bf000 103:06 44190682                  /home/elie-gambache/.jdks/jbrsdk_jcef-21.0.8-1/lib/libawt.so
76dc244fc000-76dc244fd000 r--p 000d7000 103:06 44190682                  /home/elie-gambache/.jdks/jbrsdk_jcef-21.0.8-1/lib/libawt.so
76dc244fd000-76dc2450b000 rw-p 000d8000 103:06 44190682                  /home/elie-gambache/.jdks/jbrsdk_jcef-21.0.8-1/lib/libawt.so
76dc2450b000-76dc2452f000 rw-p 00000000 00:00 0 
76dc2452f000-76dc2453c000 r--p 00000000 103:06 7347213                   /usr/lib/x86_64-linux-gnu/libfreetype.so.6.20.2
76dc2453c000-76dc245d1000 r-xp 0000d000 103:06 7347213                   /usr/lib/x86_64-linux-gnu/libfreetype.so.6.20.2
76dc245d1000-76dc245f7000 r--p 000a2000 103:06 7347213                   /usr/lib/x86_64-linux-gnu/libfreetype.so.6.20.2
76dc245f7000-76dc245ff000 r--p 000c7000 103:06 7347213                   /usr/lib/x86_64-linux-gnu/libfreetype.so.6.20.2
76dc245ff000-76dc24600000 rw-p 000cf000 103:06 7347213                   /usr/lib/x86_64-linux-gnu/libfreetype.so.6.20.2
76dc24600000-76dc246a2000 r--p 00000000 103:06 7347905                   /usr/lib/x86_64-linux-gnu/libstdc++.so.6.0.34
76dc246a2000-76dc247ef000 r-xp 000a2000 103:06 7347905                   /usr/lib/x86_64-linux-gnu/libstdc++.so.6.0.34
76dc247ef000-76dc24877000 r--p 001ef000 103:06 7347905                   /usr/lib/x86_64-linux-gnu/libstdc++.so.6.0.34
76dc24877000-76dc24886000 r--p 00276000 103:06 7347905                   /usr/lib/x86_64-linux-gnu/libstdc++.so.6.0.34
76dc24886000-76dc24889000 rw-p 00285000 103:06 7347905                   /usr/lib/x86_64-linux-gnu/libstdc++.so.6.0.34
76dc24889000-76dc2488d000 rw-p 00000000 00:00 0 
76dc2488d000-76dc24891000 r--s 00000000 103:06 34345532                  /var/cache/fontconfig/385c0604a188198f04d133e54aba7fe7-le64.cache-9
76dc24891000-76dc24893000 r--p 00000000 103:06 7372039                   /usr/lib/x86_64-linux-gnu/libXtst.so.6.1.0
76dc24893000-76dc24896000 r-xp 00002000 103:06 7372039                   /usr/lib/x86_64-linux-gnu/libXtst.so.6.1.0
76dc24896000-76dc24897000 r--p 00005000 103:06 7372039                   /usr/lib/x86_64-linux-gnu/libXtst.so.6.1.0
76dc24897000-76dc24898000 r--p 00005000 103:06 7372039                   /usr/lib/x86_64-linux-gnu/libXtst.so.6.1.0
76dc24898000-76dc24899000 rw-p 00006000 103:06 7372039                   /usr/lib/x86_64-linux-gnu/libXtst.so.6.1.0
76dc24899000-76dc2489a000 r--p 00000000 103:06 7348953                   /usr/lib/x86_64-linux-gnu/libbrotlicommon.so.1.1.0
76dc2489a000-76dc2489b000 r-xp 00001000 103:06 7348953                   /usr/lib/x86_64-linux-gnu/libbrotlicommon.so.1.1.0
76dc2489b000-76dc248ba000 r--p 00002000 103:06 7348953                   /usr/lib/x86_64-linux-gnu/libbrotlicommon.so.1.1.0
76dc248ba000-76dc248bb000 r--p 00021000 103:06 7348953                   /usr/lib/x86_64-linux-gnu/libbrotlicommon.so.1.1.0
76dc248bb000-76dc248bc000 rw-p 00022000 103:06 7348953                   /usr/lib/x86_64-linux-gnu/libbrotlicommon.so.1.1.0
76dc248bc000-76dc248c1000 r--p 00000000 103:06 7343051                   /usr/lib/x86_64-linux-gnu/libpng16.so.16.50.0
76dc248c1000-76dc248eb000 r-xp 00005000 103:06 7343051                   /usr/lib/x86_64-linux-gnu/libpng16.so.16.50.0
76dc248eb000-76dc248f4000 r--p 0002f000 103:06 7343051                   /usr/lib/x86_64-linux-gnu/libpng16.so.16.50.0
76dc248f4000-76dc248f5000 r--p 00037000 103:06 7343051                   /usr/lib/x86_64-linux-gnu/libpng16.so.16.50.0
76dc248f5000-76dc248f6000 rw-p 00038000 103:06 7343051                   /usr/lib/x86_64-linux-gnu/libpng16.so.16.50.0
76dc248f6000-76dc248fa000 r--p 00000000 103:06 7347893                   /usr/lib/x86_64-linux-gnu/libgcc_s.so.1
76dc248fa000-76dc2491d000 r-xp 00004000 103:06 7347893                   /usr/lib/x86_64-linux-gnu/libgcc_s.so.1
76dc2491d000-76dc24921000 r--p 00027000 103:06 7347893                   /usr/lib/x86_64-linux-gnu/libgcc_s.so.1
76dc24921000-76dc24922000 r--p 0002a000 103:06 7347893                   /usr/lib/x86_64-linux-gnu/libgcc_s.so.1
76dc24922000-76dc24923000 rw-p 0002b000 103:06 7347893                   /usr/lib/x86_64-linux-gnu/libgcc_s.so.1
76dc24923000-76dc24964000 r--p 00000000 103:06 7342277                   /usr/lib/x86_64-linux-gnu/libGLdispatch.so.0.0.0
76dc24964000-76dc24967000 r-xp 00041000 103:06 7342277                   /usr/lib/x86_64-linux-gnu/libGLdispatch.so.0.0.0
76dc24967000-76dc249a2000 r-xp 00044000 103:06 7342277                   /usr/lib/x86_64-linux-gnu/libGLdispatch.so.0.0.0
76dc249a2000-76dc249a3000 r-xp 0007f000 103:06 7342277                   /usr/lib/x86_64-linux-gnu/libGLdispatch.so.0.0.0
76dc249a3000-76dc249b7000 r--p 00080000 103:06 7342277                   /usr/lib/x86_64-linux-gnu/libGLdispatch.so.0.0.0
76dc249b7000-76dc249d3000 r--p 00094000 103:06 7342277                   /usr/lib/x86_64-linux-gnu/libGLdispatch.so.0.0.0
76dc249d3000-76dc249d4000 rw-p 000b0000 103:06 7342277                   /usr/lib/x86_64-linux-gnu/libGLdispatch.so.0.0.0
76dc249d4000-76dc249dc000 rw-p 00000000 00:00 0 
76dc249dc000-76dc249f5000 r--p 00000000 103:06 7348383                   /usr/lib/x86_64-linux-gnu/libX11.so.6.4.0
76dc249f5000-76dc24a8a000 r-xp 00019000 103:06 7348383                   /usr/lib/x86_64-linux-gnu/libX11.so.6.4.0
76dc24a8a000-76dc24b2a000 r--p 000ae000 103:06 7348383                   /usr/lib/x86_64-linux-gnu/libX11.so.6.4.0
76dc24b2a000-76dc24b2b000 r--p 0014e000 103:06 7348383                   /usr/lib/x86_64-linux-gnu/libX11.so.6.4.0
76dc24b2b000-76dc24b2f000 rw-p 0014f000 103:06 7348383                   /usr/lib/x86_64-linux-gnu/libX11.so.6.4.0
76dc24b2f000-76dc24b33000 ---p 00000000 00:00 0 
76dc24b33000-76dc24c2f000 rw-p 00000000 00:00 0 
76dc24c2f000-76dc24c33000 ---p 00000000 00:00 0 
76dc24c33000-76dc24d2f000 rw-p 00000000 00:00 0 
76dc24d2f000-76dc24d33000 ---p 00000000 00:00 0 
76dc24d33000-76dc24e2f000 rw-p 00000000 00:00 0 
76dc24e2f000-76dc24e33000 ---p 00000000 00:00 0 
76dc24e33000-76dc24f2f000 rw-p 00000000 00:00 0 
76dc24f2f000-76dc24f33000 ---p 00000000 00:00 0 
76dc24f33000-76dc2502f000 rw-p 00000000 00:00 0 
76dc2502f000-76dc25034000 r--p 00000000 103:06 44190690                  /home/elie-gambache/.jdks/jbrsdk_jcef-21.0.8-1/lib/libjsvml.so
76dc25034000-76dc25075000 r-xp 00005000 103:06 44190690                  /home/elie-gambache/.jdks/jbrsdk_jcef-21.0.8-1/lib/libjsvml.so
76dc25075000-76dc250fe000 r--p 00046000 103:06 44190690                  /home/elie-gambache/.jdks/jbrsdk_jcef-21.0.8-1/lib/libjsvml.so
76dc250fe000-76dc250ff000 r--p 000ce000 103:06 44190690                  /home/elie-gambache/.jdks/jbrsdk_jcef-21.0.8-1/lib/libjsvml.so
76dc250ff000-76dc25100000 rw-p 000cf000 103:06 44190690                  /home/elie-gambache/.jdks/jbrsdk_jcef-21.0.8-1/lib/libjsvml.so
76dc25100000-76dc25104000 ---p 00000000 00:00 0 
76dc25104000-76dc25200000 rw-p 00000000 00:00 0 
76dc25200000-76dc25204000 ---p 00000000 00:00 0 
76dc25204000-76dc25300000 rw-p 00000000 00:00 0 
76dc25300000-76dc25304000 ---p 00000000 00:00 0 
76dc25304000-76dc25400000 rw-p 00000000 00:00 0 
76dc25400000-76dc25404000 ---p 00000000 00:00 0 
76dc25404000-76dc25500000 rw-p 00000000 00:00 0 
76dc25500000-76dc25504000 ---p 00000000 00:00 0 
76dc25504000-76dc25600000 rw-p 00000000 00:00 0 
76dc25600000-76dc25604000 ---p 00000000 00:00 0 
76dc25604000-76dc25700000 rw-p 00000000 00:00 0 
76dc25700000-76dc25704000 ---p 00000000 00:00 0 
76dc25704000-76dc25800000 rw-p 00000000 00:00 0 
76dc25800000-76dc25d69000 r--p 00000000 103:06 7341745                   /usr/lib/locale/locale-archive
76dc25d69000-76dc25d6a000 r--p 00000000 103:06 7348955                   /usr/lib/x86_64-linux-gnu/libbrotlidec.so.1.1.0
76dc25d6a000-76dc25d72000 r-xp 00001000 103:06 7348955                   /usr/lib/x86_64-linux-gnu/libbrotlidec.so.1.1.0
76dc25d72000-76dc25d75000 r--p 00009000 103:06 7348955                   /usr/lib/x86_64-linux-gnu/libbrotlidec.so.1.1.0
76dc25d75000-76dc25d76000 r--p 0000b000 103:06 7348955                   /usr/lib/x86_64-linux-gnu/libbrotlidec.so.1.1.0
76dc25d76000-76dc25d77000 rw-p 0000c000 103:06 7348955                   /usr/lib/x86_64-linux-gnu/libbrotlidec.so.1.1.0
76dc25d77000-76dc25dba000 r--p 00000000 103:06 7348391                   /usr/lib/x86_64-linux-gnu/libGL.so.1.7.0
76dc25dba000-76dc25dbd000 r-xp 00043000 103:06 7348391                   /usr/lib/x86_64-linux-gnu/libGL.so.1.7.0
76dc25dbd000-76dc25dd8000 r-xp 00046000 103:06 7348391                   /usr/lib/x86_64-linux-gnu/libGL.so.1.7.0
76dc25dd8000-76dc25dd9000 r-xp 00061000 103:06 7348391                   /usr/lib/x86_64-linux-gnu/libGL.so.1.7.0
76dc25dd9000-76dc25def000 r--p 00062000 103:06 7348391                   /usr/lib/x86_64-linux-gnu/libGL.so.1.7.0
76dc25def000-76dc25dfd000 r--p 00077000 103:06 7348391                   /usr/lib/x86_64-linux-gnu/libGL.so.1.7.0
76dc25dfd000-76dc25dfe000 rw-p 00085000 103:06 7348391                   /usr/lib/x86_64-linux-gnu/libGL.so.1.7.0
76dc25dfe000-76dc25dff000 rw-p 00000000 00:00 0 
76dc25dff000-76dc25e03000 ---p 00000000 00:00 0 
76dc25e03000-76dc26000000 rw-p 00000000 00:00 0 
76dc26000000-76dc27c84000 rw-p 00001000 103:06 44190815                  /home/elie-gambache/.jdks/jbrsdk_jcef-21.0.8-1/lib/server/classes.jsa
76dc27c84000-76dc28000000 ---p 00000000 00:00 0 
76dc28000000-76dc28040000 rw-p 00000000 00:00 0 
76dc28040000-76dc280c0000 rw-p 00000000 00:00 0 
76dc280c0000-76dc28100000 rw-p 00000000 00:00 0 
76dc28100000-76dc281e0000 rw-p 00000000 00:00 0 
76dc281e0000-76dc28200000 rw-p 00000000 00:00 0 
76dc28200000-76dc282f0000 rw-p 00000000 00:00 0 
76dc282f0000-76dc28300000 ---p 00000000 00:00 0 
76dc28300000-76dc283a0000 rw-p 00000000 00:00 0 
76dc283a0000-76dc68000000 ---p 00000000 00:00 0 
76dc68000000-76dc68021000 rw-p 00000000 00:00 0 
76dc68021000-76dc6c000000 ---p 00000000 00:00 0 
76dc6c000000-76dc6c021000 rw-p 00000000 00:00 0 
76dc6c021000-76dc70000000 ---p 00000000 00:00 0 
76dc70000000-76dc70021000 rw-p 00000000 00:00 0 
76dc70021000-76dc74000000 ---p 00000000 00:00 0 
76dc74000000-76dc74021000 rw-p 00000000 00:00 0 
76dc74021000-76dc78000000 ---p 00000000 00:00 0 
76dc78000000-76dc78021000 rw-p 00000000 00:00 0 
76dc78021000-76dc7c000000 ---p 00000000 00:00 0 
76dc7c001000-76dc7c003000 rw-s 00000000 00:01 3142                       /memfd:/.glXXXXXX (deleted)
76dc7c003000-76dc7c007000 r--p 00000000 103:06 7342345                   /usr/lib/x86_64-linux-gnu/libexpat.so.1.10.2
76dc7c007000-76dc7c025000 r-xp 00004000 103:06 7342345                   /usr/lib/x86_64-linux-gnu/libexpat.so.1.10.2
76dc7c025000-76dc7c02d000 r--p 00022000 103:06 7342345                   /usr/lib/x86_64-linux-gnu/libexpat.so.1.10.2
76dc7c02d000-76dc7c02f000 r--p 0002a000 103:06 7342345                   /usr/lib/x86_64-linux-gnu/libexpat.so.1.10.2
76dc7c02f000-76dc7c030000 rw-p 0002c000 103:06 7342345                   /usr/lib/x86_64-linux-gnu/libexpat.so.1.10.2
76dc7c030000-76dc7c03c000 r--p 00000000 103:06 7348367                   /usr/lib/x86_64-linux-gnu/libxcb.so.1.1.0
76dc7c03c000-76dc7c050000 r-xp 0000c000 103:06 7348367                   /usr/lib/x86_64-linux-gnu/libxcb.so.1.1.0
76dc7c050000-76dc7c05f000 r--p 00020000 103:06 7348367                   /usr/lib/x86_64-linux-gnu/libxcb.so.1.1.0
76dc7c05f000-76dc7c060000 r--p 0002e000 103:06 7348367                   /usr/lib/x86_64-linux-gnu/libxcb.so.1.1.0
76dc7c060000-76dc7c061000 rw-p 0002f000 103:06 7348367                   /usr/lib/x86_64-linux-gnu/libxcb.so.1.1.0
76dc7c061000-76dc7c162000 rw-p 00000000 00:00 0 
76dc7c27c000-76dc7c2fd000 rw-p 00000000 00:00 0 
76dc7c2fd000-76dc7c4ff000 rw-p 00000000 00:00 0 
76dc7c4ff000-76dc7e600000 rw-p 00000000 00:00 0 
76dc7e601000-76dc7e602000 r--p 00000000 103:06 7372031                   /usr/lib/x86_64-linux-gnu/libXinerama.so.1.0.0
76dc7e602000-76dc7e603000 r-xp 00001000 103:06 7372031                   /usr/lib/x86_64-linux-gnu/libXinerama.so.1.0.0
76dc7e603000-76dc7e604000 r--p 00002000 103:06 7372031                   /usr/lib/x86_64-linux-gnu/libXinerama.so.1.0.0
76dc7e604000-76dc7e605000 r--p 00002000 103:06 7372031                   /usr/lib/x86_64-linux-gnu/libXinerama.so.1.0.0
76dc7e605000-76dc7e606000 rw-p 00003000 103:06 7372031                   /usr/lib/x86_64-linux-gnu/libXinerama.so.1.0.0
76dc7e606000-76dc7e60e000 r--p 00000000 103:06 7347222                   /usr/lib/x86_64-linux-gnu/libfontconfig.so.1.12.1
76dc7e60e000-76dc7e63e000 r-xp 00008000 103:06 7347222                   /usr/lib/x86_64-linux-gnu/libfontconfig.so.1.12.1
76dc7e63e000-76dc7e655000 r--p 00038000 103:06 7347222                   /usr/lib/x86_64-linux-gnu/libfontconfig.so.1.12.1
76dc7e655000-76dc7e657000 r--p 0004e000 103:06 7347222                   /usr/lib/x86_64-linux-gnu/libfontconfig.so.1.12.1
76dc7e657000-76dc7e658000 rw-p 00050000 103:06 7347222                   /usr/lib/x86_64-linux-gnu/libfontconfig.so.1.12.1
76dc7e658000-76dc7e738000 rw-p 00000000 00:00 0 
76dc7e738000-76dc7f138000 ---p 00000000 00:00 0 
76dc7f138000-76dc7f158000 rw-p 00000000 00:00 0 
76dc7f158000-76dc7f1b8000 ---p 00000000 00:00 0 
76dc7f1b8000-76dc7f1d8000 rw-p 00000000 00:00 0 
76dc7f1d8000-76dc89c58000 ---p 00000000 00:00 0 
76dc89c58000-76dc89c94000 rw-p 00000000 00:00 0 
76dc89c94000-76dc89dd4000 ---p 00000000 00:00 0 
76dc89dd4000-76dc89dd8000 rw-p 00000000 00:00 0 
76dc89dd8000-76dc89de4000 ---p 00000000 00:00 0 
76dc89de4000-76dc89de8000 rw-p 00000000 00:00 0 
76dc89de8000-76dc8b338000 ---p 00000000 00:00 0 
76dc8b338000-76dc8b358000 rw-p 00000000 00:00 0 
76dc8b358000-76dc8b498000 ---p 00000000 00:00 0 
76dc8b498000-76dc8b49c000 rw-p 00000000 00:00 0 
76dc8b49c000-76dc8b4a8000 ---p 00000000 00:00 0 
76dc8b4a8000-76dc8b4ac000 rw-p 00000000 00:00 0 
76dc8b4ac000-76dc8c9fc000 ---p 00000000 00:00 0 
76dc8c9fc000-76dc8ca00000 rw-p 00000000 00:00 0 
76dc8ca00000-76dc8d300000 rwxp 00000000 00:00 0 
76dc8d300000-76dc93e5f000 ---p 00000000 00:00 0 
76dc93e5f000-76dc942bf000 rwxp 00000000 00:00 0 
76dc942bf000-76dc945a0000 ---p 00000000 00:00 0 
76dc945a0000-76dc94810000 rwxp 00000000 00:00 0 
76dc94810000-76dc9ba00000 ---p 00000000 00:00 0 
76dc9ba00000-76dc9fe6f000 r--s 00000000 103:06 44190705                  /home/elie-gambache/.jdks/jbrsdk_jcef-21.0.8-1/lib/modules
76dc9fe6f000-76dc9fe70000 rw-s 00000000 00:06 1158                       /dev/nvidiactl
76dc9fe70000-76dc9fe73000 r--p 00000000 103:06 7342261                   /usr/lib/x86_64-linux-gnu/libGLX.so.0.0.0
76dc9fe73000-76dc9fe8e000 r-xp 00003000 103:06 7342261                   /usr/lib/x86_64-linux-gnu/libGLX.so.0.0.0
76dc9fe8e000-76dc9fe92000 r--p 0001e000 103:06 7342261                   /usr/lib/x86_64-linux-gnu/libGLX.so.0.0.0
76dc9fe92000-76dc9fe93000 r--p 00022000 103:06 7342261                   /usr/lib/x86_64-linux-gnu/libGLX.so.0.0.0
76dc9fe93000-76dc9fe94000 rw-p 00023000 103:06 7342261                   /usr/lib/x86_64-linux-gnu/libGLX.so.0.0.0
76dc9fe94000-76dca0be0000 rw-p 00000000 00:00 0 
76dca0be0000-76dca4000000 ---p 00000000 00:00 0 
76dca4000000-76dca4001000 rw-s 00000000 00:06 1159                       /dev/nvidia0
76dca4001000-76dca4003000 r--p 00000000 103:06 7347211                   /usr/lib/x86_64-linux-gnu/libXrender.so.1.3.0
76dca4003000-76dca400a000 r-xp 00002000 103:06 7347211                   /usr/lib/x86_64-linux-gnu/libXrender.so.1.3.0
76dca400a000-76dca400b000 r--p 00009000 103:06 7347211                   /usr/lib/x86_64-linux-gnu/libXrender.so.1.3.0
76dca400b000-76dca400c000 r--p 00009000 103:06 7347211                   /usr/lib/x86_64-linux-gnu/libXrender.so.1.3.0
76dca400c000-76dca400d000 rw-p 0000a000 103:06 7347211                   /usr/lib/x86_64-linux-gnu/libXrender.so.1.3.0
76dca400d000-76dca400f000 r--p 00000000 103:06 7340062                   /usr/lib/x86_64-linux-gnu/libbz2.so.1.0.4
76dca400f000-76dca401e000 r-xp 00002000 103:06 7340062                   /usr/lib/x86_64-linux-gnu/libbz2.so.1.0.4
76dca401e000-76dca4020000 r--p 00011000 103:06 7340062                   /usr/lib/x86_64-linux-gnu/libbz2.so.1.0.4
76dca4020000-76dca4021000 r--p 00012000 103:06 7340062                   /usr/lib/x86_64-linux-gnu/libbz2.so.1.0.4
76dca4021000-76dca4022000 rw-p 00013000 103:06 7340062                   /usr/lib/x86_64-linux-gnu/libbz2.so.1.0.4
76dca4022000-76dca4024000 r--p 00000000 103:06 7348362                   /usr/lib/x86_64-linux-gnu/libXdmcp.so.6.0.0
76dca4024000-76dca4026000 r-xp 00002000 103:06 7348362                   /usr/lib/x86_64-linux-gnu/libXdmcp.so.6.0.0
76dca4026000-76dca4028000 r--p 00004000 103:06 7348362                   /usr/lib/x86_64-linux-gnu/libXdmcp.so.6.0.0
76dca4028000-76dca4029000 r--p 00006000 103:06 7348362                   /usr/lib/x86_64-linux-gnu/libXdmcp.so.6.0.0
76dca4029000-76dca402a000 rw-p 00007000 103:06 7348362                   /usr/lib/x86_64-linux-gnu/libXdmcp.so.6.0.0
76dca402a000-76dca402c000 rw-s 00000000 00:06 1158                       /dev/nvidiactl
76dca402c000-76dca402d000 rw-s 00000000 00:06 1158                       /dev/nvidiactl
76dca402d000-76dca402f000 r--p 00000000 103:06 7372027                   /usr/lib/x86_64-linux-gnu/libXfixes.so.3.1.0
76dca402f000-76dca4032000 r-xp 00002000 103:06 7372027                   /usr/lib/x86_64-linux-gnu/libXfixes.so.3.1.0
76dca4032000-76dca4033000 r--p 00005000 103:06 7372027                   /usr/lib/x86_64-linux-gnu/libXfixes.so.3.1.0
76dca4033000-76dca4034000 r--p 00005000 103:06 7372027                   /usr/lib/x86_64-linux-gnu/libXfixes.so.3.1.0
76dca4034000-76dca4035000 rw-p 00006000 103:06 7372027                   /usr/lib/x86_64-linux-gnu/libXfixes.so.3.1.0
76dca4035000-76dca4038000 r--p 00000000 103:06 7372023                   /usr/lib/x86_64-linux-gnu/libXcursor.so.1.0.2
76dca4038000-76dca403f000 r-xp 00003000 103:06 7372023                   /usr/lib/x86_64-linux-gnu/libXcursor.so.1.0.2
76dca403f000-76dca4041000 r--p 0000a000 103:06 7372023                   /usr/lib/x86_64-linux-gnu/libXcursor.so.1.0.2
76dca4041000-76dca4042000 r--p 0000b000 103:06 7372023                   /usr/lib/x86_64-linux-gnu/libXcursor.so.1.0.2
76dca4042000-76dca4043000 rw-p 0000c000 103:06 7372023                   /usr/lib/x86_64-linux-gnu/libXcursor.so.1.0.2
76dca4043000-76dca4044000 r--p 00000000 103:06 44190804                  /home/elie-gambache/.jdks/jbrsdk_jcef-21.0.8-1/lib/libfontmanager_xawt.so
76dca4044000-76dca4045000 r-xp 00001000 103:06 44190804                  /home/elie-gambache/.jdks/jbrsdk_jcef-21.0.8-1/lib/libfontmanager_xawt.so
76dca4045000-76dca4046000 r--p 00002000 103:06 44190804                  /home/elie-gambache/.jdks/jbrsdk_jcef-21.0.8-1/lib/libfontmanager_xawt.so
76dca4046000-76dca4047000 r--p 00002000 103:06 44190804                  /home/elie-gambache/.jdks/jbrsdk_jcef-21.0.8-1/lib/libfontmanager_xawt.so
76dca4047000-76dca4d55000 rw-p 00000000 00:00 0 
76dca4d55000-76dca5058000 rw-p 00000000 00:00 0 
76dca5058000-76dca6026000 rw-p 00000000 00:00 0 
76dca6026000-76dca610a000 ---p 00000000 00:00 0 
76dca610a000-76dca611c000 rw-p 00000000 00:00 0 
76dca611c000-76dca61f3000 ---p 00000000 00:00 0 
76dca61f3000-76dca61f7000 ---p 00000000 00:00 0 
76dca61f7000-76dca62f3000 rw-p 00000000 00:00 0 
76dca62f3000-76dca6304000 r--p 00000000 103:06 7355309                   /usr/lib/x86_64-linux-gnu/libm.so.6
76dca6304000-76dca638f000 r-xp 00011000 103:06 7355309                   /usr/lib/x86_64-linux-gnu/libm.so.6
76dca638f000-76dca63fe000 r--p 0009c000 103:06 7355309                   /usr/lib/x86_64-linux-gnu/libm.so.6
76dca63fe000-76dca63ff000 r--p 0010a000 103:06 7355309                   /usr/lib/x86_64-linux-gnu/libm.so.6
76dca63ff000-76dca6400000 rw-p 0010b000 103:06 7355309                   /usr/lib/x86_64-linux-gnu/libm.so.6
76dca6400000-76dca66a4000 r--p 00000000 103:06 44190716                  /home/elie-gambache/.jdks/jbrsdk_jcef-21.0.8-1/lib/server/libjvm.so
76dca66a4000-76dca751e000 r-xp 002a4000 103:06 44190716                  /home/elie-gambache/.jdks/jbrsdk_jcef-21.0.8-1/lib/server/libjvm.so
76dca751e000-76dca7805000 r--p 0111e000 103:06 44190716                  /home/elie-gambache/.jdks/jbrsdk_jcef-21.0.8-1/lib/server/libjvm.so
76dca7805000-76dca78da000 r--p 01404000 103:06 44190716                  /home/elie-gambache/.jdks/jbrsdk_jcef-21.0.8-1/lib/server/libjvm.so
76dca78da000-76dca790a000 rw-p 014d9000 103:06 44190716                  /home/elie-gambache/.jdks/jbrsdk_jcef-21.0.8-1/lib/server/libjvm.so
76dca790a000-76dca7980000 rw-p 00000000 00:00 0 
76dca7980000-76dca7981000 rw-s 00000000 00:06 1158                       /dev/nvidiactl
76dca7981000-76dca7982000 r--s 00000000 00:06 1158                       /dev/nvidiactl
76dca7982000-76dca7983000 r--s 00000000 103:06 34345561                  /var/cache/fontconfig/3f7329c5293ffd510edef78f73874cfd-le64.cache-9
76dca7983000-76dca7984000 r--p 00000000 103:06 7348350                   /usr/lib/x86_64-linux-gnu/libXau.so.6.0.0
76dca7984000-76dca7986000 r-xp 00001000 103:06 7348350                   /usr/lib/x86_64-linux-gnu/libXau.so.6.0.0
76dca7986000-76dca7987000 r--p 00003000 103:06 7348350                   /usr/lib/x86_64-linux-gnu/libXau.so.6.0.0
76dca7987000-76dca7988000 r--p 00003000 103:06 7348350                   /usr/lib/x86_64-linux-gnu/libXau.so.6.0.0
76dca7988000-76dca7989000 rw-p 00004000 103:06 7348350                   /usr/lib/x86_64-linux-gnu/libXau.so.6.0.0
76dca7989000-76dca7990000 r--s 00000000 103:06 7355281                   /usr/lib/x86_64-linux-gnu/gconv/gconv-modules.cache
76dca7990000-76dca79b5000 r--p 00000000 103:06 7764476                   /usr/share/locale-langpack/fr/LC_MESSAGES/libc.mo
76dca79b5000-76dca79b7000 r--p 00000000 103:06 44190729                  /home/elie-gambache/.jdks/jbrsdk_jcef-21.0.8-1/lib/libzip.so
76dca79b7000-76dca79bb000 r-xp 00002000 103:06 44190729                  /home/elie-gambache/.jdks/jbrsdk_jcef-21.0.8-1/lib/libzip.so
76dca79bb000-76dca79bd000 r--p 00006000 103:06 44190729                  /home/elie-gambache/.jdks/jbrsdk_jcef-21.0.8-1/lib/libzip.so
76dca79bd000-76dca79be000 r--p 00007000 103:06 44190729                  /home/elie-gambache/.jdks/jbrsdk_jcef-21.0.8-1/lib/libzip.so
76dca79be000-76dca7a00000 rw-p 00000000 00:00 0 
76dca7a00000-76dca7a28000 r--p 00000000 103:06 7355303                   /usr/lib/x86_64-linux-gnu/libc.so.6
76dca7a28000-76dca7bc1000 r-xp 00028000 103:06 7355303                   /usr/lib/x86_64-linux-gnu/libc.so.6
76dca7bc1000-76dca7c30000 r--p 001c1000 103:06 7355303                   /usr/lib/x86_64-linux-gnu/libc.so.6
76dca7c30000-76dca7c34000 r--p 0022f000 103:06 7355303                   /usr/lib/x86_64-linux-gnu/libc.so.6
76dca7c34000-76dca7c36000 rw-p 00233000 103:06 7355303                   /usr/lib/x86_64-linux-gnu/libc.so.6
76dca7c36000-76dca7c43000 rw-p 00000000 00:00 0 
76dca7c43000-76dca7c45000 r--s 00000000 103:06 34343043                  /var/cache/fontconfig/246184dc75a16901ca37d96895904249-le64.cache-9
76dca7c45000-76dca7c48000 r--p 00000000 103:06 44190745                  /home/elie-gambache/.jdks/jbrsdk_jcef-21.0.8-1/lib/libnet.so
76dca7c48000-76dca7c50000 r-xp 00003000 103:06 44190745                  /home/elie-gambache/.jdks/jbrsdk_jcef-21.0.8-1/lib/libnet.so
76dca7c50000-76dca7c52000 r--p 0000b000 103:06 44190745                  /home/elie-gambache/.jdks/jbrsdk_jcef-21.0.8-1/lib/libnet.so
76dca7c52000-76dca7c53000 ---p 0000d000 103:06 44190745                  /home/elie-gambache/.jdks/jbrsdk_jcef-21.0.8-1/lib/libnet.so
76dca7c53000-76dca7c54000 r--p 0000d000 103:06 44190745                  /home/elie-gambache/.jdks/jbrsdk_jcef-21.0.8-1/lib/libnet.so
76dca7c54000-76dca7c55000 rw-p 00000000 00:00 0 
76dca7c55000-76dca7c5c000 r--p 00000000 103:06 44190742                  /home/elie-gambache/.jdks/jbrsdk_jcef-21.0.8-1/lib/libnio.so
76dca7c5c000-76dca7c65000 r-xp 00007000 103:06 44190742                  /home/elie-gambache/.jdks/jbrsdk_jcef-21.0.8-1/lib/libnio.so
76dca7c65000-76dca7c69000 r--p 00010000 103:06 44190742                  /home/elie-gambache/.jdks/jbrsdk_jcef-21.0.8-1/lib/libnio.so
76dca7c69000-76dca7c6a000 ---p 00014000 103:06 44190742                  /home/elie-gambache/.jdks/jbrsdk_jcef-21.0.8-1/lib/libnio.so
76dca7c6a000-76dca7c6b000 r--p 00014000 103:06 44190742                  /home/elie-gambache/.jdks/jbrsdk_jcef-21.0.8-1/lib/libnio.so
76dca7c6b000-76dca7c6c000 rw-p 00015000 103:06 44190742                  /home/elie-gambache/.jdks/jbrsdk_jcef-21.0.8-1/lib/libnio.so
76dca7c6c000-76dca7cf6000 rw-p 00000000 00:00 0 
76dca7cf6000-76dca7d03000 r--p 00000000 103:06 44190683                  /home/elie-gambache/.jdks/jbrsdk_jcef-21.0.8-1/lib/libjava.so
76dca7d03000-76dca7d11000 r-xp 0000d000 103:06 44190683                  /home/elie-gambache/.jdks/jbrsdk_jcef-21.0.8-1/lib/libjava.so
76dca7d11000-76dca7d16000 r--p 0001b000 103:06 44190683                  /home/elie-gambache/.jdks/jbrsdk_jcef-21.0.8-1/lib/libjava.so
76dca7d16000-76dca7d17000 ---p 00020000 103:06 44190683                  /home/elie-gambache/.jdks/jbrsdk_jcef-21.0.8-1/lib/libjava.so
76dca7d17000-76dca7d18000 r--p 00020000 103:06 44190683                  /home/elie-gambache/.jdks/jbrsdk_jcef-21.0.8-1/lib/libjava.so
76dca7d18000-76dca7d19000 rw-p 00021000 103:06 44190683                  /home/elie-gambache/.jdks/jbrsdk_jcef-21.0.8-1/lib/libjava.so
76dca7d19000-76dca7d1a000 rw-p 00000000 00:00 0 
76dca7d1a000-76dca7d1d000 r--p 00000000 103:06 44190805                  /home/elie-gambache/.jdks/jbrsdk_jcef-21.0.8-1/lib/libjimage.so
76dca7d1d000-76dca7d31000 r-xp 00003000 103:06 44190805                  /home/elie-gambache/.jdks/jbrsdk_jcef-21.0.8-1/lib/libjimage.so
76dca7d31000-76dca7d37000 r--p 00017000 103:06 44190805                  /home/elie-gambache/.jdks/jbrsdk_jcef-21.0.8-1/lib/libjimage.so
76dca7d37000-76dca7d38000 ---p 0001d000 103:06 44190805                  /home/elie-gambache/.jdks/jbrsdk_jcef-21.0.8-1/lib/libjimage.so
76dca7d38000-76dca7d3a000 r--p 0001d000 103:06 44190805                  /home/elie-gambache/.jdks/jbrsdk_jcef-21.0.8-1/lib/libjimage.so
76dca7d3a000-76dca7d3b000 rw-p 0001f000 103:06 44190805                  /home/elie-gambache/.jdks/jbrsdk_jcef-21.0.8-1/lib/libjimage.so
76dca7d3b000-76dca7d3c000 r--p 00000000 103:06 7355331                   /usr/lib/x86_64-linux-gnu/librt.so.1
76dca7d3c000-76dca7d3d000 r-xp 00001000 103:06 7355331                   /usr/lib/x86_64-linux-gnu/librt.so.1
76dca7d3d000-76dca7d3e000 r--p 00002000 103:06 7355331                   /usr/lib/x86_64-linux-gnu/librt.so.1
76dca7d3e000-76dca7d3f000 r--p 00002000 103:06 7355331                   /usr/lib/x86_64-linux-gnu/librt.so.1
76dca7d3f000-76dca7d40000 rw-p 00003000 103:06 7355331                   /usr/lib/x86_64-linux-gnu/librt.so.1
76dca7d40000-76dca7d44000 rw-p 00000000 00:00 0 
76dca7d44000-76dca7d45000 r--p 00000000 103:06 7355307                   /usr/lib/x86_64-linux-gnu/libdl.so.2
76dca7d45000-76dca7d46000 r-xp 00001000 103:06 7355307                   /usr/lib/x86_64-linux-gnu/libdl.so.2
76dca7d46000-76dca7d47000 r--p 00002000 103:06 7355307                   /usr/lib/x86_64-linux-gnu/libdl.so.2
76dca7d47000-76dca7d48000 r--p 00002000 103:06 7355307                   /usr/lib/x86_64-linux-gnu/libdl.so.2
76dca7d48000-76dca7d49000 rw-p 00003000 103:06 7355307                   /usr/lib/x86_64-linux-gnu/libdl.so.2
76dca7d49000-76dca7d4a000 r--p 00000000 103:06 7355327                   /usr/lib/x86_64-linux-gnu/libpthread.so.0
76dca7d4a000-76dca7d4b000 r-xp 00001000 103:06 7355327                   /usr/lib/x86_64-linux-gnu/libpthread.so.0
76dca7d4b000-76dca7d4c000 r--p 00002000 103:06 7355327                   /usr/lib/x86_64-linux-gnu/libpthread.so.0
76dca7d4c000-76dca7d4d000 r--p 00002000 103:06 7355327                   /usr/lib/x86_64-linux-gnu/libpthread.so.0
76dca7d4d000-76dca7d4e000 rw-p 00003000 103:06 7355327                   /usr/lib/x86_64-linux-gnu/libpthread.so.0
76dca7d4e000-76dca7d50000 r--p 00000000 103:06 44190714                  /home/elie-gambache/.jdks/jbrsdk_jcef-21.0.8-1/lib/libjli.so
76dca7d50000-76dca7d5a000 r-xp 00002000 103:06 44190714                  /home/elie-gambache/.jdks/jbrsdk_jcef-21.0.8-1/lib/libjli.so
76dca7d5a000-76dca7d5d000 r--p 0000c000 103:06 44190714                  /home/elie-gambache/.jdks/jbrsdk_jcef-21.0.8-1/lib/libjli.so
76dca7d5d000-76dca7d5e000 ---p 0000f000 103:06 44190714                  /home/elie-gambache/.jdks/jbrsdk_jcef-21.0.8-1/lib/libjli.so
76dca7d5e000-76dca7d5f000 r--p 0000f000 103:06 44190714                  /home/elie-gambache/.jdks/jbrsdk_jcef-21.0.8-1/lib/libjli.so
76dca7d5f000-76dca7d60000 rw-p 00010000 103:06 44190714                  /home/elie-gambache/.jdks/jbrsdk_jcef-21.0.8-1/lib/libjli.so
76dca7d60000-76dca7d63000 r--p 00000000 103:06 7348924                   /usr/lib/x86_64-linux-gnu/libz.so.1.3.1
76dca7d63000-76dca7d76000 r-xp 00003000 103:06 7348924                   /usr/lib/x86_64-linux-gnu/libz.so.1.3.1
76dca7d76000-76dca7d7e000 r--p 00016000 103:06 7348924                   /usr/lib/x86_64-linux-gnu/libz.so.1.3.1
76dca7d7e000-76dca7d7f000 r--p 0001d000 103:06 7348924                   /usr/lib/x86_64-linux-gnu/libz.so.1.3.1
76dca7d7f000-76dca7d80000 rw-p 0001e000 103:06 7348924                   /usr/lib/x86_64-linux-gnu/libz.so.1.3.1
76dca7d80000-76dca7d81000 r--p 00000000 103:06 7758524                   /usr/share/locale-langpack/he/LC_MESSAGES/at-spi2-core.mo
76dca7d81000-76dca7d82000 r--p 00000000 103:06 7758317                   /usr/share/locale-langpack/fr/LC_MESSAGES/at-spi2-core.mo
76dca7d82000-76dca7d83000 rw-p 00000000 00:00 0 
76dca7d83000-76dca7d84000 rw-p 00000000 00:00 0 
76dca7d84000-76dca7d8d000 rw-p 00000000 00:00 0 
76dca7d8d000-76dca7d93000 ---p 00000000 00:00 0 
76dca7d93000-76dca7d9b000 rw-s 00000000 00:31 1531                       /tmp/hsperfdata_elie-gambache/37132
76dca7d9b000-76dca7d9c000 ---p 00000000 00:00 0 
76dca7d9c000-76dca7d9d000 r--p 00000000 00:00 0 
76dca7d9d000-76dca7d9e000 ---p 00000000 00:00 0 
76dca7d9e000-76dca7da0000 rw-p 00000000 00:00 0 
76dca7da0000-76dca7da4000 r--p 00000000 00:00 0                          [vvar]
76dca7da4000-76dca7da6000 r--p 00000000 00:00 0                          [vvar_vclock]
76dca7da6000-76dca7da8000 r-xp 00000000 00:00 0                          [vdso]
76dca7da8000-76dca7da9000 r--p 00000000 103:06 7355297                   /usr/lib/x86_64-linux-gnu/ld-linux-x86-64.so.2
76dca7da9000-76dca7dd7000 r-xp 00001000 103:06 7355297                   /usr/lib/x86_64-linux-gnu/ld-linux-x86-64.so.2
76dca7dd7000-76dca7de5000 r--p 0002f000 103:06 7355297                   /usr/lib/x86_64-linux-gnu/ld-linux-x86-64.so.2
76dca7de5000-76dca7de7000 r--p 0003d000 103:06 7355297                   /usr/lib/x86_64-linux-gnu/ld-linux-x86-64.so.2
76dca7de7000-76dca7de8000 rw-p 0003f000 103:06 7355297                   /usr/lib/x86_64-linux-gnu/ld-linux-x86-64.so.2
76dca7de8000-76dca7de9000 rw-p 00000000 00:00 0 
7ffeedeba000-7ffeedede000 rw-p 00000000 00:00 0                          [stack]
ffffffffff600000-ffffffffff601000 --xp 00000000 00:00 0                  [vsyscall]
Total number of mappings: 965

JVMTI agents: none


VM Arguments:
jvm_args: -Dcompose.application.configure.swing.globals=true -Dcompose.application.resources.dir=/home/elie-gambache/IdeaProjects/pdf/composeApp/build/compose/tmp/prepareAppResources -Dfile.encoding=UTF-8 -Duser.country=FR -Duser.language=fr -Duser.variant -Dawt.toolkit.name=XToolkit 
java_command: dev.nucleusframework.pdf.MainKt
java_class_path (initial): /home/elie-gambache/IdeaProjects/pdf/composeApp/build/libs/composeApp-jvm.jar:/home/elie-gambache/IdeaProjects/pdf/pdfium/build/libs/pdfium-jvm-0.1.0.jar:/home/elie-gambache/.gradle/caches/modules-2/files-2.1/org.jetbrains.compose.material3/material3-desktop/1.10.0-alpha05/ebcf3065e9f7d408f8be2854b6542fb1dd51356f/material3-desktop-1.10.0-alpha05.jar:/home/elie-gambache/.gradle/caches/modules-2/files-2.1/org.jetbrains.compose.components/components-resources-desktop/1.10.3/c6115b607f77e9d033de360f989850d3824bf112/library-desktop-1.10.3.jar:/home/elie-gambache/.gradle/caches/modules-2/files-2.1/org.jetbrains.compose.desktop/desktop-jvm/1.10.3/42facd9840309ac4eb841a986c5d1b97d2780471/desktop-jvm-1.10.3.jar:/home/elie-gambache/.gradle/caches/modules-2/files-2.1/org.jetbrains.compose.material/material-desktop/1.10.3/63e1c3c6705d111bf84e41110e7729df5b85163e/material-desktop-1.10.3.jar:/home/elie-gambache/.gradle/caches/modules-2/files-2.1/org.jetbrains.compose.material/material-ripple-desktop/1.10.3/74a14824f086339703264689c5a7cf4ceb39ed40/material-ripple-desktop-1.10.3.jar:/home/elie-gambache/.gradle/caches/modules-2/files-2.1/org.jetbrains.compose.foundation/foundation-desktop/1.10.3/d9ba57abee3527886ea640d3b390a70ba9e28af/foundation-desktop-1.10.3.jar:/home/elie-gambache/.gradle/caches/modules-2/files-2.1/org.jetbrains.androidx.lifecycle/lifecycle-viewmodel-compose-desktop/2.10.0/a59cd3cec34b5b7519ca3245b0d160dfd12a5891/lifecycle-viewmodel-compose-desktop-2.10.0.jar:/home/elie-gambache/.gradle/caches/modules-2/files-2.1/io.github.vinceglb/filekit-dialogs-compose-jvm/0.13.0/f66b678d40c57c60b96d565155471749451048ca/filekit-dialogs-compose-jvm.jar:/home/elie-gambache/.gradle/caches/modules-2/files-2.1/org.jetbrains.compose.animation/animation-desktop/1.10.3/52a17b8bd5f608cdb60f01c64eee2830b8484ca7/animation-desktop-1.10.3.jar:/home/elie-gambache/.gradle/caches/modules-2/files-2.1/org.jetbrains.compose.foundation/foundation-layout-desktop/1.10.3/149192cb271d4c11905104b9180d5d648b3591f2/foundation-layout-desktop-1.10.3.jar:/home/elie-gambache/.gradle/caches/modules-2/files-2.1/org.jetbrains.compose.animation/animation-core-desktop/1.10.3/5dd98c5745e548644b7657901bbcc4c2c8f9ec59/animation-core-desktop-1.10.3.jar:/home/elie-gambache/.gradle/caches/modules-2/files-2.1/org.jetbrains.compose.ui/ui-desktop/1.10.3/73a6b1e10434fb11bae82daa68c205c71af03c55/ui-desktop-1.10.3.jar:/home/elie-gambache/.gradle/caches/modules-2/files-2.1/io.github.vinceglb/filekit-dialogs-jvm/0.13.0/7acfe4d2fb2b13d45e7b8f742260b63140c2703c/filekit-dialogs-jvm.jar:/home/elie-gambache/.gradle/caches/modules-2/files-2.1/io.github.vinceglb/filekit-core-jvm/0.13.0/e4defbb12d4d603f7513d469eea926960de14d1b/filekit-core-jvm.jar:/home/elie-gambache/.gradle/caches/modules-2/files-2.1/org.jetbrains.skiko/skiko-awt-runtime-linux-x64/0.9.37.4/7f7f2e1ba05576c36fe488ed59c1f09aa302b497/skiko-awt-runtime-linux-x64-0.9.37.4.jar:/home/elie-gambache/.gradle/caches/modules-2/files-2.1/org.jetbrains.compose.ui/ui-text-desktop/1.10.3/7babd6e2dea601e74bed24b4017350e1acf4569c/ui-text-desktop-1.10.3.jar:/home/elie-gambache/.gradle/caches/modules-2/files-2.1/org.jetbrains.compose.ui/ui-graphics-desktop/1.10.3/1fd5d0189d75eca10163a1f07842627519399337/ui-graphics-desktop-1.10.3.jar:/home/elie-gambache/.gradle/caches/modules-2/files-2.1/org.jetbrains.skiko/skiko-awt/0.9.37.4/fc7470cca1041a52b182a921205c5c224e7709ad/skiko-awt-0.9.37.4.jar:/home/elie-gambache/.gradle/caches/modules-2/files-2.1/org.jetbrains.compose.ui/ui-tooling-preview-desktop/1.10.3/6d464d6c6d654d45aecdfaff7a08d64af62217e2/ui-tooling-preview-desktop-1.10.3.jar:/home/elie-gambache/.gradle/caches/modules-2/files-2.1/org.jetbrains.compose.ui/ui-backhandler-desktop/1.10.3/ed725f86a0fdff73fb37561ffb606166725e4b6f/ui-backhandler-desktop-1.10.3.jar:/home/elie-gambache/.gradle/caches/modules-2/files-2.1/androidx.navigationevent/navigationevent-desktop/1.0.2/ddb1e7fe97ed51c3d35bba493f97fcf12398719/navigationevent-desktop-1.0.2.jar:/home/elie-gambache/.gradle/caches/modules-2/files-2.1/androidx.compose.runtime/runtime-annotation-jvm/1.10.5/ea491da34ba40ae9bd340c393566753ddfd95a76/runtime-annotation-jvm-1.10.5.jar:/home/elie-gambache/.gradle/caches/modules-2/files-2.1/androidx.compose.runtime/runtime-retain-desktop/1.10.5/879812e3cd2c6151f5d91f515a35952b1be07a76/runtime-retain-desktop-1.10.5.jar:/home/elie-gambache/.gradle/caches/modules-2/files-2.1/androidx.compose.runtime/runtime-saveable-desktop/1.10.5/f6903c683c07ba479659ba4eb55bc7c80a7c433e/runtime-saveable-desktop-1.10.5.jar:/home/elie-gambache/.gradle/caches/modules-2/files-2.1/org.jetbrains.compose.runtime/runtime-saveable-desktop/1.10.3/9b0e2a8ce3ae7d2b1a40307bc9271933b238cfd4/runtime-saveable-desktop-1.10.3.jar:/home/elie-gambache/.gradle/caches/modules-2/files-2.1/androidx.lifecycle/lifecycle-viewmodel-savedstate-desktop/2.10.0/ec55d21af7e860f55e1797163df33737473f211a/lifecycle-viewmodel-savedstate-desktop-2.10.0.jar:/home/elie-gambache/.gradle/caches/modules-2/files-2.1/androidx.lifecycle/lifecycle-viewmodel-desktop/2.10.0/8ff3a014a8c7e901085b76191cdbdfb4d9322cc2/lifecycle-viewmodel-desktop-2.10.0.jar:/home/elie-gambache/.gradle/caches/modules-2/files-2.1/androidx.lifecycle/lifecycle-runtime-desktop/2.10.0/fe39fe8e677652fd188c3cf1b1089a4c31bccd14/lifecycle-runtime-desktop-2.10.0.jar:/home/elie-gambache/.gradle/caches/modules-2/files-2.1/org.jetbrains.androidx.savedstate/savedstate-compose-desktop/1.3.6/63692375ffe667f12cb3ea8aa1e605d659ed2add/savedstate-compose-desktop-1.3.6.jar:/home/elie-gambache/.gradle/caches/modules-2/files-2.1/androidx.savedstate/savedstate-compose-desktop/1.4.0/d3d6e0e2108528eb6080dc250da925a572be4202/savedstate-compose-desktop-1.4.0.jar:/home/elie-gambache/.gradle/caches/modules-2/files-2.1/androidx.savedstate/savedstate-desktop/1.4.0/3b049a0f81643d6b4b900de95bc23efc085c32d5/savedstate-desktop-1.4.0.jar:/home/elie-gambache/.gradle/caches/modules-2/files-2.1/androidx.lifecycle/lifecycle-common-jvm/2.10.0/2b7a92c746f3339efc533a2da0024e596760f816/lifecycle-common-jvm-2.10.0.jar:/home/elie-gambache/.gradle/caches/modules-2/files-2.1/androidx.lifecycle/lifecycle-runtime-compose-desktop/2.10.0/c277d78d334495bc70c976007a6fddb4c39ff65c/lifecycle-runtime-compose-desktop-2.10.0.jar:/home/elie-gambache/.gradle/caches/modules-2/files-2.1/org.jetbrains.androidx.lifecycle/lifecycle-runtime-compose-desktop/2.10.0/7b6b6793f3c4c5996b20d1d99cf728e5fac00364/lifecycle-runtime-compose-desktop-2.10.0.jar:/home/elie-gambache/.gradle/caches/modules-2/files-2.1/org.jetbrains.compose.ui/ui-unit-desktop/1.10.3/aeeb2f31358ab5abf0bafa0828de2faba7189db5/ui-unit-desktop-1.10.3.jar:/home/elie-gambache/.gradle/caches/modules-2/files-2.1/org.jetbrains.compose.ui/ui-geometry-desktop/1.10.3/779ddaadbc03720f7bb2507f6ed6dc4ffc9e7f3e/ui-geometry-desktop-1.10.3.jar:/home/elie-gambache/.gradle/caches/modules-2/files-2.1/org.jetbrains.compose.runtime/runtime-desktop/1.10.3/edbd39fc9691f4ba1e29c6690341148db4272752/runtime-desktop-1.10.3.jar:/home/elie-gambache/.gradle/caches/modules-2/files-2.1/androidx.compose.runtime/runtime-desktop/1.10.5/b1705e2087f06395622b784aa88e2e738043459/runtime-desktop-1.10.5.jar:/home/elie-gambache/.gradle/caches/modules-2/files-2.1/org.jetbrains.kotlinx/kotlinx-coroutines-core-jvm/1.10.2/4a9f78ef49483748e2c129f3d124b8fa249dafbf/kotlinx-coroutines-core-jvm-1.10.2.jar:/home/elie-gambache/.gradle/caches/modules-2/files-2.1/org.jetbrains.kotlinx/kotlinx-coroutines-swing/1.10.2/ccb5a2e7c83fa76da0ba4677f05678d3bd3eed57/kotlinx-coroutines-swing-1.10.2.jar:/home/elie-gambache/.gradle/caches/modules-2/files-2.1/org.jetbrains.kotlin/kotlin-stdlib-jdk8/2.2.20/57c4d839a6e5ad105d61ffc5cc0bf4de649c1714/kotlin-stdlib-jdk8-2.2.20.jar:/home/elie-gambache/.gradle/caches/modules-2/files-2.1/com.squareup.okio/okio-jvm/3.9.1/79696e3f4ff05d41ba2b3dc68adb5808a2e5dc53/okio-jvm-3.9.1.jar:/home/elie-gambache/.gradle/caches/modules-2/files-2.1/org.jetbrains.compose.ui/ui-util-desktop/1.10.3/fe41825dccacb792ded7df579736a0ed919ee270/ui-util-desktop-1.10.3.jar:/home/elie-gambache/.gradle/caches/modules-2/files-2.1/org.jetbrains.kotlinx/atomicfu-jvm/0.23.2/a4601dc42dceb031a586058e8356ff778a57dea0/atomicfu-jvm-0.23.2.jar:/home/elie-gambache/.gradle/caches/modules-2/files-2.1/androidx.graphics/graphics-shapes-desktop/1.1.0/a5d2198960bdc0915f74c6b2954d3323f35f40ea/graphics-shapes-desktop-1.1.0.jar:/home/elie-gambache/.gradle/caches/modules-2/files-2.1/androidx.collection/collection-jvm/1.5.0/7ba2c69414d46ebc2dd76598bdd0a75c54281a57/collection-jvm-1.5.0.jar:/home/elie-gambache/.gradle/caches/modules-2/files-2.1/androidx.arch.core/core-common/2.2.0/5e1b8b81dfd5f52c56a8d53b18ca759c19a301f3/core-common-2.2.0.jar:/home/elie-gambache/.gradle/caches/modules-2/files-2.1/androidx.annotation/annotation-jvm/1.9.1/b17951747e38bf3986a24431b9ba0d039958aa5f/annotation-jvm-1.9.1.jar:/home/elie-gambache/.gradle/caches/modules-2/files-2.1/org.jetbrains.kotlinx/kotlinx-datetime-jvm/0.7.1/81c2e0246bd28cc2dcbdf0ab53628322e66a9de9/kotlinx-datetime-jvm-0.7.1.jar:/home/elie-gambache/.gradle/caches/modules-2/files-2.1/org.jetbrains.kotlinx/kotlinx-serialization-core-jvm/1.10.0/9400c03c056953bbbf30e861e63735c90e9eb320/kotlinx-serialization-core-jvm-1.10.0.jar:/home/elie-gambache/.gradle/caches/modules-2/files-2.1/org.jetbrains.kotlinx/kotlinx-io-core-jvm/0.9.0/7f7536f8f057ffc7f79375714e9730c4b8bdd7c9/kotlinx-io-core-jvm-0.9.0.jar:/home/elie-gambache/.gradle/caches/modules-2/files-2.1/org.jetbrains.kotlin/kotlin-stdlib-jdk7/2.2.20/bdbe3b5d872fa3b74d8fcd4e7ca3193f4abc9cc8/kotlin-stdlib-jdk7-2.2.20.jar:/home/elie-gambache/.gradle/caches/modules-2/files-2.1/org.jetbrains.kotlinx/kotlinx-io-bytestring-jvm/0.9.0/e73a7915234a8ea7954f32b715ef8e42b02f66a3/kotlinx-io-bytestring-jvm-0.9.0.jar:/home/elie-gambache/.gradle/caches/modules-2/files-2.1/org.jetbrains.kotlin/kotlin-stdlib/2.3.20/ed866de74ad3d49086a27bbd75952cd186479436/kotlin-stdlib-2.3.20.jar:/home/elie-gambache/.gradle/caches/modules-2/files-2.1/org.jetbrains/annotations/23.0.0/8cc20c07506ec18e0834947b84a864bfc094484e/annotations-23.0.0.jar:/home/elie-gambache/.gradle/caches/modules-2/files-2.1/net.java.dev.jna/jna-platform/5.18.1/dd817f391efc492041c9ae91127527c13750a789/jna-platform-5.18.1.jar:/home/elie-gambache/.gradle/caches/modules-2/files-2.1/net.java.dev.jna/jna/5.18.1/b27ba04287cc4abe769642fe8318d39fc89bf937/jna-5.18.1.jar:/home/elie-gambache/.gradle/caches/modules-2/files-2.1/org.jetbrains.runtime/jbr-api/1.5.0/4158e485a7a4ecfd521e03095d81e0225529e8d2/jbr-api-1.5.0.jar:/home/elie-gambache/.gradle/caches/modules-2/files-2.1/com.github.hypfvieh/dbus-java-transport-native-unixsocket/5.2.0/6ef0e26cd6b1c1cf8046e1cc0949821d29e4f487/dbus-java-transport-native-unixsocket-5.2.0.jar:/home/elie-gambache/.gradle/caches/modules-2/files-2.1/com.github.hypfvieh/dbus-java-core/5.2.0/32a76bec4c9e6576b6e049a90d8ad9384253e7f1/dbus-java-core-5.2.0.jar:/home/elie-gambache/.gradle/caches/modules-2/files-2.1/org.jspecify/jspecify/1.0.0/7425a601c1c7ec76645a78d22b8c6a627edee507/jspecify-1.0.0.jar:/home/elie-gambache/.gradle/caches/modules-2/files-2.1/org.slf4j/slf4j-api/2.0.17/d9e58ac9c7779ba3bf8142aff6c830617a7fe60f/slf4j-api-2.0.17.jar
Launcher Type: SUN_STANDARD

[Global flags]
     intx CICompilerCount                          = 12                                        {product} {ergonomic}
     uint ConcGCThreads                            = 4                                         {product} {ergonomic}
     uint G1ConcRefinementThreads                  = 15                                        {product} {ergonomic}
   size_t G1HeapRegionSize                         = 8388608                                   {product} {ergonomic}
    uintx GCDrainStackTargetSize                   = 64                                        {product} {ergonomic}
   size_t InitialHeapSize                          = 771751936                                 {product} {ergonomic}
   size_t MarkStackSize                            = 4194304                                   {product} {ergonomic}
   size_t MaxHeapSize                              = 12222201856                               {product} {ergonomic}
   size_t MaxNewSize                               = 7331643392                                {product} {ergonomic}
   size_t MinHeapDeltaBytes                        = 8388608                                   {product} {ergonomic}
   size_t MinHeapSize                              = 8388608                                   {product} {ergonomic}
    uintx NonNMethodCodeHeapSize                   = 7602480                                {pd product} {ergonomic}
    uintx NonProfiledCodeHeapSize                  = 122027880                              {pd product} {ergonomic}
    uintx ProfiledCodeHeapSize                     = 122027880                              {pd product} {ergonomic}
    uintx ReservedCodeCacheSize                    = 251658240                              {pd product} {ergonomic}
     bool SegmentedCodeCache                       = true                                      {product} {ergonomic}
   size_t SoftMaxHeapSize                          = 12222201856                            {manageable} {ergonomic}
     bool UseCompressedOops                        = true                           {product lp64_product} {ergonomic}
     bool UseG1GC                                  = true                                      {product} {ergonomic}

Logging:
Log output configuration:
 #0: stdout all=warning uptime,level,tags foldmultilines=false
 #1: stderr all=off uptime,level,tags foldmultilines=false

Environment Variables:
JAVA_HOME=/home/elie-gambache/.jdks/jbrsdk_jcef-21.0.8-1
PATH=/home/elie-gambache/.cargo/bin:/home/elie-gambache/.local/bin:/home/elie-gambache/.jdks/jbrsdk_jcef-21.0.8-1/bin:/usr/local/sbin:/usr/local/bin:/usr/sbin:/usr/bin:/sbin:/bin:/usr/games:/usr/local/games:/snap/bin:/home/elie-gambache/.local/share/JetBrains/Toolbox/scripts
USERNAME=elie-gambache
SHELL=/bin/bash
DISPLAY=:0
LANG=fr_FR.UTF-8
LC_NUMERIC=fr_FR.UTF-8
LC_TIME=fr_FR.UTF-8

Active Locale:
LC_ALL=fr_FR.UTF-8
LC_COLLATE=fr_FR.UTF-8
LC_CTYPE=fr_FR.UTF-8
LC_MESSAGES=fr_FR.UTF-8
LC_MONETARY=fr_FR.UTF-8
LC_NUMERIC=fr_FR.UTF-8
LC_TIME=fr_FR.UTF-8

Signal Handlers:
   SIGSEGV: crash_handler in libjvm.so, mask=11100100010111111101111111111110, flags=SA_RESTART|SA_SIGINFO, unblocked
    SIGBUS: crash_handler in libjvm.so, mask=11100100010111111101111111111110, flags=SA_RESTART|SA_SIGINFO, unblocked
    SIGFPE: crash_handler in libjvm.so, mask=11100100010111111101111111111110, flags=SA_RESTART|SA_SIGINFO, unblocked
   SIGPIPE: SIG_IGN, mask=00000000000010000000000000000000, flags=SA_RESTART, blocked
  *** Handler was modified!
  *** Expected: javaSignalHandler in libjvm.so, mask=11100100110111111111111111111110, flags=SA_RESTART|SA_SIGINFO
   SIGXFSZ: javaSignalHandler in libjvm.so, mask=11100100010111111101111111111110, flags=SA_RESTART|SA_SIGINFO, blocked
    SIGILL: crash_handler in libjvm.so, mask=11100100010111111101111111111110, flags=SA_RESTART|SA_SIGINFO, unblocked
   SIGUSR2: SR_handler in libjvm.so, mask=00000000000000000000000000000000, flags=SA_RESTART|SA_SIGINFO, blocked
    SIGHUP: UserHandler in libjvm.so, mask=11100100010111111101111111111110, flags=SA_RESTART|SA_SIGINFO, blocked
    SIGINT: UserHandler in libjvm.so, mask=11100100010111111101111111111110, flags=SA_RESTART|SA_SIGINFO, blocked
   SIGTERM: UserHandler in libjvm.so, mask=11100100010111111101111111111110, flags=SA_RESTART|SA_SIGINFO, blocked
   SIGQUIT: UserHandler in libjvm.so, mask=11100100010111111101111111111110, flags=SA_RESTART|SA_SIGINFO, blocked
   SIGTRAP: crash_handler in libjvm.so, mask=11100100010111111101111111111110, flags=SA_RESTART|SA_SIGINFO, unblocked


Periodic native trim disabled

JNI global refs:
JNI global refs: 131, weak refs: 9

JNI global refs memory usage: 2123, weak refs: 857

Process memory usage:
Resident Set Size: 366384K (0% of 47728268K total physical memory with 25904628K free physical memory)

OOME stack traces (most recent first):
Classloader memory used:
Loader jdk.internal.loader.ClassLoaders$AppClassLoader                                 : 23522K
Loader bootstrap                                                                       : 10549K
Loader jdk.internal.loader.ClassLoaders$PlatformClassLoader                            : 13936B

---------------  S Y S T E M  ---------------

OS:
DISTRIB_ID=Ubuntu
DISTRIB_RELEASE=25.10
DISTRIB_CODENAME=questing
DISTRIB_DESCRIPTION="Ubuntu 25.10"
uname: Linux 6.17.0-22-generic #22-Ubuntu SMP PREEMPT_DYNAMIC Fri Mar 13 12:04:44 UTC 2026 x86_64
OS uptime: 0 days 0:42 hours
libc: glibc 2.42 NPTL 2.42 
rlimit (soft/hard): STACK 8192k/infinity , CORE 0k/infinity , NPROC 185320/185320 , NOFILE 524288/524288 , AS infinity/infinity , CPU infinity/infinity , DATA infinity/infinity , FSIZE infinity/infinity , MEMLOCK 8192k/8192k
load average: 6,20 5,25 3,10

/proc/meminfo:
MemTotal:       47728268 kB
MemFree:         5702848 kB
MemAvailable:   25904224 kB
Buffers:         2175340 kB
Cached:         17842416 kB
SwapCached:            0 kB
Active:         26791496 kB
Inactive:       12189604 kB
Active(anon):   19363256 kB
Inactive(anon):        0 kB
Active(file):    7428240 kB
Inactive(file): 12189604 kB
Unevictable:         224 kB
Mlocked:             224 kB
SwapTotal:       8388604 kB
SwapFree:        8388604 kB
Zswap:                 0 kB
Zswapped:              0 kB
Dirty:            275632 kB
Writeback:             0 kB
AnonPages:      18964664 kB
Mapped:          4977004 kB
Shmem:            400200 kB
KReclaimable:    1172956 kB
Slab:            1666900 kB
SReclaimable:    1172956 kB
SUnreclaim:       493944 kB
KernelStack:       49408 kB
PageTables:       132736 kB
SecPageTables:         0 kB
NFS_Unstable:          0 kB
Bounce:                0 kB
WritebackTmp:          0 kB
CommitLimit:    32252736 kB
Committed_AS:   51754864 kB
VmallocTotal:   34359738367 kB
VmallocUsed:      157396 kB
VmallocChunk:          0 kB
Percpu:            22320 kB
HardwareCorrupted:     0 kB
AnonHugePages:         0 kB
ShmemHugePages:        0 kB
ShmemPmdMapped:        0 kB
FileHugePages:     61440 kB
FilePmdMapped:      2048 kB
CmaTotal:              0 kB
CmaFree:               0 kB
Unaccepted:            0 kB
Balloon:               0 kB
HugePages_Total:       0
HugePages_Free:        0
HugePages_Rsvd:        0
HugePages_Surp:        0
Hugepagesize:       2048 kB
Hugetlb:               0 kB
DirectMap4k:     1337144 kB
DirectMap2M:    42414080 kB
DirectMap1G:     6291456 kB

/sys/kernel/mm/transparent_hugepage/enabled: always [madvise] never
/sys/kernel/mm/transparent_hugepage/hpage_pmd_size: 2097152
/sys/kernel/mm/transparent_hugepage/defrag (defrag/compaction efforts parameter): always defer defer+madvise [madvise] never

Process Memory:
Virtual Size: 18124632K (peak: 18182980K)
Resident Set Size: 366692K (peak: 366692K) (anon: 254900K, file: 111752K, shmem: 40K)
Swapped out: 0K
C-Heap outstanding allocations: 89503K, retained: 58668K
glibc malloc tunables: (default)

/proc/sys/kernel/threads-max (system-wide limit on the number of threads): 370641
/proc/sys/vm/max_map_count (maximum number of memory map areas a process may have): 1048576
/proc/sys/vm/swappiness (control to define how aggressively the kernel swaps out anonymous memory): 60
/proc/sys/kernel/pid_max (system-wide limit on number of process identifiers): 4194304

container information not found.
Steal ticks since vm start: 0
Steal ticks percentage since vm start:  0,000

CPU: total 20 (initial active 20) (20 cores per cpu, 1 threads per core) family 6 model 183 stepping 1 microcode 0x133, cx8, cmov, fxsr, mmx, 3dnowpref, sse, sse2, sse3, ssse3, sse4.1, sse4.2, popcnt, lzcnt, tsc, tscinvbit, avx, avx2, aes, erms, clmul, bmi1, bmi2, adx, sha, fma, vzeroupper, clflush, clflushopt, clwb, serialize, rdtscp, rdpid, fsrm, f16c, pku, ospke, cet_ibt, cet_ss
CPU Model and flags from /proc/cpuinfo:
model name	: Intel(R) Core(TM) i5-14600
flags		: fpu vme de pse tsc msr pae mce cx8 apic sep mtrr pge mca cmov pat pse36 clflush dts acpi mmx fxsr sse sse2 ss ht tm pbe syscall nx pdpe1gb rdtscp lm constant_tsc art arch_perfmon pebs bts rep_good nopl xtopology nonstop_tsc cpuid aperfmperf tsc_known_freq pni pclmulqdq dtes64 monitor ds_cpl vmx smx est tm2 ssse3 sdbg fma cx16 xtpr pdcm pcid sse4_1 sse4_2 x2apic movbe popcnt tsc_deadline_timer aes xsave avx f16c rdrand lahf_lm abm 3dnowprefetch cpuid_fault epb ssbd ibrs ibpb stibp ibrs_enhanced tpr_shadow flexpriority ept vpid ept_ad fsgsbase tsc_adjust bmi1 avx2 smep bmi2 erms invpcid rdseed adx smap clflushopt clwb intel_pt sha_ni xsaveopt xsavec xgetbv1 xsaves split_lock_detect user_shstk avx_vnni dtherm ida arat pln pts hwp hwp_notify hwp_act_window hwp_epp hwp_pkg_req hfi vnmi umip pku ospke waitpkg gfni vaes vpclmulqdq rdpid movdiri movdir64b fsrm md_clear serialize pconfig arch_lbr ibt flush_l1d arch_capabilities

Online cpus: 0-19
Offline cpus: 
BIOS frequency limitation: <Not Available>
Frequency switch latency (ns): 0
Available cpu frequencies: <Not Available>
Current governor: powersave
Core performance/turbo boost: <Not Available>

Memory: 4k page, physical 47728268k(25904224k free), swap 8388604k(8388604k free)
Page Sizes: 4k

vm_info: OpenJDK 64-Bit Server VM (21.0.8+9-b1097.42) for linux-amd64 JRE (21.0.8+9-b1097.42), built on 2025-08-30 by "builduser" with gcc 10.3.1 20210422 (Red Hat 10.3.1-1.2.0.1)

END.
